solid OpenSCAD_Model
  facet normal 0 0 -1
    outer loop
      vertex 51.4885 12.1529 0
      vertex 48.6885 12.1529 0
      vertex 48.7497 12.7351 0
    endloop
  endfacet
  facet normal 0 0 -1
    outer loop
      vertex 41.3572 30.2084 0
      vertex 44.1243 31.7915 0
      vertex 44.1572 30.2084 0
    endloop
  endfacet
  facet normal 0 0 -1
    outer loop
      vertex 44.1243 31.7915 0
      vertex 41.3243 31.7915 0
      vertex 44.0183 33.2899 0
    endloop
  endfacet
  facet normal 0 0 -1
    outer loop
      vertex 41.2183 33.2899 0
      vertex 44.0183 33.2899 0
      vertex 41.3243 31.7915 0
    endloop
  endfacet
  facet normal 0 0 -1
    outer loop
      vertex 41.3572 30.2084 0
      vertex 44.1572 30.2084 0
      vertex 43.7493 23.2193 0
    endloop
  endfacet
  facet normal 0 0 -1
    outer loop
      vertex 40.9493 23.2193 0
      vertex 43.7493 23.2193 0
      vertex 43.6881 22.6371 0
    endloop
  endfacet
  facet normal -0 0 -1
    outer loop
      vertex 44.1243 31.7915 0
      vertex 41.3572 30.2084 0
      vertex 41.3243 31.7915 0
    endloop
  endfacet
  facet normal 0 0 -1
    outer loop
      vertex 44.0183 33.2899 0
      vertex 41.2183 33.2899 0
      vertex 43.9571 33.872 0
    endloop
  endfacet
  facet normal 0 0 -1
    outer loop
      vertex 41.0291 34.6712 0
      vertex 43.9571 33.872 0
      vertex 41.2183 33.2899 0
    endloop
  endfacet
  facet normal 0 0 -1
    outer loop
      vertex 40.0516 15.7551 0
      vertex 43.6881 22.6371 0
      vertex 42.7904 15.1729 0
    endloop
  endfacet
  facet normal 0 0 -1
    outer loop
      vertex 43.9571 33.872 0
      vertex 41.0291 34.6712 0
      vertex 43.7679 35.2534 0
    endloop
  endfacet
  facet normal 0 0 -1
    outer loop
      vertex 39.1541 8.69453 0
      vertex 42.7904 15.1729 0
      vertex 41.938 8.46769 0
    endloop
  endfacet
  facet normal -0 0 -1
    outer loop
      vertex 43.7679 35.2534 0
      vertex 41.0291 34.6712 0
      vertex 43.4848 36.4851 0
    endloop
  endfacet
  facet normal 0 0 -1
    outer loop
      vertex 39.1541 8.69453 0
      vertex 41.938 8.46769 0
      vertex 41.546 2.91649 0
    endloop
  endfacet
  facet normal 0 0 -1
    outer loop
      vertex 40.746 35.9029 0
      vertex 43.4848 36.4851 0
      vertex 41.0291 34.6712 0
    endloop
  endfacet
  facet normal 0 0 -1
    outer loop
      vertex 40.2565 37.0617 0
      vertex 43.304 37.0418 0
      vertex 40.746 35.9029 0
    endloop
  endfacet
  facet normal 0 0 -1
    outer loop
      vertex 43.304 37.0418 0
      vertex 40.2565 37.0617 0
      vertex 42.8145 38.2006 0
    endloop
  endfacet
  facet normal -0 0 -1
    outer loop
      vertex 42.8145 38.2006 0
      vertex 40.2565 37.0617 0
      vertex 42.5218 38.7075 0
    endloop
  endfacet
  facet normal -0 0 -1
    outer loop
      vertex 42.5218 38.7075 0
      vertex 40.2565 37.0617 0
      vertex 41.7614 39.6319 0
    endloop
  endfacet
  facet normal 0 0 -1
    outer loop
      vertex 39.4962 37.9861 0
      vertex 41.7614 39.6319 0
      vertex 40.2565 37.0617 0
    endloop
  endfacet
  facet normal -0 0 -1
    outer loop
      vertex 41.7614 39.6319 0
      vertex 39.4962 37.9861 0
      vertex 41.3697 40.0669 0
    endloop
  endfacet
  facet normal -0 0 -1
    outer loop
      vertex 41.3697 40.0669 0
      vertex 39.4962 37.9861 0
      vertex 40.8962 40.411 0
    endloop
  endfacet
  facet normal 0 0 -1
    outer loop
      vertex 38.5275 38.5981 0
      vertex 40.8962 40.411 0
      vertex 39.4962 37.9861 0
    endloop
  endfacet
  facet normal -0 0 -1
    outer loop
      vertex 40.8962 40.411 0
      vertex 38.5275 38.5981 0
      vertex 39.9275 41.023 0
    endloop
  endfacet
  facet normal -0 0 -1
    outer loop
      vertex 39.9275 41.023 0
      vertex 38.5275 38.5981 0
      vertex 39.3927 41.2611 0
    endloop
  endfacet
  facet normal -0 0 -1
    outer loop
      vertex 39.3927 41.2611 0
      vertex 38.5275 38.5981 0
      vertex 38.8201 41.3828 0
    endloop
  endfacet
  facet normal 0 0 -1
    outer loop
      vertex 37.4128 38.8194 0
      vertex 38.8201 41.3828 0
      vertex 38.5275 38.5981 0
    endloop
  endfacet
  facet normal -0 0 -1
    outer loop
      vertex 38.8201 41.3828 0
      vertex 37.4128 38.8194 0
      vertex 37.7055 41.6041 0
    endloop
  endfacet
  facet normal 0 0 -1
    outer loop
      vertex 37.4128 38.8194 0
      vertex 37.1202 41.6041 0
      vertex 37.7055 41.6041 0
    endloop
  endfacet
  facet normal 0 0 -1
    outer loop
      vertex 37.4128 38.8194 0
      vertex 36.5476 41.4824 0
      vertex 37.1202 41.6041 0
    endloop
  endfacet
  facet normal 0 0 -1
    outer loop
      vertex 36.2592 38.571 0
      vertex 36.5476 41.4824 0
      vertex 37.4128 38.8194 0
    endloop
  endfacet
  facet normal 0 0 -1
    outer loop
      vertex 36.2592 38.571 0
      vertex 35.394 41.234 0
      vertex 36.5476 41.4824 0
    endloop
  endfacet
  facet normal 0 0 -1
    outer loop
      vertex 33.7003 40.194 0
      vertex 36.2592 38.571 0
      vertex 35.1003 37.7691 0
    endloop
  endfacet
  facet normal 0 0 -1
    outer loop
      vertex 36.2592 38.571 0
      vertex 34.8592 40.9959 0
      vertex 35.394 41.234 0
    endloop
  endfacet
  facet normal 0 0 -1
    outer loop
      vertex 32.835 39.4149 0
      vertex 35.1003 37.7691 0
      vertex 34.0144 36.3291 0
    endloop
  endfacet
  facet normal 0 0 -1
    outer loop
      vertex 36.2592 38.571 0
      vertex 33.7003 40.194 0
      vertex 34.8592 40.9959 0
    endloop
  endfacet
  facet normal 0 0 -1
    outer loop
      vertex 35.1003 37.7691 0
      vertex 33.2267 39.8499 0
      vertex 33.7003 40.194 0
    endloop
  endfacet
  facet normal 0 0 -1
    outer loop
      vertex 30.5217 35.3054 0
      vertex 34.0144 36.3291 0
      vertex 33.0797 34.1665 0
    endloop
  endfacet
  facet normal 0 0 -1
    outer loop
      vertex 35.1003 37.7691 0
      vertex 32.835 39.4149 0
      vertex 33.2267 39.8499 0
    endloop
  endfacet
  facet normal 0 0 -1
    outer loop
      vertex 30.3408 34.7486 0
      vertex 33.0797 34.1665 0
      vertex 32.5536 32.1668 0
    endloop
  endfacet
  facet normal 0 0 -1
    outer loop
      vertex 29.0908 28.5421 0
      vertex 32.5536 32.1668 0
      vertex 31.8296 27.96 0
    endloop
  endfacet
  facet normal 0 0 -1
    outer loop
      vertex 34.0144 36.3291 0
      vertex 31.7492 37.9749 0
      vertex 32.835 39.4149 0
    endloop
  endfacet
  facet normal 0 0 -1
    outer loop
      vertex 34.0144 36.3291 0
      vertex 31.4565 37.468 0
      vertex 31.7492 37.9749 0
    endloop
  endfacet
  facet normal 0 0 -1
    outer loop
      vertex 28.4501 22.7857 0
      vertex 31.8296 27.96 0
      vertex 31.1889 22.2036 0
    endloop
  endfacet
  facet normal 0 0 -1
    outer loop
      vertex 28.2928 19.8882 0
      vertex 31.1889 22.2036 0
      vertex 31.0764 19.4933 0
    endloop
  endfacet
  facet normal 0 0 -1
    outer loop
      vertex 32.5536 32.1668 0
      vertex 29.8148 32.749 0
      vertex 30.3408 34.7486 0
    endloop
  endfacet
  facet normal -0 0 -1
    outer loop
      vertex 34.0144 36.3291 0
      vertex 30.5217 35.3054 0
      vertex 31.4565 37.468 0
    endloop
  endfacet
  facet normal 0 0 -1
    outer loop
      vertex 28.2928 19.8882 0
      vertex 31.0764 19.4933 0
      vertex 30.1407 15.5815 0
    endloop
  endfacet
  facet normal 0 0 -1
    outer loop
      vertex 33.0797 34.1665 0
      vertex 30.3408 34.7486 0
      vertex 30.5217 35.3054 0
    endloop
  endfacet
  facet normal -0 0 -1
    outer loop
      vertex 32.5536 32.1668 0
      vertex 29.0908 28.5421 0
      vertex 29.8148 32.749 0
    endloop
  endfacet
  facet normal -0 0 -1
    outer loop
      vertex 31.8296 27.96 0
      vertex 28.4501 22.7857 0
      vertex 29.0908 28.5421 0
    endloop
  endfacet
  facet normal 0 0 -1
    outer loop
      vertex 31.1889 22.2036 0
      vertex 28.3889 22.2036 0
      vertex 28.4501 22.7857 0
    endloop
  endfacet
  facet normal -0 0 -1
    outer loop
      vertex 31.1889 22.2036 0
      vertex 28.2928 19.8882 0
      vertex 28.3889 22.2036 0
    endloop
  endfacet
  facet normal 0 0 -1
    outer loop
      vertex 30.1407 15.5815 0
      vertex 27.48 16.4903 0
      vertex 28.2928 19.8882 0
    endloop
  endfacet
  facet normal 0 0 -1
    outer loop
      vertex 24.3457 9.47215 0
      vertex 30.1407 15.5815 0
      vertex 26.764 8.02063 0
    endloop
  endfacet
  facet normal -0 0 -1
    outer loop
      vertex 30.1407 15.5815 0
      vertex 24.3457 9.47215 0
      vertex 27.48 16.4903 0
    endloop
  endfacet
  facet normal 0 0 -1
    outer loop
      vertex 20.6299 4.75524 0
      vertex 26.764 8.02063 0
      vertex 22.408 2.49107 0
    endloop
  endfacet
  facet normal -0 0 -1
    outer loop
      vertex 26.764 8.02063 0
      vertex 20.6299 4.75524 0
      vertex 24.3457 9.47215 0
    endloop
  endfacet
  facet normal 0 0 -1
    outer loop
      vertex 17.1434 3.23213 0
      vertex 22.408 2.49107 0
      vertex 17.5 0.346985 0
    endloop
  endfacet
  facet normal 0 0 -1
    outer loop
      vertex 22.408 2.49107 0
      vertex 17.1434 3.23213 0
      vertex 20.6299 4.75524 0
    endloop
  endfacet
  facet normal 0 0 -1
    outer loop
      vertex 15.9504 0.586777 0
      vertex 17.1434 3.23213 0
      vertex 17.5 0.346985 0
    endloop
  endfacet
  facet normal -0 0 -1
    outer loop
      vertex 17.1434 3.23213 0
      vertex 15.9504 0.586777 0
      vertex 16.7651 3.29066 0
    endloop
  endfacet
  facet normal 0 0 -1
    outer loop
      vertex 14.3957 1.3279 0
      vertex 16.7651 3.29066 0
      vertex 15.9504 0.586777 0
    endloop
  endfacet
  facet normal -0 0 -1
    outer loop
      vertex 16.7651 3.29066 0
      vertex 14.3957 1.3279 0
      vertex 15.9302 3.68865 0
    endloop
  endfacet
  facet normal 0 0 -1
    outer loop
      vertex 12.8514 2.60292 0
      vertex 15.9302 3.68865 0
      vertex 14.3957 1.3279 0
    endloop
  endfacet
  facet normal -0 0 -1
    outer loop
      vertex 15.9302 3.68865 0
      vertex 12.8514 2.60292 0
      vertex 14.8285 4.59829 0
    endloop
  endfacet
  facet normal -0 0 -1
    outer loop
      vertex 14.8285 4.59829 0
      vertex 12.8514 2.60292 0
      vertex 13.6763 5.99583 0
    endloop
  endfacet
  facet normal 0 0 -1
    outer loop
      vertex 11.3332 4.44443 0
      vertex 13.6763 5.99583 0
      vertex 12.8514 2.60292 0
    endloop
  endfacet
  facet normal 0 0 -1
    outer loop
      vertex 10.6042 5.84419 0
      vertex 13.6763 5.99583 0
      vertex 11.3332 4.44443 0
    endloop
  endfacet
  facet normal -0 0 -1
    outer loop
      vertex 13.6763 5.99583 0
      vertex 10.6042 5.84419 0
      vertex 13.1621 6.98305 0
    endloop
  endfacet
  facet normal -0 0 -1
    outer loop
      vertex 13.1621 6.98305 0
      vertex 10.6042 5.84419 0
      vertex 12.7978 8.00789 0
    endloop
  endfacet
  facet normal 0 0 -1
    outer loop
      vertex 10.0834 7.30911 0
      vertex 12.7978 8.00789 0
      vertex 10.6042 5.84419 0
    endloop
  endfacet
  facet normal -0 0 -1
    outer loop
      vertex 12.7978 8.00789 0
      vertex 10.0834 7.30911 0
      vertex 12.5401 9.23736 0
    endloop
  endfacet
  facet normal 0 0 -1
    outer loop
      vertex 9.77094 8.80005 0
      vertex 12.5401 9.23736 0
      vertex 10.0834 7.30911 0
    endloop
  endfacet
  facet normal 0 0 -1
    outer loop
      vertex 12.4729 10.1906 0
      vertex 10.1051 13.4985 0
      vertex 11.3404 16.4584 0
    endloop
  endfacet
  facet normal -0 0 -1
    outer loop
      vertex 12.5401 9.23736 0
      vertex 9.77094 8.80005 0
      vertex 12.4729 10.1906 0
    endloop
  endfacet
  facet normal 0 0 -1
    outer loop
      vertex 9.66675 10.2779 0
      vertex 12.4729 10.1906 0
      vertex 9.77094 8.80005 0
    endloop
  endfacet
  facet normal 0 0 -1
    outer loop
      vertex 12.4729 10.1906 0
      vertex 9.66675 10.2779 0
      vertex 10.1051 13.4985 0
    endloop
  endfacet
  facet normal 0 0 -1
    outer loop
      vertex 16.8332 23.0555 0
      vertex 19.6332 23.0555 0
      vertex 19.572 22.4733 0
    endloop
  endfacet
  facet normal 0 0 -1
    outer loop
      vertex 19.6332 23.0555 0
      vertex 16.8332 23.0555 0
      vertex 19.572 23.6376 0
    endloop
  endfacet
  facet normal 0 0 -1
    outer loop
      vertex 16.7377 22.2971 0
      vertex 19.572 22.4733 0
      vertex 19.4765 21.7149 0
    endloop
  endfacet
  facet normal 0 0 -1
    outer loop
      vertex 16.7664 23.6859 0
      vertex 19.572 23.6376 0
      vertex 16.8332 23.0555 0
    endloop
  endfacet
  facet normal 0 0 -1
    outer loop
      vertex 16.7377 22.2971 0
      vertex 19.4765 21.7149 0
      vertex 19.2956 21.1582 0
    endloop
  endfacet
  facet normal 0 0 -1
    outer loop
      vertex 19.572 23.6376 0
      vertex 16.7664 23.6859 0
      vertex 19.5052 24.2681 0
    endloop
  endfacet
  facet normal 0 0 -1
    outer loop
      vertex 16.486 21.6232 0
      vertex 19.2956 21.1582 0
      vertex 19.0439 20.4844 0
    endloop
  endfacet
  facet normal -0 0 -1
    outer loop
      vertex 19.5052 24.2681 0
      vertex 16.7664 23.6859 0
      vertex 19.3243 24.8248 0
    endloop
  endfacet
  facet normal 0 0 -1
    outer loop
      vertex 16.486 21.6232 0
      vertex 19.0439 20.4844 0
      vertex 18.7512 19.9774 0
    endloop
  endfacet
  facet normal 0 0 -1
    outer loop
      vertex 16.5485 24.2969 0
      vertex 19.3243 24.8248 0
      vertex 16.7664 23.6859 0
    endloop
  endfacet
  facet normal 0 0 -1
    outer loop
      vertex 16.1301 21.0926 0
      vertex 18.7512 19.9774 0
      vertex 18.3954 19.4468 0
    endloop
  endfacet
  facet normal -0 0 -1
    outer loop
      vertex 19.3243 24.8248 0
      vertex 16.5485 24.2969 0
      vertex 19.1064 25.4357 0
    endloop
  endfacet
  facet normal 0 0 -1
    outer loop
      vertex 16.1301 21.0926 0
      vertex 18.3954 19.4468 0
      vertex 18.0037 19.0118 0
    endloop
  endfacet
  facet normal 0 0 -1
    outer loop
      vertex 16.1301 21.0926 0
      vertex 18.0037 19.0118 0
      vertex 17.5959 18.6831 0
    endloop
  endfacet
  facet normal -0 0 -1
    outer loop
      vertex 19.1064 25.4357 0
      vertex 16.5485 24.2969 0
      vertex 18.8138 25.9427 0
    endloop
  endfacet
  facet normal -0 0 -1
    outer loop
      vertex 18.8138 25.9427 0
      vertex 16.5485 24.2969 0
      vertex 18.4189 26.4885 0
    endloop
  endfacet
  facet normal 0 0 -1
    outer loop
      vertex 16.1536 24.8427 0
      vertex 18.4189 26.4885 0
      vertex 16.5485 24.2969 0
    endloop
  endfacet
  facet normal -0 0 -1
    outer loop
      vertex 19.572 22.4733 0
      vertex 16.7377 22.2971 0
      vertex 16.8332 23.0555 0
    endloop
  endfacet
  facet normal 0 0 -1
    outer loop
      vertex 19.2956 21.1582 0
      vertex 16.486 21.6232 0
      vertex 16.7377 22.2971 0
    endloop
  endfacet
  facet normal 0 0 -1
    outer loop
      vertex 18.7512 19.9774 0
      vertex 16.1301 21.0926 0
      vertex 16.486 21.6232 0
    endloop
  endfacet
  facet normal 0 0 -1
    outer loop
      vertex 17.5959 18.6831 0
      vertex 15.7224 20.7639 0
      vertex 16.1301 21.0926 0
    endloop
  endfacet
  facet normal 0 0 -1
    outer loop
      vertex 15.2587 16.9662 0
      vertex 15.7224 20.7639 0
      vertex 17.5959 18.6831 0
    endloop
  endfacet
  facet normal 0 0 -1
    outer loop
      vertex 13.2527 18.9497 0
      vertex 15.2587 16.9662 0
      vertex 13.7834 15.0442 0
    endloop
  endfacet
  facet normal 0 0 -1
    outer loop
      vertex 15.2587 16.9662 0
      vertex 13.2527 18.9497 0
      vertex 15.7224 20.7639 0
    endloop
  endfacet
  facet normal 0 0 -1
    outer loop
      vertex 11.3404 16.4584 0
      vertex 13.7834 15.0442 0
      vertex 12.819 12.7334 0
    endloop
  endfacet
  facet normal 0 0 -1
    outer loop
      vertex 11.3404 16.4584 0
      vertex 12.819 12.7334 0
      vertex 12.4729 10.1906 0
    endloop
  endfacet
  facet normal 0 0 -1
    outer loop
      vertex 13.7834 15.0442 0
      vertex 11.3404 16.4584 0
      vertex 13.2527 18.9497 0
    endloop
  endfacet
  facet normal -0 0 -1
    outer loop
      vertex 18.4189 26.4885 0
      vertex 16.1536 24.8427 0
      vertex 18.0272 26.9235 0
    endloop
  endfacet
  facet normal -0 0 -1
    outer loop
      vertex 18.0272 26.9235 0
      vertex 16.1536 24.8427 0
      vertex 17.4645 27.333 0
    endloop
  endfacet
  facet normal 0 0 -1
    outer loop
      vertex 15.5555 25.2779 0
      vertex 17.4645 27.333 0
      vertex 16.1536 24.8427 0
    endloop
  endfacet
  facet normal 0 0 -1
    outer loop
      vertex 15.2952 25.5807 0
      vertex 17.4645 27.333 0
      vertex 15.5555 25.2779 0
    endloop
  endfacet
  facet normal -0 0 -1
    outer loop
      vertex 17.4645 27.333 0
      vertex 15.2952 25.5807 0
      vertex 17.1687 27.6615 0
    endloop
  endfacet
  facet normal -0 0 -1
    outer loop
      vertex 17.1687 27.6615 0
      vertex 15.2952 25.5807 0
      vertex 16.6952 28.0055 0
    endloop
  endfacet
  facet normal 0 0 -1
    outer loop
      vertex 15.0139 25.7727 0
      vertex 16.6952 28.0055 0
      vertex 15.2952 25.5807 0
    endloop
  endfacet
  facet normal -0 0 -1
    outer loop
      vertex 16.6952 28.0055 0
      vertex 15.0139 25.7727 0
      vertex 16.4139 28.1976 0
    endloop
  endfacet
  facet normal -0 0 -1
    outer loop
      vertex 16.4139 28.1976 0
      vertex 15.0139 25.7727 0
      vertex 15.8791 28.4357 0
    endloop
  endfacet
  facet normal 0 0 -1
    outer loop
      vertex 14.7117 25.8736 0
      vertex 15.8791 28.4357 0
      vertex 15.0139 25.7727 0
    endloop
  endfacet
  facet normal -0 0 -1
    outer loop
      vertex 15.8791 28.4357 0
      vertex 14.7117 25.8736 0
      vertex 15.577 28.5366 0
    endloop
  endfacet
  facet normal -0 0 -1
    outer loop
      vertex 15.577 28.5366 0
      vertex 14.7117 25.8736 0
      vertex 15.0044 28.6583 0
    endloop
  endfacet
  facet normal 0 0 -1
    outer loop
      vertex 14.7117 25.8736 0
      vertex 14.6815 28.6876 0
      vertex 15.0044 28.6583 0
    endloop
  endfacet
  facet normal 0 0 -1
    outer loop
      vertex 14.3888 25.9029 0
      vertex 14.6815 28.6876 0
      vertex 14.7117 25.8736 0
    endloop
  endfacet
  facet normal 0 0 -1
    outer loop
      vertex 14.3888 25.9029 0
      vertex 14.0961 28.6876 0
      vertex 14.6815 28.6876 0
    endloop
  endfacet
  facet normal 0 0 -1
    outer loop
      vertex 14.3888 25.9029 0
      vertex 13.5235 28.5659 0
      vertex 14.0961 28.6876 0
    endloop
  endfacet
  facet normal 0 0 -1
    outer loop
      vertex 13.098 25.5123 0
      vertex 13.5235 28.5659 0
      vertex 14.3888 25.9029 0
    endloop
  endfacet
  facet normal 0 0 -1
    outer loop
      vertex 13.098 25.5123 0
      vertex 12.2327 28.1753 0
      vertex 13.5235 28.5659 0
    endloop
  endfacet
  facet normal 0 0 -1
    outer loop
      vertex 13.098 25.5123 0
      vertex 11.698 27.9372 0
      vertex 12.2327 28.1753 0
    endloop
  endfacet
  facet normal 0 0 -1
    outer loop
      vertex 11.6041 24.6529 0
      vertex 11.698 27.9372 0
      vertex 13.098 25.5123 0
    endloop
  endfacet
  facet normal 0 0 -1
    outer loop
      vertex 11.6041 24.6529 0
      vertex 10.2041 27.0778 0
      vertex 11.698 27.9372 0
    endloop
  endfacet
  facet normal 0 0 -1
    outer loop
      vertex 9.69507 26.8093 0
      vertex 11.6041 24.6529 0
      vertex 9.97473 23.7936 0
    endloop
  endfacet
  facet normal 0 0 -1
    outer loop
      vertex 11.6041 24.6529 0
      vertex 9.69507 26.8093 0
      vertex 10.2041 27.0778 0
    endloop
  endfacet
  facet normal 0 0 -1
    outer loop
      vertex 7.15277 24.4704 0
      vertex 9.97473 23.7936 0
      vertex 8.27759 23.4029 0
    endloop
  endfacet
  facet normal 0 0 -1
    outer loop
      vertex 9.97473 23.7936 0
      vertex 7.15277 24.4704 0
      vertex 9.69507 26.8093 0
    endloop
  endfacet
  facet normal 0 0 -1
    outer loop
      vertex 9.69045 26.9089 0
      vertex 6.88879 26.9444 0
      vertex 10.3177 32.3649 0
    endloop
  endfacet
  facet normal 0 0 -1
    outer loop
      vertex 7.49829 23.7315 0
      vertex 8.27759 23.4029 0
      vertex 8 23.4029 0
    endloop
  endfacet
  facet normal 0 0 -1
    outer loop
      vertex 10.3177 32.3649 0
      vertex 7.57892 32.947 0
      vertex 9.53473 39.6526 0
    endloop
  endfacet
  facet normal 0 0 -1
    outer loop
      vertex 8.27759 23.4029 0
      vertex 7.49829 23.7315 0
      vertex 7.15277 24.4704 0
    endloop
  endfacet
  facet normal 0 0 -1
    outer loop
      vertex 9.69507 26.8093 0
      vertex 7.15277 24.4704 0
      vertex 6.95306 25.5609 0
    endloop
  endfacet
  facet normal -0 0 -1
    outer loop
      vertex 9.69507 26.8093 0
      vertex 6.95306 25.5609 0
      vertex 6.88879 26.9444 0
    endloop
  endfacet
  facet normal -0 0 -1
    outer loop
      vertex 10.3177 32.3649 0
      vertex 6.88879 26.9444 0
      vertex 7.57892 32.947 0
    endloop
  endfacet
  facet normal 0 0 -1
    outer loop
      vertex 26.1793 43.7119 0
      vertex 23.3793 43.7119 0
      vertex 23.5555 45.4165 0
    endloop
  endfacet
  facet normal 0 0 -1
    outer loop
      vertex 24.3557 38.9556 0
      vertex 22.8125 41.9358 0
      vertex 23.3793 43.7119 0
    endloop
  endfacet
  facet normal 0 0 -1
    outer loop
      vertex 21.7977 40.0945 0
      vertex 24.063 38.4487 0
      vertex 22.5428 36.5486 0
    endloop
  endfacet
  facet normal 0 0 -1
    outer loop
      vertex 20.2776 38.1944 0
      vertex 22.5428 36.5486 0
      vertex 22.003 35.9216 0
    endloop
  endfacet
  facet normal 0 0 -1
    outer loop
      vertex 24.3557 38.9556 0
      vertex 21.7977 40.0945 0
      vertex 22.8125 41.9358 0
    endloop
  endfacet
  facet normal 0 0 -1
    outer loop
      vertex 19.7377 37.5674 0
      vertex 22.003 35.9216 0
      vertex 21.6113 35.4866 0
    endloop
  endfacet
  facet normal 0 0 -1
    outer loop
      vertex 19.7377 37.5674 0
      vertex 21.6113 35.4866 0
      vertex 21.0818 35.0547 0
    endloop
  endfacet
  facet normal 0 0 -1
    outer loop
      vertex 19.2083 37.1355 0
      vertex 21.0818 35.0547 0
      vertex 20.6083 34.7106 0
    endloop
  endfacet
  facet normal 0 0 -1
    outer loop
      vertex 22.5428 36.5486 0
      vertex 20.2776 38.1944 0
      vertex 21.7977 40.0945 0
    endloop
  endfacet
  facet normal 0 0 -1
    outer loop
      vertex 19.2083 37.1355 0
      vertex 20.6083 34.7106 0
      vertex 20.0996 34.461 0
    endloop
  endfacet
  facet normal 0 0 -1
    outer loop
      vertex 22.003 35.9216 0
      vertex 19.7377 37.5674 0
      vertex 20.2776 38.1944 0
    endloop
  endfacet
  facet normal 0 0 -1
    outer loop
      vertex 18.6996 36.8858 0
      vertex 20.0996 34.461 0
      vertex 19.5649 34.2229 0
    endloop
  endfacet
  facet normal 0 0 -1
    outer loop
      vertex 21.0818 35.0547 0
      vertex 19.2083 37.1355 0
      vertex 19.7377 37.5674 0
    endloop
  endfacet
  facet normal 0 0 -1
    outer loop
      vertex 18.6996 36.8858 0
      vertex 19.5649 34.2229 0
      vertex 18.9923 34.1012 0
    endloop
  endfacet
  facet normal 0 0 -1
    outer loop
      vertex 20.0996 34.461 0
      vertex 18.6996 36.8858 0
      vertex 19.2083 37.1355 0
    endloop
  endfacet
  facet normal 0 0 -1
    outer loop
      vertex 18.2224 36.8055 0
      vertex 18.9923 34.1012 0
      vertex 18.515 34.0208 0
    endloop
  endfacet
  facet normal 0 0 -1
    outer loop
      vertex 18.9923 34.1012 0
      vertex 18.2224 36.8055 0
      vertex 18.6996 36.8858 0
    endloop
  endfacet
  facet normal 0 0 -1
    outer loop
      vertex 17.9297 34.0208 0
      vertex 18.2224 36.8055 0
      vertex 18.515 34.0208 0
    endloop
  endfacet
  facet normal 0 0 -1
    outer loop
      vertex 17.3571 34.1425 0
      vertex 18.2224 36.8055 0
      vertex 17.9297 34.0208 0
    endloop
  endfacet
  facet normal -0 0 -1
    outer loop
      vertex 18.2224 36.8055 0
      vertex 17.3571 34.1425 0
      vertex 17.572 36.9748 0
    endloop
  endfacet
  facet normal 0 0 -1
    outer loop
      vertex 16.7068 34.3118 0
      vertex 17.572 36.9748 0
      vertex 17.3571 34.1425 0
    endloop
  endfacet
  facet normal 0 0 -1
    outer loop
      vertex 16.172 34.5499 0
      vertex 17.572 36.9748 0
      vertex 16.7068 34.3118 0
    endloop
  endfacet
  facet normal 0 0 -1
    outer loop
      vertex 15.6985 34.894 0
      vertex 17.572 36.9748 0
      vertex 16.172 34.5499 0
    endloop
  endfacet
  facet normal -0 0 -1
    outer loop
      vertex 17.572 36.9748 0
      vertex 15.6985 34.894 0
      vertex 17.0625 37.4306 0
    endloop
  endfacet
  facet normal -0 0 -1
    outer loop
      vertex 17.1075 47.31 0
      vertex 16.1813 43.9297 0
      vertex 16.5555 47.361 0
    endloop
  endfacet
  facet normal 0 0 -1
    outer loop
      vertex 15.1889 35.3498 0
      vertex 17.0625 37.4306 0
      vertex 15.6985 34.894 0
    endloop
  endfacet
  facet normal 0 0 -1
    outer loop
      vertex 14.7973 35.7848 0
      vertex 17.0625 37.4306 0
      vertex 15.1889 35.3498 0
    endloop
  endfacet
  facet normal 0 0 -1
    outer loop
      vertex 16.6432 39.3153 0
      vertex 16.1445 43.8586 0
      vertex 16.1813 43.9297 0
    endloop
  endfacet
  facet normal 0 0 -1
    outer loop
      vertex 14.5046 36.2917 0
      vertex 17.0625 37.4306 0
      vertex 14.7973 35.7848 0
    endloop
  endfacet
  facet normal 0 0 -1
    outer loop
      vertex 16.6432 39.3153 0
      vertex 15.477 42.9163 0
      vertex 16.1445 43.8586 0
    endloop
  endfacet
  facet normal -0 0 -1
    outer loop
      vertex 17.0625 37.4306 0
      vertex 14.5046 36.2917 0
      vertex 16.73 38.0947 0
    endloop
  endfacet
  facet normal 0 0 -1
    outer loop
      vertex 16.6432 39.3153 0
      vertex 14.9015 42.2013 0
      vertex 15.477 42.9163 0
    endloop
  endfacet
  facet normal 0 0 -1
    outer loop
      vertex 14.1721 36.9558 0
      vertex 16.73 38.0947 0
      vertex 14.5046 36.2917 0
    endloop
  endfacet
  facet normal 0 0 -1
    outer loop
      vertex 16.6432 39.3153 0
      vertex 14.6505 41.8139 0
      vertex 14.9015 42.2013 0
    endloop
  endfacet
  facet normal 0 0 -1
    outer loop
      vertex 13.9912 37.5126 0
      vertex 16.73 38.0947 0
      vertex 14.1721 36.9558 0
    endloop
  endfacet
  facet normal 0 0 -1
    outer loop
      vertex 13.8111 38.8889 0
      vertex 16.6111 38.8889 0
      vertex 13.8723 38.3068 0
    endloop
  endfacet
  facet normal 0 0 -1
    outer loop
      vertex 16.6432 39.3153 0
      vertex 14.3578 41.307 0
      vertex 14.6505 41.8139 0
    endloop
  endfacet
  facet normal 0 0 -1
    outer loop
      vertex 13.8723 38.3068 0
      vertex 16.73 38.0947 0
      vertex 13.9912 37.5126 0
    endloop
  endfacet
  facet normal 0 0 -1
    outer loop
      vertex 16.6432 39.3153 0
      vertex 14.1851 40.8872 0
      vertex 14.3578 41.307 0
    endloop
  endfacet
  facet normal 0 0 -1
    outer loop
      vertex 16.73 38.0947 0
      vertex 13.8723 38.3068 0
      vertex 16.6111 38.8889 0
    endloop
  endfacet
  facet normal 0 0 -1
    outer loop
      vertex 16.6432 39.3153 0
      vertex 14.0042 40.3305 0
      vertex 14.1851 40.8872 0
    endloop
  endfacet
  facet normal 0 0 -1
    outer loop
      vertex 16.6432 39.3153 0
      vertex 13.8432 39.3153 0
      vertex 13.9044 39.8975 0
    endloop
  endfacet
  facet normal 0 0 -1
    outer loop
      vertex 16.6432 39.3153 0
      vertex 13.9044 39.8975 0
      vertex 14.0042 40.3305 0
    endloop
  endfacet
  facet normal 0 0 -1
    outer loop
      vertex 16.6111 38.8889 0
      vertex 13.8111 38.8889 0
      vertex 13.8432 39.3153 0
    endloop
  endfacet
  facet normal 0 0 -1
    outer loop
      vertex 23.5555 45.4165 0
      vertex 26.3555 45.4165 0
      vertex 26.1793 43.7119 0
    endloop
  endfacet
  facet normal 0 0 -1
    outer loop
      vertex 23.3793 43.7119 0
      vertex 26.1793 43.7119 0
      vertex 26.1181 43.1298 0
    endloop
  endfacet
  facet normal 0 0 -1
    outer loop
      vertex 26.3555 45.4165 0
      vertex 23.5555 45.4165 0
      vertex 26.2944 45.9986 0
    endloop
  endfacet
  facet normal 0 0 -1
    outer loop
      vertex 23.3793 43.7119 0
      vertex 26.1181 43.1298 0
      vertex 25.5513 41.3537 0
    endloop
  endfacet
  facet normal 0 0 -1
    outer loop
      vertex 22.8646 48.8119 0
      vertex 26.2944 45.9986 0
      vertex 23.5555 45.4165 0
    endloop
  endfacet
  facet normal 0 0 -1
    outer loop
      vertex 23.3793 43.7119 0
      vertex 25.5513 41.3537 0
      vertex 25.3704 40.7969 0
    endloop
  endfacet
  facet normal 0 0 -1
    outer loop
      vertex 26.2944 45.9986 0
      vertex 22.8646 48.8119 0
      vertex 25.6034 49.394 0
    endloop
  endfacet
  facet normal 0 0 -1
    outer loop
      vertex 23.3793 43.7119 0
      vertex 25.3704 40.7969 0
      vertex 24.3557 38.9556 0
    endloop
  endfacet
  facet normal 0 0 -1
    outer loop
      vertex 21.7977 40.0945 0
      vertex 24.3557 38.9556 0
      vertex 24.063 38.4487 0
    endloop
  endfacet
  facet normal -0 0 -1
    outer loop
      vertex 25.6034 49.394 0
      vertex 22.8646 48.8119 0
      vertex 25.4226 49.9507 0
    endloop
  endfacet
  facet normal -0 0 -1
    outer loop
      vertex 25.4226 49.9507 0
      vertex 22.8646 48.8119 0
      vertex 25.1299 50.4577 0
    endloop
  endfacet
  facet normal 0 0 -1
    outer loop
      vertex 21.2778 51.4845 0
      vertex 25.1299 50.4577 0
      vertex 22.8646 48.8119 0
    endloop
  endfacet
  facet normal 0 0 -1
    outer loop
      vertex 25.1299 50.4577 0
      vertex 21.2778 51.4845 0
      vertex 23.5431 53.1302 0
    endloop
  endfacet
  facet normal -0 0 -1
    outer loop
      vertex 23.5431 53.1302 0
      vertex 21.2778 51.4845 0
      vertex 23.1514 53.5653 0
    endloop
  endfacet
  facet normal 0 0 -1
    outer loop
      vertex 19.5243 53.2586 0
      vertex 23.1514 53.5653 0
      vertex 21.2778 51.4845 0
    endloop
  endfacet
  facet normal -0 0 -1
    outer loop
      vertex 23.1514 53.5653 0
      vertex 19.5243 53.2586 0
      vertex 21.3979 55.3394 0
    endloop
  endfacet
  facet normal -0 0 -1
    outer loop
      vertex 21.3979 55.3394 0
      vertex 19.5243 53.2586 0
      vertex 20.9243 55.6835 0
    endloop
  endfacet
  facet normal 0 0 -1
    outer loop
      vertex 18.3332 53.9584 0
      vertex 20.9243 55.6835 0
      vertex 19.5243 53.2586 0
    endloop
  endfacet
  facet normal -0 0 -1
    outer loop
      vertex 20.9243 55.6835 0
      vertex 18.3332 53.9584 0
      vertex 19.7332 56.3833 0
    endloop
  endfacet
  facet normal -0 0 -1
    outer loop
      vertex 19.7332 56.3833 0
      vertex 18.3332 53.9584 0
      vertex 19.1984 56.6214 0
    endloop
  endfacet
  facet normal 0 0 -1
    outer loop
      vertex 18.3332 53.9584 0
      vertex 18.1994 56.8948 0
      vertex 19.1984 56.6214 0
    endloop
  endfacet
  facet normal 0 0 -1
    outer loop
      vertex 17.3341 54.2318 0
      vertex 18.1994 56.8948 0
      vertex 18.3332 53.9584 0
    endloop
  endfacet
  facet normal -0 0 -1
    outer loop
      vertex 18.1994 56.8948 0
      vertex 17.3341 54.2318 0
      vertex 17.6268 57.0165 0
    endloop
  endfacet
  facet normal 0 0 -1
    outer loop
      vertex 16.3403 54.4272 0
      vertex 17.6268 57.0165 0
      vertex 17.3341 54.2318 0
    endloop
  endfacet
  facet normal -0 0 -1
    outer loop
      vertex 17.6268 57.0165 0
      vertex 16.3403 54.4272 0
      vertex 16.6329 57.2118 0
    endloop
  endfacet
  facet normal 0 0 -1
    outer loop
      vertex 15.3568 54.5444 0
      vertex 16.6329 57.2118 0
      vertex 16.3403 54.4272 0
    endloop
  endfacet
  facet normal -0 0 -1
    outer loop
      vertex 16.6329 57.2118 0
      vertex 15.3568 54.5444 0
      vertex 15.6494 57.329 0
    endloop
  endfacet
  facet normal 0 0 -1
    outer loop
      vertex 15.3568 54.5444 0
      vertex 14.6815 57.3681 0
      vertex 15.6494 57.329 0
    endloop
  endfacet
  facet normal 0 0 -1
    outer loop
      vertex 14.3888 54.5834 0
      vertex 14.6815 57.3681 0
      vertex 15.3568 54.5444 0
    endloop
  endfacet
  facet normal 0 0 -1
    outer loop
      vertex 14.3888 54.5834 0
      vertex 14.0961 57.3681 0
      vertex 14.6815 57.3681 0
    endloop
  endfacet
  facet normal 0 0 -1
    outer loop
      vertex 14.3888 54.5834 0
      vertex 13.5235 57.2464 0
      vertex 14.0961 57.3681 0
    endloop
  endfacet
  facet normal 0 0 -1
    outer loop
      vertex 7.89575 52.6618 0
      vertex 13.5235 57.2464 0
      vertex 14.3888 54.5834 0
    endloop
  endfacet
  facet normal 0 0 -1
    outer loop
      vertex 7.89575 52.6618 0
      vertex 7.03051 55.3248 0
      vertex 13.5235 57.2464 0
    endloop
  endfacet
  facet normal 0 0 -1
    outer loop
      vertex 7.89575 52.6618 0
      vertex 6.49575 55.0867 0
      vertex 7.03051 55.3248 0
    endloop
  endfacet
  facet normal 0 0 -1
    outer loop
      vertex 7.89575 52.6618 0
      vertex 6.02219 54.7426 0
      vertex 6.49575 55.0867 0
    endloop
  endfacet
  facet normal 0 0 -1
    outer loop
      vertex 0.94577 49.7285 0
      vertex 7.89575 52.6618 0
      vertex 2.81934 47.6477 0
    endloop
  endfacet
  facet normal -0 0 -1
    outer loop
      vertex 7.89575 52.6618 0
      vertex 0.94577 49.7285 0
      vertex 6.02219 54.7426 0
    endloop
  endfacet
  facet normal 0 0 -1
    outer loop
      vertex 2.81934 47.6477 0
      vertex 0.554089 49.2935 0
      vertex 0.94577 49.7285 0
    endloop
  endfacet
  facet normal 0 0 -1
    outer loop
      vertex 2.81934 47.6477 0
      vertex 0.26141 48.7866 0
      vertex 0.554089 49.2935 0
    endloop
  endfacet
  facet normal 0 0 -1
    outer loop
      vertex -0.486206 40.6675 0
      vertex 0.26141 48.7866 0
      vertex 2.81934 47.6477 0
    endloop
  endfacet
  facet normal 0 0 -1
    outer loop
      vertex -4.40556 33.4296 0
      vertex -0.486206 40.6675 0
      vertex -1.66675 32.8474 0
    endloop
  endfacet
  facet normal 0 0 -1
    outer loop
      vertex -4.05223 28.1765 0
      vertex -1.31342 28.7587 0
      vertex -2.95408 24.3483 0
    endloop
  endfacet
  facet normal 0 0 -1
    outer loop
      vertex -4.11341 28.7587 0
      vertex -1.31342 28.7587 0
      vertex -4.05223 28.1765 0
    endloop
  endfacet
  facet normal 0 0 -1
    outer loop
      vertex -0.486206 40.6675 0
      vertex -3.04413 41.8064 0
      vertex 0.26141 48.7866 0
    endloop
  endfacet
  facet normal -0 0 -1
    outer loop
      vertex -0.486206 40.6675 0
      vertex -4.40556 33.4296 0
      vertex -3.22502 41.2496 0
    endloop
  endfacet
  facet normal 0 0 -1
    outer loop
      vertex -1.31342 28.7587 0
      vertex -4.11341 28.7587 0
      vertex -1.66675 32.8474 0
    endloop
  endfacet
  facet normal 0 0 -1
    outer loop
      vertex -4.46675 32.8474 0
      vertex -1.66675 32.8474 0
      vertex -4.11341 28.7587 0
    endloop
  endfacet
  facet normal 0 0 -1
    outer loop
      vertex -0.486206 40.6675 0
      vertex -3.22502 41.2496 0
      vertex -3.04413 41.8064 0
    endloop
  endfacet
  facet normal 0 0 -1
    outer loop
      vertex -1.66675 32.8474 0
      vertex -4.46675 32.8474 0
      vertex -4.40556 33.4296 0
    endloop
  endfacet
  facet normal 0 0 -1
    outer loop
      vertex 16.1813 43.9297 0
      vertex 19.467 45.4839 0
      vertex 19.5 45.0694 0
    endloop
  endfacet
  facet normal 0 0 -1
    outer loop
      vertex 16.1813 43.9297 0
      vertex 19.5 45.0694 0
      vertex 19.2057 43.6903 0
    endloop
  endfacet
  facet normal 0 0 -1
    outer loop
      vertex 19.467 45.4839 0
      vertex 18.2742 46.9218 0
      vertex 19.361 45.8854 0
    endloop
  endfacet
  facet normal 0 0 -1
    outer loop
      vertex 19.361 45.8854 0
      vertex 18.2742 46.9218 0
      vertex 19.1718 46.2609 0
    endloop
  endfacet
  facet normal 0 0 -1
    outer loop
      vertex 16.1813 43.9297 0
      vertex 19.2057 43.6903 0
      vertex 18.5209 42.3698 0
    endloop
  endfacet
  facet normal 0 0 -1
    outer loop
      vertex 19.1718 46.2609 0
      vertex 18.2742 46.9218 0
      vertex 18.8888 46.5974 0
    endloop
  endfacet
  facet normal 0 0 -1
    outer loop
      vertex 16.1813 43.9297 0
      vertex 18.5209 42.3698 0
      vertex 17.7422 41.2705 0
    endloop
  endfacet
  facet normal -0 0 -1
    outer loop
      vertex 19.467 45.4839 0
      vertex 16.1813 43.9297 0
      vertex 18.2742 46.9218 0
    endloop
  endfacet
  facet normal 0 0 -1
    outer loop
      vertex 16.1813 43.9297 0
      vertex 17.7422 41.2705 0
      vertex 17.1667 40.5555 0
    endloop
  endfacet
  facet normal -0 0 -1
    outer loop
      vertex 18.2742 46.9218 0
      vertex 16.1813 43.9297 0
      vertex 17.6805 47.1615 0
    endloop
  endfacet
  facet normal 0 0 -1
    outer loop
      vertex 16.1813 43.9297 0
      vertex 17.1667 40.5555 0
      vertex 16.9158 40.1682 0
    endloop
  endfacet
  facet normal 0 0 -1
    outer loop
      vertex 16.1813 43.9297 0
      vertex 16.9158 40.1682 0
      vertex 16.743 39.7483 0
    endloop
  endfacet
  facet normal 0 0 -1
    outer loop
      vertex 16.1813 43.9297 0
      vertex 16.743 39.7483 0
      vertex 16.6432 39.3153 0
    endloop
  endfacet
  facet normal 0 0 -1
    outer loop
      vertex 13.8432 39.3153 0
      vertex 16.6432 39.3153 0
      vertex 16.6111 38.8889 0
    endloop
  endfacet
  facet normal -0 0 -1
    outer loop
      vertex 17.6805 47.1615 0
      vertex 16.1813 43.9297 0
      vertex 17.1075 47.31 0
    endloop
  endfacet
  facet normal 0 0 -1
    outer loop
      vertex 12.5842 45.1083 0
      vertex 16.1813 43.9297 0
      vertex 14.6272 43.0482 0
    endloop
  endfacet
  facet normal 0 0 -1
    outer loop
      vertex 16.1813 43.9297 0
      vertex 12.5842 45.1083 0
      vertex 16.5555 47.361 0
    endloop
  endfacet
  facet normal 0 0 -1
    outer loop
      vertex 9.53473 39.6526 0
      vertex 14.6272 43.0482 0
      vertex 12.1314 38.583 0
    endloop
  endfacet
  facet normal 0 0 -1
    outer loop
      vertex 9.53473 39.6526 0
      vertex 12.1314 38.583 0
      vertex 10.3177 32.3649 0
    endloop
  endfacet
  facet normal -0 0 -1
    outer loop
      vertex 14.6272 43.0482 0
      vertex 9.53473 39.6526 0
      vertex 12.5842 45.1083 0
    endloop
  endfacet
  facet normal 0 0 -1
    outer loop
      vertex 9.69507 26.8093 0
      vertex 6.88879 26.9444 0
      vertex 9.69045 26.9089 0
    endloop
  endfacet
  facet normal 0 0 -1
    outer loop
      vertex -1.34996 13.5509 0
      vertex 1.38885 12.9688 0
      vertex 0.710022 10.3796 0
    endloop
  endfacet
  facet normal 0 0 -1
    outer loop
      vertex -2.08998 10.3796 0
      vertex 0.710022 10.3796 0
      vertex 0.5 7.98599 0
    endloop
  endfacet
  facet normal 0 0 -1
    outer loop
      vertex 1.38885 12.9688 0
      vertex 0.344128 17.3858 0
      vertex 0.915894 18.302 0
    endloop
  endfacet
  facet normal 0 0 -1
    outer loop
      vertex 0.915894 18.302 0
      vertex 4.4444 18.6805 0
      vertex 2.60938 15.7401 0
    endloop
  endfacet
  facet normal 0 0 -1
    outer loop
      vertex 0.915894 18.302 0
      vertex 2.60938 15.7401 0
      vertex 1.38885 12.9688 0
    endloop
  endfacet
  facet normal -0 0 -1
    outer loop
      vertex 4.4444 18.6805 0
      vertex 0.915894 18.302 0
      vertex 1.68488 21.5191 0
    endloop
  endfacet
  facet normal 0 0 -1
    outer loop
      vertex -0.18869 19.4383 0
      vertex 1.68488 21.5191 0
      vertex 0.915894 18.302 0
    endloop
  endfacet
  facet normal 0 0 -1
    outer loop
      vertex -0.580371 19.8733 0
      vertex 1.68488 21.5191 0
      vertex -0.18869 19.4383 0
    endloop
  endfacet
  facet normal 0 0 -1
    outer loop
      vertex 1.68488 21.5191 0
      vertex -0.580371 19.8733 0
      vertex -0.87305 20.3802 0
    endloop
  endfacet
  facet normal -0 0 -1
    outer loop
      vertex 1.68488 21.5191 0
      vertex -0.87305 20.3802 0
      vertex -0.215271 24.9305 0
    endloop
  endfacet
  facet normal 0 0 -1
    outer loop
      vertex -2.7732 23.7916 0
      vertex -0.215271 24.9305 0
      vertex -0.87305 20.3802 0
    endloop
  endfacet
  facet normal 0 0 -1
    outer loop
      vertex -2.95408 24.3483 0
      vertex -0.215271 24.9305 0
      vertex -2.7732 23.7916 0
    endloop
  endfacet
  facet normal -0 0 -1
    outer loop
      vertex -0.215271 24.9305 0
      vertex -2.95408 24.3483 0
      vertex -1.31342 28.7587 0
    endloop
  endfacet
  facet normal 0 0 -1
    outer loop
      vertex 48.7084 11.9035 0
      vertex 51.5287 11.6487 0
      vertex 51.0101 9.56581 0
    endloop
  endfacet
  facet normal 0 0 -1
    outer loop
      vertex 96.0988 24.3164 0
      vertex 98.8988 24.3164 0
      vertex 98.8928 24.1319 0
    endloop
  endfacet
  facet normal 0 0 -1
    outer loop
      vertex 96.0988 24.3164 0
      vertex 98.8928 24.1319 0
      vertex 98.8762 23.9475 0
    endloop
  endfacet
  facet normal 0 0 -1
    outer loop
      vertex 98.8988 24.3164 0
      vertex 96.0988 24.3164 0
      vertex 98.8997 24.5139 0
    endloop
  endfacet
  facet normal 0 0 -1
    outer loop
      vertex 96.0762 23.9475 0
      vertex 98.8762 23.9475 0
      vertex 98.815 23.3654 0
    endloop
  endfacet
  facet normal 0 0 -1
    outer loop
      vertex 96.0441 23.75 0
      vertex 98.815 23.3654 0
      vertex 98.7829 23.1679 0
    endloop
  endfacet
  facet normal -0 0 -1
    outer loop
      vertex 98.8997 24.5139 0
      vertex 96.0988 24.3164 0
      vertex 96.0997 24.5139 0
    endloop
  endfacet
  facet normal 0 0 -1
    outer loop
      vertex 95.9548 25.6216 0
      vertex 98.8385 25.0961 0
      vertex 96.0997 24.5139 0
    endloop
  endfacet
  facet normal 0 0 -1
    outer loop
      vertex 98.8385 25.0961 0
      vertex 95.9548 25.6216 0
      vertex 98.6936 26.2038 0
    endloop
  endfacet
  facet normal -0 0 -1
    outer loop
      vertex 98.5127 26.7605 0
      vertex 95.9548 25.6216 0
      vertex 98.123 27.6405 0
    endloop
  endfacet
  facet normal 0 0 -1
    outer loop
      vertex 95.5651 26.5016 0
      vertex 98.123 27.6405 0
      vertex 95.9548 25.6216 0
    endloop
  endfacet
  facet normal -0 0 -1
    outer loop
      vertex 98.123 27.6405 0
      vertex 95.5651 26.5016 0
      vertex 97.8303 28.1474 0
    endloop
  endfacet
  facet normal -0 0 -1
    outer loop
      vertex 97.8303 28.1474 0
      vertex 95.5651 26.5016 0
      vertex 97.4386 28.5824 0
    endloop
  endfacet
  facet normal -0 0 -1
    outer loop
      vertex 98.6936 26.2038 0
      vertex 95.9548 25.6216 0
      vertex 98.5127 26.7605 0
    endloop
  endfacet
  facet normal 0 0 -1
    outer loop
      vertex 98.8997 24.5139 0
      vertex 96.0997 24.5139 0
      vertex 98.8385 25.0961 0
    endloop
  endfacet
  facet normal 0 0 -1
    outer loop
      vertex 98.8762 23.9475 0
      vertex 96.0928 24.1319 0
      vertex 96.0988 24.3164 0
    endloop
  endfacet
  facet normal 0 0 -1
    outer loop
      vertex 98.8762 23.9475 0
      vertex 96.0762 23.9475 0
      vertex 96.0928 24.1319 0
    endloop
  endfacet
  facet normal 0 0 -1
    outer loop
      vertex 98.815 23.3654 0
      vertex 96.0441 23.75 0
      vertex 96.0762 23.9475 0
    endloop
  endfacet
  facet normal 0 0 -1
    outer loop
      vertex 94.4063 7.51348 0
      vertex 96.0441 23.75 0
      vertex 98.7829 23.1679 0
    endloop
  endfacet
  facet normal 0 0 -1
    outer loop
      vertex 91.6675 8.09563 0
      vertex 94.4063 7.51348 0
      vertex 94.2254 6.95677 0
    endloop
  endfacet
  facet normal 0 0 -1
    outer loop
      vertex 94.4063 7.51348 0
      vertex 91.6675 8.09563 0
      vertex 96.0441 23.75 0
    endloop
  endfacet
  facet normal 0 0 -1
    outer loop
      vertex 89.4216 -2.36284 0
      vertex 91.6675 8.09563 0
      vertex 94.2254 6.95677 0
    endloop
  endfacet
  facet normal 0 0 -1
    outer loop
      vertex 86.8637 -1.22398 0
      vertex 89.4216 -2.36284 0
      vertex 89.129 -2.86978 0
    endloop
  endfacet
  facet normal 0 0 -1
    outer loop
      vertex 86.8637 -1.22398 0
      vertex 89.129 -2.86978 0
      vertex 88.7373 -3.30479 0
    endloop
  endfacet
  facet normal 0 0 -1
    outer loop
      vertex 89.4216 -2.36284 0
      vertex 86.8637 -1.22398 0
      vertex 91.6675 8.09563 0
    endloop
  endfacet
  facet normal 0 0 -1
    outer loop
      vertex 82.2474 -5.71289 0
      vertex 88.7373 -3.30479 0
      vertex 84.121 -7.79369 0
    endloop
  endfacet
  facet normal 0 0 -1
    outer loop
      vertex 82.2474 -5.71289 0
      vertex 84.121 -7.79369 0
      vertex 83.6474 -8.13776 0
    endloop
  endfacet
  facet normal 0 0 -1
    outer loop
      vertex 82.2474 -5.71289 0
      vertex 83.6474 -8.13776 0
      vertex 83.1127 -8.37585 0
    endloop
  endfacet
  facet normal -0 0 -1
    outer loop
      vertex 88.7373 -3.30479 0
      vertex 82.2474 -5.71289 0
      vertex 86.8637 -1.22398 0
    endloop
  endfacet
  facet normal 0 0 -1
    outer loop
      vertex 79.2985 -9.53796 0
      vertex 82.2474 -5.71289 0
      vertex 83.1127 -8.37585 0
    endloop
  endfacet
  facet normal 0 0 -1
    outer loop
      vertex 78.4333 -6.875 0
      vertex 79.2985 -9.53796 0
      vertex 78.726 -9.65966 0
    endloop
  endfacet
  facet normal 0 0 -1
    outer loop
      vertex 79.2985 -9.53796 0
      vertex 78.4333 -6.875 0
      vertex 82.2474 -5.71289 0
    endloop
  endfacet
  facet normal 0 0 -1
    outer loop
      vertex 78.1406 -9.65966 0
      vertex 78.4333 -6.875 0
      vertex 78.726 -9.65966 0
    endloop
  endfacet
  facet normal 0 0 -1
    outer loop
      vertex 78.1406 -9.65966 0
      vertex 77.5799 -6.81419 0
      vertex 78.4333 -6.875 0
    endloop
  endfacet
  facet normal 0 0 -1
    outer loop
      vertex 77.2872 -9.59885 0
      vertex 77.5799 -6.81419 0
      vertex 78.1406 -9.65966 0
    endloop
  endfacet
  facet normal 0 0 -1
    outer loop
      vertex 76.7146 -9.47715 0
      vertex 77.5799 -6.81419 0
      vertex 77.2872 -9.59885 0
    endloop
  endfacet
  facet normal -0 0 -1
    outer loop
      vertex 77.5799 -6.81419 0
      vertex 76.7146 -9.47715 0
      vertex 76.8568 -6.64932 0
    endloop
  endfacet
  facet normal 0 0 -1
    outer loop
      vertex 75.9916 -9.31228 0
      vertex 76.8568 -6.64932 0
      vertex 76.7146 -9.47715 0
    endloop
  endfacet
  facet normal 0 0 -1
    outer loop
      vertex 75.4039 -9.06921 0
      vertex 76.8568 -6.64932 0
      vertex 75.9916 -9.31228 0
    endloop
  endfacet
  facet normal -0 0 -1
    outer loop
      vertex 76.8568 -6.64932 0
      vertex 75.4039 -9.06921 0
      vertex 76.2692 -6.40625 0
    endloop
  endfacet
  facet normal 0 0 -1
    outer loop
      vertex 74.8692 -8.83112 0
      vertex 76.2692 -6.40625 0
      vertex 75.4039 -9.06921 0
    endloop
  endfacet
  facet normal 0 0 -1
    outer loop
      vertex 74.4221 -8.53586 0
      vertex 76.2692 -6.40625 0
      vertex 74.8692 -8.83112 0
    endloop
  endfacet
  facet normal -0 0 -1
    outer loop
      vertex 76.2692 -6.40625 0
      vertex 74.4221 -8.53586 0
      vertex 75.8221 -6.11099 0
    endloop
  endfacet
  facet normal 0 0 -1
    outer loop
      vertex 73.9485 -8.1918 0
      vertex 75.8221 -6.11099 0
      vertex 74.4221 -8.53586 0
    endloop
  endfacet
  facet normal 0 0 -1
    outer loop
      vertex 73.5568 -7.75679 0
      vertex 75.8221 -6.11099 0
      vertex 73.9485 -8.1918 0
    endloop
  endfacet
  facet normal 0 0 -1
    outer loop
      vertex 71.2244 -4.149 0
      vertex 75.8221 -6.11099 0
      vertex 73.5568 -7.75679 0
    endloop
  endfacet
  facet normal 0 0 -1
    outer loop
      vertex 75.8221 -6.11099 0
      vertex 71.2244 -4.149 0
      vertex 73.4896 -2.5032 0
    endloop
  endfacet
  facet normal 0 0 -1
    outer loop
      vertex 70.9317 -3.64207 0
      vertex 73.4896 -2.5032 0
      vertex 71.2244 -4.149 0
    endloop
  endfacet
  facet normal -0 0 -1
    outer loop
      vertex 73.4896 -2.5032 0
      vertex 70.7508 -3.08535 0
      vertex 72.204 1.8663 0
    endloop
  endfacet
  facet normal 0 0 -1
    outer loop
      vertex 69.4652 1.28415 0
      vertex 72.204 1.8663 0
      vertex 70.7508 -3.08535 0
    endloop
  endfacet
  facet normal 0 0 -1
    outer loop
      vertex 69.4625 1.30569 0
      vertex 72.204 1.8663 0
      vertex 69.4652 1.28415 0
    endloop
  endfacet
  facet normal 0 0 -1
    outer loop
      vertex 73.4896 -2.5032 0
      vertex 70.9317 -3.64207 0
      vertex 70.7508 -3.08535 0
    endloop
  endfacet
  facet normal 0 0 -1
    outer loop
      vertex 68.4852 4.71031 0
      vertex 72.204 1.8663 0
      vertex 69.4625 1.30569 0
    endloop
  endfacet
  facet normal 0 0 -1
    outer loop
      vertex 72.204 1.8663 0
      vertex 68.4852 4.71031 0
      vertex 71.6578 6.22284 0
    endloop
  endfacet
  facet normal -0 0 -1
    outer loop
      vertex 71.6578 6.22284 0
      vertex 68.4852 4.71031 0
      vertex 71.5441 9.79149 0
    endloop
  endfacet
  facet normal -0 0 -1
    outer loop
      vertex 71.5441 9.79149 0
      vertex 68.4852 4.71031 0
      vertex 71.5441 11.875 0
    endloop
  endfacet
  facet normal 0 0 -1
    outer loop
      vertex 65.322 0.390701 0
      vertex 69.4625 1.30569 0
      vertex 67.5873 -1.2551 0
    endloop
  endfacet
  facet normal 0 0 -1
    outer loop
      vertex 65.322 0.390701 0
      vertex 67.5873 -1.2551 0
      vertex 67.1956 -1.6901 0
    endloop
  endfacet
  facet normal 0 0 -1
    outer loop
      vertex 65.322 0.390701 0
      vertex 67.1956 -1.6901 0
      vertex 66.722 -2.03417 0
    endloop
  endfacet
  facet normal -0 0 -1
    outer loop
      vertex 69.4625 1.30569 0
      vertex 65.322 0.390701 0
      vertex 68.4852 4.71031 0
    endloop
  endfacet
  facet normal 0 0 -1
    outer loop
      vertex 62.3255 -1.72829 0
      vertex 66.722 -2.03417 0
      vertex 63.7255 -4.15316 0
    endloop
  endfacet
  facet normal 0 0 -1
    outer loop
      vertex 62.3255 -1.72829 0
      vertex 63.7255 -4.15316 0
      vertex 63.1907 -4.39124 0
    endloop
  endfacet
  facet normal 0 0 -1
    outer loop
      vertex 66.722 -2.03417 0
      vertex 62.3255 -1.72829 0
      vertex 65.322 0.390701 0
    endloop
  endfacet
  facet normal 0 0 -1
    outer loop
      vertex 60.6317 -4.95445 0
      vertex 62.3255 -1.72829 0
      vertex 63.1907 -4.39124 0
    endloop
  endfacet
  facet normal 0 0 -1
    outer loop
      vertex 59.7665 -2.29149 0
      vertex 60.6317 -4.95445 0
      vertex 60.0592 -5.07615 0
    endloop
  endfacet
  facet normal 0 0 -1
    outer loop
      vertex 60.6317 -4.95445 0
      vertex 59.7665 -2.29149 0
      vertex 62.3255 -1.72829 0
    endloop
  endfacet
  facet normal 0 0 -1
    outer loop
      vertex 59.4738 -5.07615 0
      vertex 59.7665 -2.29149 0
      vertex 60.0592 -5.07615 0
    endloop
  endfacet
  facet normal 0 0 -1
    outer loop
      vertex 59.4738 -5.07615 0
      vertex 59.0513 -2.24373 0
      vertex 59.7665 -2.29149 0
    endloop
  endfacet
  facet normal 0 0 -1
    outer loop
      vertex 58.7586 -5.02839 0
      vertex 59.0513 -2.24373 0
      vertex 59.4738 -5.07615 0
    endloop
  endfacet
  facet normal 0 0 -1
    outer loop
      vertex 58.1266 -4.90265 0
      vertex 59.0513 -2.24373 0
      vertex 58.7586 -5.02839 0
    endloop
  endfacet
  facet normal -0 0 -1
    outer loop
      vertex 59.0513 -2.24373 0
      vertex 58.1266 -4.90265 0
      vertex 58.4193 -2.118 0
    endloop
  endfacet
  facet normal 0 0 -1
    outer loop
      vertex 57.5541 -4.78095 0
      vertex 58.4193 -2.118 0
      vertex 58.1266 -4.90265 0
    endloop
  endfacet
  facet normal 0 0 -1
    outer loop
      vertex 57.0262 -4.60296 0
      vertex 58.4193 -2.118 0
      vertex 57.5541 -4.78095 0
    endloop
  endfacet
  facet normal -0 0 -1
    outer loop
      vertex 58.4193 -2.118 0
      vertex 57.0262 -4.60296 0
      vertex 57.8915 -1.94 0
    endloop
  endfacet
  facet normal 0 0 -1
    outer loop
      vertex 56.4915 -4.36487 0
      vertex 57.8915 -1.94 0
      vertex 57.0262 -4.60296 0
    endloop
  endfacet
  facet normal -0 0 -1
    outer loop
      vertex 57.8915 -1.94 0
      vertex 56.4915 -4.36487 0
      vertex 57.4885 -1.73599 0
    endloop
  endfacet
  facet normal 0 0 -1
    outer loop
      vertex 56.0885 -4.16086 0
      vertex 57.4885 -1.73599 0
      vertex 56.4915 -4.36487 0
    endloop
  endfacet
  facet normal 0 0 -1
    outer loop
      vertex 55.615 -3.8168 0
      vertex 57.4885 -1.73599 0
      vertex 56.0885 -4.16086 0
    endloop
  endfacet
  facet normal 0 0 -1
    outer loop
      vertex 52.8728 -1.28552 0
      vertex 57.4885 -1.73599 0
      vertex 55.615 -3.8168 0
    endloop
  endfacet
  facet normal 0 0 -1
    outer loop
      vertex 57.4885 -1.73599 0
      vertex 52.8728 -1.28552 0
      vertex 54.7464 0.795288 0
    endloop
  endfacet
  facet normal 0 0 -1
    outer loop
      vertex 52.8506 -1.26081 0
      vertex 54.7464 0.795288 0
      vertex 52.8728 -1.28552 0
    endloop
  endfacet
  facet normal 0 0 -1
    outer loop
      vertex 50.267 -0.173721 0
      vertex 54.7464 0.795288 0
      vertex 52.8506 -1.26081 0
    endloop
  endfacet
  facet normal 0 0 -1
    outer loop
      vertex 50.267 -0.173721 0
      vertex 52.8506 -1.26081 0
      vertex 52.825 -1.31258 0
    endloop
  endfacet
  facet normal -0 0 -1
    outer loop
      vertex 54.7464 0.795288 0
      vertex 50.267 -0.173721 0
      vertex 52.8844 4.08852 0
    endloop
  endfacet
  facet normal 0 0 -1
    outer loop
      vertex 50.267 -0.173721 0
      vertex 52.825 -1.31258 0
      vertex 52.5323 -1.81952 0
    endloop
  endfacet
  facet normal 0 0 -1
    outer loop
      vertex 50.267 -0.173721 0
      vertex 52.5323 -1.81952 0
      vertex 52.1406 -2.25453 0
    endloop
  endfacet
  facet normal -0 0 -1
    outer loop
      vertex 52.8844 4.08852 0
      vertex 50.267 -0.173721 0
      vertex 52.7034 4.74632 0
    endloop
  endfacet
  facet normal 0 0 -1
    outer loop
      vertex 47.0738 -6.68377 0
      vertex 50.267 -0.173721 0
      vertex 52.1406 -2.25453 0
    endloop
  endfacet
  facet normal 0 0 -1
    outer loop
      vertex 45.2003 -4.60297 0
      vertex 47.0738 -6.68377 0
      vertex 46.6003 -7.02783 0
    endloop
  endfacet
  facet normal 0 0 -1
    outer loop
      vertex 45.2003 -4.60297 0
      vertex 46.6003 -7.02783 0
      vertex 46.0655 -7.26592 0
    endloop
  endfacet
  facet normal 0 0 -1
    outer loop
      vertex 47.0738 -6.68377 0
      vertex 45.2003 -4.60297 0
      vertex 50.267 -0.173721 0
    endloop
  endfacet
  facet normal 0 0 -1
    outer loop
      vertex 41.3893 -8.42689 0
      vertex 45.2003 -4.60297 0
      vertex 46.0655 -7.26592 0
    endloop
  endfacet
  facet normal 0 0 -1
    outer loop
      vertex 40.524 -5.76393 0
      vertex 41.3893 -8.42689 0
      vertex 40.8167 -8.54859 0
    endloop
  endfacet
  facet normal 0 0 -1
    outer loop
      vertex 41.3893 -8.42689 0
      vertex 40.524 -5.76393 0
      vertex 45.2003 -4.60297 0
    endloop
  endfacet
  facet normal 0 0 -1
    outer loop
      vertex 40.2314 -8.54859 0
      vertex 40.524 -5.76393 0
      vertex 40.8167 -8.54859 0
    endloop
  endfacet
  facet normal 0 0 -1
    outer loop
      vertex 40.2314 -8.54859 0
      vertex 39.0109 -5.64568 0
      vertex 40.524 -5.76393 0
    endloop
  endfacet
  facet normal 0 0 -1
    outer loop
      vertex 38.7182 -8.43033 0
      vertex 39.0109 -5.64568 0
      vertex 40.2314 -8.54859 0
    endloop
  endfacet
  facet normal 0 0 -1
    outer loop
      vertex 38.1457 -8.30863 0
      vertex 39.0109 -5.64568 0
      vertex 38.7182 -8.43033 0
    endloop
  endfacet
  facet normal 0 0 -1
    outer loop
      vertex 38.1457 -8.30863 0
      vertex 37.7531 -5.33859 0
      vertex 39.0109 -5.64568 0
    endloop
  endfacet
  facet normal 0 0 -1
    outer loop
      vertex 36.8878 -8.00155 0
      vertex 37.7531 -5.33859 0
      vertex 38.1457 -8.30863 0
    endloop
  endfacet
  facet normal 0 0 -1
    outer loop
      vertex 35.9321 -7.57728 0
      vertex 37.7531 -5.33859 0
      vertex 36.8878 -8.00155 0
    endloop
  endfacet
  facet normal -0 0 -1
    outer loop
      vertex 37.7531 -5.33859 0
      vertex 35.9321 -7.57728 0
      vertex 36.7973 -4.91432 0
    endloop
  endfacet
  facet normal 0 0 -1
    outer loop
      vertex 35.3973 -7.33919 0
      vertex 36.7973 -4.91432 0
      vertex 35.9321 -7.57728 0
    endloop
  endfacet
  facet normal 0 0 -1
    outer loop
      vertex 34.9237 -6.99513 0
      vertex 36.7973 -4.91432 0
      vertex 35.3973 -7.33919 0
    endloop
  endfacet
  facet normal -0 0 -1
    outer loop
      vertex 36.7973 -4.91432 0
      vertex 34.9237 -6.99513 0
      vertex 36.1904 -4.44443 0
    endloop
  endfacet
  facet normal 0 0 -1
    outer loop
      vertex 34.3169 -6.52523 0
      vertex 36.1904 -4.44443 0
      vertex 34.9237 -6.99513 0
    endloop
  endfacet
  facet normal 0 0 -1
    outer loop
      vertex 33.9252 -6.09023 0
      vertex 36.1904 -4.44443 0
      vertex 34.3169 -6.52523 0
    endloop
  endfacet
  facet normal 0 0 -1
    outer loop
      vertex 31.3663 -2.12538 0
      vertex 36.1904 -4.44443 0
      vertex 33.9252 -6.09023 0
    endloop
  endfacet
  facet normal 0 0 -1
    outer loop
      vertex 36.1904 -4.44443 0
      vertex 31.3663 -2.12538 0
      vertex 33.6316 -0.479584 0
    endloop
  endfacet
  facet normal 0 0 -1
    outer loop
      vertex 31.0737 -1.61844 0
      vertex 33.6316 -0.479584 0
      vertex 31.3663 -2.12538 0
    endloop
  endfacet
  facet normal 0 0 -1
    outer loop
      vertex 30.3476 0.570886 0
      vertex 33.6316 -0.479584 0
      vertex 31.0737 -1.61844 0
    endloop
  endfacet
  facet normal 0 0 -1
    outer loop
      vertex 33.6316 -0.479584 0
      vertex 30.3476 0.570886 0
      vertex 32.0101 4.40964 0
    endloop
  endfacet
  facet normal 0 0 -1
    outer loop
      vertex 29.0278 3.25531 0
      vertex 32.0101 4.40964 0
      vertex 30.3476 0.570886 0
    endloop
  endfacet
  facet normal -0 0 -1
    outer loop
      vertex 32.0101 4.40964 0
      vertex 29.0278 3.25531 0
      vertex 31.4028 8.30933 0
    endloop
  endfacet
  facet normal 0 0 -1
    outer loop
      vertex 22.4167 -3.95058 0
      vertex 30.3476 0.570886 0
      vertex 24.2903 -6.03138 0
    endloop
  endfacet
  facet normal 0 0 -1
    outer loop
      vertex 22.4167 -3.95058 0
      vertex 24.2903 -6.03138 0
      vertex 23.8167 -6.37545 0
    endloop
  endfacet
  facet normal 0 0 -1
    outer loop
      vertex 22.4167 -3.95058 0
      vertex 23.8167 -6.37545 0
      vertex 23.2819 -6.61353 0
    endloop
  endfacet
  facet normal -0 0 -1
    outer loop
      vertex 30.3476 0.570886 0
      vertex 22.4167 -3.95058 0
      vertex 29.0278 3.25531 0
    endloop
  endfacet
  facet normal 0 0 -1
    outer loop
      vertex 14.5555 -6.73599 0
      vertex 23.2819 -6.61353 0
      vertex 15.4208 -9.39895 0
    endloop
  endfacet
  facet normal 0 0 -1
    outer loop
      vertex 14.5555 -6.73599 0
      vertex 15.4208 -9.39895 0
      vertex 14.8482 -9.52065 0
    endloop
  endfacet
  facet normal -0 0 -1
    outer loop
      vertex 23.2819 -6.61353 0
      vertex 14.5555 -6.73599 0
      vertex 22.4167 -3.95058 0
    endloop
  endfacet
  facet normal 0 0 -1
    outer loop
      vertex 14.2629 -9.52065 0
      vertex 14.5555 -6.73599 0
      vertex 14.8482 -9.52065 0
    endloop
  endfacet
  facet normal 0 0 -1
    outer loop
      vertex 14.2629 -9.52065 0
      vertex 12.5547 -6.56128 0
      vertex 14.5555 -6.73599 0
    endloop
  endfacet
  facet normal 0 0 -1
    outer loop
      vertex 12.262 -9.34594 0
      vertex 12.5547 -6.56128 0
      vertex 14.2629 -9.52065 0
    endloop
  endfacet
  facet normal 0 0 -1
    outer loop
      vertex 11.6894 -9.22424 0
      vertex 12.5547 -6.56128 0
      vertex 12.262 -9.34594 0
    endloop
  endfacet
  facet normal 0 0 -1
    outer loop
      vertex 11.6894 -9.22424 0
      vertex 10.5486 -6.01562 0
      vertex 12.5547 -6.56128 0
    endloop
  endfacet
  facet normal 0 0 -1
    outer loop
      vertex 9.6834 -8.67858 0
      vertex 10.5486 -6.01562 0
      vertex 11.6894 -9.22424 0
    endloop
  endfacet
  facet normal 0 0 -1
    outer loop
      vertex 9.14864 -8.44049 0
      vertex 10.5486 -6.01562 0
      vertex 9.6834 -8.67858 0
    endloop
  endfacet
  facet normal 0 0 -1
    outer loop
      vertex 9.14864 -8.44049 0
      vertex 8.53217 -5.06615 0
      vertex 10.5486 -6.01562 0
    endloop
  endfacet
  facet normal 0 0 -1
    outer loop
      vertex 7.13216 -7.49102 0
      vertex 8.53217 -5.06615 0
      vertex 9.14864 -8.44049 0
    endloop
  endfacet
  facet normal 0 0 -1
    outer loop
      vertex 5.1 -6.10536 0
      vertex 8.53217 -5.06615 0
      vertex 7.13216 -7.49102 0
    endloop
  endfacet
  facet normal -0 0 -1
    outer loop
      vertex 8.53217 -5.06615 0
      vertex 5.1 -6.10536 0
      vertex 6.5 -3.6805 0
    endloop
  endfacet
  facet normal 0 0 -1
    outer loop
      vertex 4.62643 -5.7613 0
      vertex 6.5 -3.6805 0
      vertex 5.1 -6.10536 0
    endloop
  endfacet
  facet normal -0 0 -1
    outer loop
      vertex 6.5 -3.6805 0
      vertex 4.62643 -5.7613 0
      vertex 5.07025 -2.40456 0
    endloop
  endfacet
  facet normal 0 0 -1
    outer loop
      vertex 3.19669 -4.48536 0
      vertex 5.07025 -2.40456 0
      vertex 4.62643 -5.7613 0
    endloop
  endfacet
  facet normal 0 0 -1
    outer loop
      vertex 2.805 -4.05035 0
      vertex 5.07025 -2.40456 0
      vertex 3.19669 -4.48536 0
    endloop
  endfacet
  facet normal -0 0 -1
    outer loop
      vertex 5.07025 -2.40456 0
      vertex 2.805 -4.05035 0
      vertex 3.06244 0.0172424 0
    endloop
  endfacet
  facet normal 0 0 -1
    outer loop
      vertex 0.797192 -1.62856 0
      vertex 3.06244 0.0172424 0
      vertex 2.805 -4.05035 0
    endloop
  endfacet
  facet normal 0 0 -1
    outer loop
      vertex 0.504513 -1.12162 0
      vertex 3.06244 0.0172424 0
      vertex 0.797192 -1.62856 0
    endloop
  endfacet
  facet normal -0 0 -1
    outer loop
      vertex 3.06244 0.0172424 0
      vertex 0.504513 -1.12162 0
      vertex 1.27338 3.50685 0
    endloop
  endfacet
  facet normal 0 0 -1
    outer loop
      vertex -1.28455 2.36799 0
      vertex 1.27338 3.50685 0
      vertex 0.504513 -1.12162 0
    endloop
  endfacet
  facet normal 0 0 -1
    outer loop
      vertex -1.46544 2.9247 0
      vertex 1.27338 3.50685 0
      vertex -1.28455 2.36799 0
    endloop
  endfacet
  facet normal 0 0 -1
    outer loop
      vertex 1.38885 12.9688 0
      vertex 0.0514488 16.8789 0
      vertex 0.344128 17.3858 0
    endloop
  endfacet
  facet normal 0 0 -1
    outer loop
      vertex 1.38885 12.9688 0
      vertex -1.16907 14.1076 0
      vertex 0.0514488 16.8789 0
    endloop
  endfacet
  facet normal 0 0 -1
    outer loop
      vertex -2.23881 7.40384 0
      vertex 1.27338 3.50685 0
      vertex -1.46544 2.9247 0
    endloop
  endfacet
  facet normal 0 0 -1
    outer loop
      vertex 1.38885 12.9688 0
      vertex -1.34996 13.5509 0
      vertex -1.16907 14.1076 0
    endloop
  endfacet
  facet normal 0 0 -1
    outer loop
      vertex 1.27338 3.50685 0
      vertex -2.23881 7.40384 0
      vertex 0.5 7.98599 0
    endloop
  endfacet
  facet normal 0 0 -1
    outer loop
      vertex 0.710022 10.3796 0
      vertex -2.08998 10.3796 0
      vertex -2.02879 10.9618 0
    endloop
  endfacet
  facet normal 0 0 -1
    outer loop
      vertex 0.710022 10.3796 0
      vertex -2.02879 10.9618 0
      vertex -1.34996 13.5509 0
    endloop
  endfacet
  facet normal 0 0 -1
    outer loop
      vertex -2.3 7.98599 0
      vertex 0.5 7.98599 0
      vertex -2.23881 7.40384 0
    endloop
  endfacet
  facet normal 0 0 -1
    outer loop
      vertex 0.5 7.98599 0
      vertex -2.3 7.98599 0
      vertex -2.08998 10.3796 0
    endloop
  endfacet
  facet normal 0 0 -1
    outer loop
      vertex 94.9983 27.0821 0
      vertex 97.4386 28.5824 0
      vertex 95.5651 26.5016 0
    endloop
  endfacet
  facet normal -0 0 -1
    outer loop
      vertex 97.4386 28.5824 0
      vertex 94.9983 27.0821 0
      vertex 96.8719 29.1629 0
    endloop
  endfacet
  facet normal -0 0 -1
    outer loop
      vertex 96.8719 29.1629 0
      vertex 94.9983 27.0821 0
      vertex 96.3983 29.5069 0
    endloop
  endfacet
  facet normal -0 0 -1
    outer loop
      vertex 96.3983 29.5069 0
      vertex 94.9983 27.0821 0
      vertex 95.8635 29.745 0
    endloop
  endfacet
  facet normal -0 0 -1
    outer loop
      vertex 95.8635 29.745 0
      vertex 94.9983 27.0821 0
      vertex 95.1873 29.9544 0
    endloop
  endfacet
  facet normal 0 0 -1
    outer loop
      vertex 94.3221 27.2915 0
      vertex 95.1873 29.9544 0
      vertex 94.9983 27.0821 0
    endloop
  endfacet
  facet normal -0 0 -1
    outer loop
      vertex 95.1873 29.9544 0
      vertex 94.3221 27.2915 0
      vertex 94.6148 30.0761 0
    endloop
  endfacet
  facet normal 0 0 -1
    outer loop
      vertex 94.3221 27.2915 0
      vertex 94.0294 30.0761 0
      vertex 94.6148 30.0761 0
    endloop
  endfacet
  facet normal 0 0 -1
    outer loop
      vertex 93.4568 29.9544 0
      vertex 94.3221 27.2915 0
      vertex 93.7769 27.1407 0
    endloop
  endfacet
  facet normal 0 0 -1
    outer loop
      vertex 94.3221 27.2915 0
      vertex 93.4568 29.9544 0
      vertex 94.0294 30.0761 0
    endloop
  endfacet
  facet normal 0 0 -1
    outer loop
      vertex 91.3791 28.7387 0
      vertex 93.7769 27.1407 0
      vertex 93.2526 26.6579 0
    endloop
  endfacet
  facet normal 0 0 -1
    outer loop
      vertex 93.7769 27.1407 0
      vertex 92.9117 29.8037 0
      vertex 93.4568 29.9544 0
    endloop
  endfacet
  facet normal 0 0 -1
    outer loop
      vertex 90.6947 27.7968 0
      vertex 93.2526 26.6579 0
      vertex 92.7909 25.7976 0
    endloop
  endfacet
  facet normal 0 0 -1
    outer loop
      vertex 90.0521 26.3797 0
      vertex 92.7909 25.7976 0
      vertex 92.4333 24.5139 0
    endloop
  endfacet
  facet normal 0 0 -1
    outer loop
      vertex 93.7769 27.1407 0
      vertex 92.3769 29.5656 0
      vertex 92.9117 29.8037 0
    endloop
  endfacet
  facet normal 0 0 -1
    outer loop
      vertex 93.7769 27.1407 0
      vertex 91.9034 29.2215 0
      vertex 92.3769 29.5656 0
    endloop
  endfacet
  facet normal 0 0 -1
    outer loop
      vertex 93.7769 27.1407 0
      vertex 91.3791 28.7387 0
      vertex 91.9034 29.2215 0
    endloop
  endfacet
  facet normal 0 0 -1
    outer loop
      vertex 93.2526 26.6579 0
      vertex 90.9874 28.3037 0
      vertex 91.3791 28.7387 0
    endloop
  endfacet
  facet normal 0 0 -1
    outer loop
      vertex 93.2526 26.6579 0
      vertex 90.6947 27.7968 0
      vertex 90.9874 28.3037 0
    endloop
  endfacet
  facet normal 0 0 -1
    outer loop
      vertex 92.7909 25.7976 0
      vertex 90.233 26.9364 0
      vertex 90.6947 27.7968 0
    endloop
  endfacet
  facet normal 0 0 -1
    outer loop
      vertex 89.6945 25.0961 0
      vertex 92.4333 24.5139 0
      vertex 90.0539 15.3407 0
    endloop
  endfacet
  facet normal 0 0 -1
    outer loop
      vertex 92.7909 25.7976 0
      vertex 90.0521 26.3797 0
      vertex 90.233 26.9364 0
    endloop
  endfacet
  facet normal 0 0 -1
    outer loop
      vertex 92.4333 24.5139 0
      vertex 89.6945 25.0961 0
      vertex 90.0521 26.3797 0
    endloop
  endfacet
  facet normal 0 0 -1
    outer loop
      vertex 90.0539 15.3407 0
      vertex 87.3694 16.1323 0
      vertex 89.6945 25.0961 0
    endloop
  endfacet
  facet normal 0 0 -1
    outer loop
      vertex 87.1902 7.4826 0
      vertex 87.3694 16.1323 0
      vertex 90.0539 15.3407 0
    endloop
  endfacet
  facet normal 0 0 -1
    outer loop
      vertex 87.1902 7.4826 0
      vertex 84.6323 8.62147 0
      vertex 87.3694 16.1323 0
    endloop
  endfacet
  facet normal 0 0 -1
    outer loop
      vertex 82.5631 4.91236 0
      vertex 87.1902 7.4826 0
      vertex 84.1285 1.99425 0
    endloop
  endfacet
  facet normal -0 0 -1
    outer loop
      vertex 87.1902 7.4826 0
      vertex 82.5631 4.91236 0
      vertex 84.6323 8.62147 0
    endloop
  endfacet
  facet normal -0 0 -1
    outer loop
      vertex 85.1441 41.7878 0
      vertex 81.8342 37.7769 0
      vertex 82.4053 42.37 0
    endloop
  endfacet
  facet normal 0 0 -1
    outer loop
      vertex 82.5916 11.1652 0
      vertex 81.3777 33.9584 0
      vertex 81.8342 37.7769 0
    endloop
  endfacet
  facet normal 0 0 -1
    outer loop
      vertex 79.7109 6.8055 0
      vertex 82.5109 6.8055 0
      vertex 82.5631 4.91236 0
    endloop
  endfacet
  facet normal 0 0 -1
    outer loop
      vertex 80.0651 0.972061 0
      vertex 84.1285 1.99425 0
      vertex 81.1553 -0.0694275 0
    endloop
  endfacet
  facet normal 0 0 -1
    outer loop
      vertex 79.8125 3.12057 0
      vertex 84.1285 1.99425 0
      vertex 80.0651 0.972061 0
    endloop
  endfacet
  facet normal 0 0 -1
    outer loop
      vertex 80.0651 0.972061 0
      vertex 81.1553 -0.0694275 0
      vertex 80.9889 -0.0694275 0
    endloop
  endfacet
  facet normal 0 0 -1
    outer loop
      vertex 80.3906 -0.0305176 0
      vertex 80.9889 -0.0694275 0
      vertex 80.9689 -0.102005 0
    endloop
  endfacet
  facet normal 0 0 -1
    outer loop
      vertex 80.3906 -0.0305176 0
      vertex 80.9689 -0.102005 0
      vertex 80.9125 -0.173721 0
    endloop
  endfacet
  facet normal 0 0 -1
    outer loop
      vertex 80.7109 -0.277939 0
      vertex 80.9125 -0.173721 0
      vertex 80.8247 -0.245361 0
    endloop
  endfacet
  facet normal -0 0 -1
    outer loop
      vertex 80.9125 -0.173721 0
      vertex 80.7109 -0.277939 0
      vertex 80.3906 -0.0305176 0
    endloop
  endfacet
  facet normal 0 0 -1
    outer loop
      vertex 82.5916 11.1652 0
      vertex 80.5781 24.5204 0
      vertex 81.3777 33.9584 0
    endloop
  endfacet
  facet normal 0 0 -1
    outer loop
      vertex 80.9889 -0.0694275 0
      vertex 80.3906 -0.0305176 0
      vertex 80.0651 0.972061 0
    endloop
  endfacet
  facet normal 0 0 -1
    outer loop
      vertex 84.1285 1.99425 0
      vertex 79.8125 3.12057 0
      vertex 82.5631 4.91236 0
    endloop
  endfacet
  facet normal 0 0 -1
    outer loop
      vertex 82.5916 11.1652 0
      vertex 80.0651 16.9965 0
      vertex 80.5781 24.5204 0
    endloop
  endfacet
  facet normal -0 0 -1
    outer loop
      vertex 82.5631 4.91236 0
      vertex 79.8125 3.12057 0
      vertex 79.7109 6.8055 0
    endloop
  endfacet
  facet normal 0 0 -1
    outer loop
      vertex 82.5916 11.1652 0
      vertex 79.7916 11.1652 0
      vertex 80.0651 16.9965 0
    endloop
  endfacet
  facet normal 0 0 -1
    outer loop
      vertex 82.5109 6.8055 0
      vertex 79.7109 6.8055 0
      vertex 79.7916 11.1652 0
    endloop
  endfacet
  facet normal 0 0 -1
    outer loop
      vertex 83.0997 52.0834 0
      vertex 85.8997 52.0834 0
      vertex 85.6931 47.2886 0
    endloop
  endfacet
  facet normal 0 0 -1
    outer loop
      vertex 85.8997 52.0834 0
      vertex 83.0997 52.0834 0
      vertex 85.7409 55.3667 0
    endloop
  endfacet
  facet normal 0 0 -1
    outer loop
      vertex 82.8931 47.2886 0
      vertex 85.6931 47.2886 0
      vertex 85.2053 42.37 0
    endloop
  endfacet
  facet normal 0 -0 -1
    outer loop
      vertex 83.0997 52.0834 0
      vertex 85.6931 47.2886 0
      vertex 82.8931 47.2886 0
    endloop
  endfacet
  facet normal 0 0 -1
    outer loop
      vertex 82.4053 42.37 0
      vertex 85.2053 42.37 0
      vertex 85.1441 41.7878 0
    endloop
  endfacet
  facet normal 0 0 -1
    outer loop
      vertex 85.7409 55.3667 0
      vertex 82.9409 55.3667 0
      vertex 85.6797 55.9489 0
    endloop
  endfacet
  facet normal 0 0 -1
    outer loop
      vertex 81.8342 37.7769 0
      vertex 85.1441 41.7878 0
      vertex 84.573 37.1947 0
    endloop
  endfacet
  facet normal 0 0 -1
    outer loop
      vertex 81.8342 37.7769 0
      vertex 84.573 37.1947 0
      vertex 84.1572 33.7169 0
    endloop
  endfacet
  facet normal 0 0 -1
    outer loop
      vertex 82.9409 55.3667 0
      vertex 85.7409 55.3667 0
      vertex 83.0997 52.0834 0
    endloop
  endfacet
  facet normal 0 0 -1
    outer loop
      vertex 85.6797 55.9489 0
      vertex 82.4123 58.0902 0
      vertex 85.1511 58.6724 0
    endloop
  endfacet
  facet normal 0 0 -1
    outer loop
      vertex 81.8342 37.7769 0
      vertex 84.1572 33.7169 0
      vertex 83.3781 24.5204 0
    endloop
  endfacet
  facet normal -0 0 -1
    outer loop
      vertex 85.1511 58.6724 0
      vertex 82.4123 58.0902 0
      vertex 84.9702 59.2291 0
    endloop
  endfacet
  facet normal -0 0 -1
    outer loop
      vertex 84.9702 59.2291 0
      vertex 82.4123 58.0902 0
      vertex 83.9938 61.1714 0
    endloop
  endfacet
  facet normal 0 0 -1
    outer loop
      vertex 82.4123 58.0902 0
      vertex 85.6797 55.9489 0
      vertex 82.9409 55.3667 0
    endloop
  endfacet
  facet normal 0 0 -1
    outer loop
      vertex 81.8342 37.7769 0
      vertex 83.3781 24.5204 0
      vertex 82.8651 16.9965 0
    endloop
  endfacet
  facet normal 0 0 -1
    outer loop
      vertex 81.8342 37.7769 0
      vertex 82.8651 16.9965 0
      vertex 82.5916 11.1652 0
    endloop
  endfacet
  facet normal 0 0 -1
    outer loop
      vertex 79.7916 11.1652 0
      vertex 82.5916 11.1652 0
      vertex 82.5109 6.8055 0
    endloop
  endfacet
  facet normal 0 0 -1
    outer loop
      vertex 85.2053 42.37 0
      vertex 82.4053 42.37 0
      vertex 82.8931 47.2886 0
    endloop
  endfacet
  facet normal 0 0 -1
    outer loop
      vertex 81.4359 60.0326 0
      vertex 83.9938 61.1714 0
      vertex 82.4123 58.0902 0
    endloop
  endfacet
  facet normal -0 0 -1
    outer loop
      vertex 83.9938 61.1714 0
      vertex 81.4359 60.0326 0
      vertex 83.7011 61.6784 0
    endloop
  endfacet
  facet normal -0 0 -1
    outer loop
      vertex 83.7011 61.6784 0
      vertex 81.4359 60.0326 0
      vertex 83.3094 62.1134 0
    endloop
  endfacet
  facet normal -0 0 -1
    outer loop
      vertex 83.3094 62.1134 0
      vertex 81.4359 60.0326 0
      vertex 82.8359 62.4574 0
    endloop
  endfacet
  facet normal 0 0 -1
    outer loop
      vertex 79.9333 60.9724 0
      vertex 82.8359 62.4574 0
      vertex 81.4359 60.0326 0
    endloop
  endfacet
  facet normal -0 0 -1
    outer loop
      vertex 82.8359 62.4574 0
      vertex 79.9333 60.9724 0
      vertex 81.3333 63.3973 0
    endloop
  endfacet
  facet normal -0 0 -1
    outer loop
      vertex 81.3333 63.3973 0
      vertex 79.9333 60.9724 0
      vertex 80.7985 63.6354 0
    endloop
  endfacet
  facet normal -0 0 -1
    outer loop
      vertex 80.7985 63.6354 0
      vertex 79.9333 60.9724 0
      vertex 80.226 63.7571 0
    endloop
  endfacet
  facet normal 0 0 -1
    outer loop
      vertex 79.7665 60.9724 0
      vertex 80.226 63.7571 0
      vertex 79.9333 60.9724 0
    endloop
  endfacet
  facet normal 0 0 -1
    outer loop
      vertex 79.7665 60.9724 0
      vertex 79.4738 63.7571 0
      vertex 80.226 63.7571 0
    endloop
  endfacet
  facet normal 0 0 -1
    outer loop
      vertex 79.7665 60.9724 0
      vertex 78.9012 63.6354 0
      vertex 79.4738 63.7571 0
    endloop
  endfacet
  facet normal 0 0 -1
    outer loop
      vertex 79.7665 60.9724 0
      vertex 78.3665 63.3973 0
      vertex 78.9012 63.6354 0
    endloop
  endfacet
  facet normal 0 0 -1
    outer loop
      vertex 79.7665 60.9724 0
      vertex 77.8929 63.0532 0
      vertex 78.3665 63.3973 0
    endloop
  endfacet
  facet normal 0 0 -1
    outer loop
      vertex 75.2584 60.1453 0
      vertex 79.7665 60.9724 0
      vertex 77.132 58.0645 0
    endloop
  endfacet
  facet normal -0 0 -1
    outer loop
      vertex 79.7665 60.9724 0
      vertex 75.2584 60.1453 0
      vertex 77.8929 63.0532 0
    endloop
  endfacet
  facet normal 0 0 -1
    outer loop
      vertex 74.3931 58.6466 0
      vertex 77.132 58.0645 0
      vertex 74.9818 49.896 0
    endloop
  endfacet
  facet normal 0 -0 -1
    outer loop
      vertex 74.574 59.2034 0
      vertex 77.132 58.0645 0
      vertex 74.3931 58.6466 0
    endloop
  endfacet
  facet normal 0 0 -1
    outer loop
      vertex 77.132 58.0645 0
      vertex 74.8667 59.7103 0
      vertex 75.2584 60.1453 0
    endloop
  endfacet
  facet normal 0 0 -1
    outer loop
      vertex 77.132 58.0645 0
      vertex 74.574 59.2034 0
      vertex 74.8667 59.7103 0
    endloop
  endfacet
  facet normal 0 0 -1
    outer loop
      vertex 70.3324 37.8826 0
      vertex 74.9818 49.896 0
      vertex 73.0712 37.3004 0
    endloop
  endfacet
  facet normal 0 0 -1
    outer loop
      vertex 74.9818 49.896 0
      vertex 72.243 50.4782 0
      vertex 74.3931 58.6466 0
    endloop
  endfacet
  facet normal 0 0 -1
    outer loop
      vertex 68.9614 26.2974 0
      vertex 73.0712 37.3004 0
      vertex 71.1553 21.111 0
    endloop
  endfacet
  facet normal -0 0 -1
    outer loop
      vertex 74.9818 49.896 0
      vertex 70.3324 37.8826 0
      vertex 72.243 50.4782 0
    endloop
  endfacet
  facet normal -0 0 -1
    outer loop
      vertex 73.0712 37.3004 0
      vertex 70.2172 36.9096 0
      vertex 70.3324 37.8826 0
    endloop
  endfacet
  facet normal 0 0 -1
    outer loop
      vertex 68.4174 21.7003 0
      vertex 71.1553 21.111 0
      vertex 70.1848 18.1487 0
    endloop
  endfacet
  facet normal 0 0 -1
    outer loop
      vertex 69.3655 33.0209 0
      vertex 73.0712 37.3004 0
      vertex 69.3777 32.7084 0
    endloop
  endfacet
  facet normal 0 0 -1
    outer loop
      vertex 69.3221 33.3333 0
      vertex 73.0712 37.3004 0
      vertex 69.3655 33.0209 0
    endloop
  endfacet
  facet normal 0 0 -1
    outer loop
      vertex 68.8682 30.7803 0
      vertex 73.0712 37.3004 0
      vertex 68.9614 26.2974 0
    endloop
  endfacet
  facet normal 0 0 -1
    outer loop
      vertex 71.1553 21.111 0
      vertex 68.4174 21.7003 0
      vertex 68.9614 26.2974 0
    endloop
  endfacet
  facet normal 0 0 -1
    outer loop
      vertex 65.1669 13.4479 0
      vertex 70.1848 18.1487 0
      vertex 67.7248 12.309 0
    endloop
  endfacet
  facet normal 0 0 -1
    outer loop
      vertex 70.1848 18.1487 0
      vertex 67.6269 19.2876 0
      vertex 68.4174 21.7003 0
    endloop
  endfacet
  facet normal -0 0 -1
    outer loop
      vertex 70.1848 18.1487 0
      vertex 65.1669 13.4479 0
      vertex 67.6269 19.2876 0
    endloop
  endfacet
  facet normal 0 0 -1
    outer loop
      vertex 62.3241 8.48824 0
      vertex 67.7248 12.309 0
      vertex 64.4522 6.5995 0
    endloop
  endfacet
  facet normal -0 0 -1
    outer loop
      vertex 67.7248 12.309 0
      vertex 62.3241 8.48824 0
      vertex 65.1669 13.4479 0
    endloop
  endfacet
  facet normal 0 0 -1
    outer loop
      vertex 64.4522 6.5995 0
      vertex 61.7591 8.06193 0
      vertex 62.3241 8.48824 0
    endloop
  endfacet
  facet normal 0 0 -1
    outer loop
      vertex 59.2144 5.60005 0
      vertex 61.7591 8.06193 0
      vertex 61.0441 4.02794 0
    endloop
  endfacet
  facet normal 0 0 -1
    outer loop
      vertex 61.0441 4.02794 0
      vertex 61.7591 8.06193 0
      vertex 64.4522 6.5995 0
    endloop
  endfacet
  facet normal 0 0 -1
    outer loop
      vertex 69.237 33.6458 0
      vertex 73.0712 37.3004 0
      vertex 69.3221 33.3333 0
    endloop
  endfacet
  facet normal 0 0 -1
    outer loop
      vertex 73.0712 37.3004 0
      vertex 69.237 33.6458 0
      vertex 70.2172 36.9096 0
    endloop
  endfacet
  facet normal 0 0 -1
    outer loop
      vertex 69.0997 33.9584 0
      vertex 70.2172 36.9096 0
      vertex 69.237 33.6458 0
    endloop
  endfacet
  facet normal 0 0 -1
    outer loop
      vertex 68.3871 34.7972 0
      vertex 70.2172 36.9096 0
      vertex 69.0997 33.9584 0
    endloop
  endfacet
  facet normal -0 0 -1
    outer loop
      vertex 70.2172 36.9096 0
      vertex 68.3871 34.7972 0
      vertex 69.7871 37.2221 0
    endloop
  endfacet
  facet normal 0 0 -1
    outer loop
      vertex 67.5234 35.356 0
      vertex 69.7871 37.2221 0
      vertex 68.3871 34.7972 0
    endloop
  endfacet
  facet normal -0 0 -1
    outer loop
      vertex 69.7871 37.2221 0
      vertex 67.5234 35.356 0
      vertex 68.9234 37.7809 0
    endloop
  endfacet
  facet normal -0 0 -1
    outer loop
      vertex 68.9234 37.7809 0
      vertex 67.5234 35.356 0
      vertex 68.3887 38.0189 0
    endloop
  endfacet
  facet normal 0 0 -1
    outer loop
      vertex 67.5234 35.356 0
      vertex 67.4104 38.3304 0
      vertex 68.3887 38.0189 0
    endloop
  endfacet
  facet normal 0 0 -1
    outer loop
      vertex 66.5451 35.6674 0
      vertex 67.4104 38.3304 0
      vertex 67.5234 35.356 0
    endloop
  endfacet
  facet normal -0 0 -1
    outer loop
      vertex 67.4104 38.3304 0
      vertex 66.5451 35.6674 0
      vertex 66.8378 38.4521 0
    endloop
  endfacet
  facet normal 0 0 -1
    outer loop
      vertex 66.5451 35.6674 0
      vertex 65.7812 38.5486 0
      vertex 66.8378 38.4521 0
    endloop
  endfacet
  facet normal 0 0 -1
    outer loop
      vertex 65.4885 35.7639 0
      vertex 65.7812 38.5486 0
      vertex 66.5451 35.6674 0
    endloop
  endfacet
  facet normal 0 0 -1
    outer loop
      vertex 65.4885 35.7639 0
      vertex 65.1958 38.5486 0
      vertex 65.7812 38.5486 0
    endloop
  endfacet
  facet normal 0 0 -1
    outer loop
      vertex 64.5225 35.7031 0
      vertex 65.1958 38.5486 0
      vertex 65.4885 35.7639 0
    endloop
  endfacet
  facet normal 0 0 -1
    outer loop
      vertex 64.5225 35.7031 0
      vertex 64.2298 38.4878 0
      vertex 65.1958 38.5486 0
    endloop
  endfacet
  facet normal 0 0 -1
    outer loop
      vertex 63.2585 38.3228 0
      vertex 64.5225 35.7031 0
      vertex 63.5512 35.5382 0
    endloop
  endfacet
  facet normal 0 0 -1
    outer loop
      vertex 64.5225 35.7031 0
      vertex 63.2585 38.3228 0
      vertex 64.2298 38.4878 0
    endloop
  endfacet
  facet normal 0 0 -1
    outer loop
      vertex 63.5512 35.5382 0
      vertex 62.686 38.2011 0
      vertex 63.2585 38.3228 0
    endloop
  endfacet
  facet normal 0 0 -1
    outer loop
      vertex 62.5903 35.295 0
      vertex 62.686 38.2011 0
      vertex 63.5512 35.5382 0
    endloop
  endfacet
  facet normal 0 0 -1
    outer loop
      vertex 62.5903 35.295 0
      vertex 61.725 37.958 0
      vertex 62.686 38.2011 0
    endloop
  endfacet
  facet normal 0 0 -1
    outer loop
      vertex 61.6553 35 0
      vertex 61.725 37.958 0
      vertex 62.5903 35.295 0
    endloop
  endfacet
  facet normal 0 0 -1
    outer loop
      vertex 61.6553 35 0
      vertex 60.7901 37.663 0
      vertex 61.725 37.958 0
    endloop
  endfacet
  facet normal 0 0 -1
    outer loop
      vertex 61.6553 35 0
      vertex 60.2553 37.4249 0
      vertex 60.7901 37.663 0
    endloop
  endfacet
  facet normal 0 0 -1
    outer loop
      vertex 61.6553 35 0
      vertex 59.7818 37.0808 0
      vertex 60.2553 37.4249 0
    endloop
  endfacet
  facet normal 0 0 -1
    outer loop
      vertex 57.8403 32.0551 0
      vertex 59.7818 37.0808 0
      vertex 61.6553 35 0
    endloop
  endfacet
  facet normal 0 0 -1
    outer loop
      vertex 57.8403 32.0551 0
      vertex 55.9667 34.1359 0
      vertex 59.7818 37.0808 0
    endloop
  endfacet
  facet normal 0 0 -1
    outer loop
      vertex 57.8403 32.0551 0
      vertex 55.575 33.7009 0
      vertex 55.9667 34.1359 0
    endloop
  endfacet
  facet normal 0 0 -1
    outer loop
      vertex 52.3276 28.2431 0
      vertex 57.8403 32.0551 0
      vertex 54.5928 26.5973 0
    endloop
  endfacet
  facet normal 0 0 -1
    outer loop
      vertex 51.854 27.1794 0
      vertex 54.5928 26.5973 0
      vertex 52.3349 19.629 0
    endloop
  endfacet
  facet normal -0 0 -1
    outer loop
      vertex 57.8403 32.0551 0
      vertex 52.3276 28.2431 0
      vertex 55.575 33.7009 0
    endloop
  endfacet
  facet normal 0 -0 -1
    outer loop
      vertex 52.0349 27.7362 0
      vertex 54.5928 26.5973 0
      vertex 51.854 27.1794 0
    endloop
  endfacet
  facet normal 0 0 -1
    outer loop
      vertex 54.5928 26.5973 0
      vertex 52.0349 27.7362 0
      vertex 52.3276 28.2431 0
    endloop
  endfacet
  facet normal 0 0 -1
    outer loop
      vertex 48.7497 12.7351 0
      vertex 52.3349 19.629 0
      vertex 51.4885 12.1529 0
    endloop
  endfacet
  facet normal 0 0 -1
    outer loop
      vertex 51.5287 11.6487 0
      vertex 48.7084 11.9035 0
      vertex 51.4885 12.1529 0
    endloop
  endfacet
  facet normal 0 0 -1
    outer loop
      vertex 52.3349 19.629 0
      vertex 49.5961 20.2111 0
      vertex 51.854 27.1794 0
    endloop
  endfacet
  facet normal -0 0 -1
    outer loop
      vertex 52.3349 19.629 0
      vertex 48.7497 12.7351 0
      vertex 49.5961 20.2111 0
    endloop
  endfacet
  facet normal 0 0 -1
    outer loop
      vertex 48.6885 12.1529 0
      vertex 51.4885 12.1529 0
      vertex 48.7084 11.9035 0
    endloop
  endfacet
  facet normal 0 0 -1
    outer loop
      vertex 51.0101 9.56581 0
      vertex 48.3718 10.5516 0
      vertex 48.7084 11.9035 0
    endloop
  endfacet
  facet normal 0 0 -1
    outer loop
      vertex 44.9754 4.08347 0
      vertex 51.0101 9.56581 0
      vertex 47.0275 1.98128 0
    endloop
  endfacet
  facet normal -0 0 -1
    outer loop
      vertex 51.0101 9.56581 0
      vertex 44.9754 4.08347 0
      vertex 48.3718 10.5516 0
    endloop
  endfacet
  facet normal 0 0 -1
    outer loop
      vertex 47.0275 1.98128 0
      vertex 41.5722 2.39941 0
      vertex 44.9754 4.08347 0
    endloop
  endfacet
  facet normal -0 0 -1
    outer loop
      vertex 43.4848 36.4851 0
      vertex 40.746 35.9029 0
      vertex 43.304 37.0418 0
    endloop
  endfacet
  facet normal 0 0 -1
    outer loop
      vertex 43.7493 23.2193 0
      vertex 40.9493 23.2193 0
      vertex 41.3572 30.2084 0
    endloop
  endfacet
  facet normal 0 0 -1
    outer loop
      vertex 40.3572 -1.31943 0
      vertex 41.5722 2.39941 0
      vertex 47.0275 1.98128 0
    endloop
  endfacet
  facet normal 0 0 -1
    outer loop
      vertex 39.1141 -0.138931 0
      vertex 41.5722 2.39941 0
      vertex 40.3572 -1.31943 0
    endloop
  endfacet
  facet normal 0 0 -1
    outer loop
      vertex 38.8337 1.18034 0
      vertex 41.5722 2.39941 0
      vertex 39.1141 -0.138931 0
    endloop
  endfacet
  facet normal -0 0 -1
    outer loop
      vertex 43.6881 22.6371 0
      vertex 40.0516 15.7551 0
      vertex 40.9493 23.2193 0
    endloop
  endfacet
  facet normal 0 0 -1
    outer loop
      vertex 39.1141 -0.138931 0
      vertex 40.3572 -1.31943 0
      vertex 39.6133 -0.989609 0
    endloop
  endfacet
  facet normal -0 0 -1
    outer loop
      vertex 42.7904 15.1729 0
      vertex 39.1541 8.69453 0
      vertex 40.0516 15.7551 0
    endloop
  endfacet
  facet normal 0 0 -1
    outer loop
      vertex 38.746 2.91649 0
      vertex 41.5722 2.39941 0
      vertex 38.8337 1.18034 0
    endloop
  endfacet
  facet normal 0 0 -1
    outer loop
      vertex 41.5722 2.39941 0
      vertex 38.746 2.91649 0
      vertex 41.546 2.91649 0
    endloop
  endfacet
  facet normal 0 0 -1
    outer loop
      vertex 41.546 2.91649 0
      vertex 38.746 2.91649 0
      vertex 39.1541 8.69453 0
    endloop
  endfacet
  facet normal 0 0 -1
    outer loop
      vertex 73.0712 37.3004 0
      vertex 68.8682 30.7803 0
      vertex 69.3777 32.7084 0
    endloop
  endfacet
  facet normal 0 0 -1
    outer loop
      vertex 66.1198 27.3665 0
      vertex 68.9614 26.2974 0
      vertex 67.9934 25.2857 0
    endloop
  endfacet
  facet normal 0 0 -1
    outer loop
      vertex 68.9614 26.2974 0
      vertex 67.6346 28.9497 0
      vertex 68.8682 30.7803 0
    endloop
  endfacet
  facet normal 0 0 -1
    outer loop
      vertex 66.1198 27.3665 0
      vertex 67.9934 25.2857 0
      vertex 66.8857 24.315 0
    endloop
  endfacet
  facet normal 0 0 -1
    outer loop
      vertex 68.9614 26.2974 0
      vertex 66.1198 27.3665 0
      vertex 67.6346 28.9497 0
    endloop
  endfacet
  facet normal 0 0 -1
    outer loop
      vertex 66.8857 24.315 0
      vertex 64.7665 26.1805 0
      vertex 66.1198 27.3665 0
    endloop
  endfacet
  facet normal 0 0 -1
    outer loop
      vertex 61.8628 21.8109 0
      vertex 66.8857 24.315 0
      vertex 64.3587 20.5122 0
    endloop
  endfacet
  facet normal 0 0 -1
    outer loop
      vertex 60.079 17.2134 0
      vertex 64.3587 20.5122 0
      vertex 62.7788 16.4404 0
    endloop
  endfacet
  facet normal -0 0 -1
    outer loop
      vertex 66.8857 24.315 0
      vertex 61.8628 21.8109 0
      vertex 64.7665 26.1805 0
    endloop
  endfacet
  facet normal 0 0 -1
    outer loop
      vertex 59.1807 12.8114 0
      vertex 62.7788 16.4404 0
      vertex 61.9535 12.396 0
    endloop
  endfacet
  facet normal 0 0 -1
    outer loop
      vertex 58.9333 9.02794 0
      vertex 61.9535 12.396 0
      vertex 61.7333 9.02794 0
    endloop
  endfacet
  facet normal 0 0 -1
    outer loop
      vertex 58.9715 7.5988 0
      vertex 61.7591 8.06193 0
      vertex 59.0721 6.44966 0
    endloop
  endfacet
  facet normal 0 0 -1
    outer loop
      vertex 60.1901 4.28825 0
      vertex 61.0441 4.02794 0
      vertex 60.6196 4.09302 0
    endloop
  endfacet
  facet normal 0 0 -1
    outer loop
      vertex 59.7709 4.61372 0
      vertex 61.0441 4.02794 0
      vertex 60.1901 4.28825 0
    endloop
  endfacet
  facet normal -0 0 -1
    outer loop
      vertex 64.3587 20.5122 0
      vertex 60.079 17.2134 0
      vertex 61.8628 21.8109 0
    endloop
  endfacet
  facet normal 0 0 -1
    outer loop
      vertex 61.0441 4.02794 0
      vertex 59.7709 4.61372 0
      vertex 59.2144 5.60005 0
    endloop
  endfacet
  facet normal 0 0 -1
    outer loop
      vertex 59.2144 5.60005 0
      vertex 59.7709 4.61372 0
      vertex 59.3777 5.06943 0
    endloop
  endfacet
  facet normal 0 0 -1
    outer loop
      vertex 61.7591 8.06193 0
      vertex 59.2144 5.60005 0
      vertex 59.0721 6.44966 0
    endloop
  endfacet
  facet normal -0 0 -1
    outer loop
      vertex 62.7788 16.4404 0
      vertex 59.1807 12.8114 0
      vertex 60.079 17.2134 0
    endloop
  endfacet
  facet normal 0 0 -1
    outer loop
      vertex 58.9333 9.02794 0
      vertex 61.7591 8.06193 0
      vertex 58.9715 7.5988 0
    endloop
  endfacet
  facet normal 0 0 -1
    outer loop
      vertex 61.7591 8.06193 0
      vertex 58.9333 9.02794 0
      vertex 61.7333 9.02794 0
    endloop
  endfacet
  facet normal -0 0 -1
    outer loop
      vertex 61.9535 12.396 0
      vertex 58.9333 9.02794 0
      vertex 59.1807 12.8114 0
    endloop
  endfacet
  facet normal 0 0 -1
    outer loop
      vertex 42.5797 49.4444 0
      vertex 45.371 49.6008 0
      vertex 45.3797 49.4444 0
    endloop
  endfacet
  facet normal 0 0 -1
    outer loop
      vertex 42.5797 49.4444 0
      vertex 45.3797 49.4444 0
      vertex 45.3185 48.8623 0
    endloop
  endfacet
  facet normal 0 0 -1
    outer loop
      vertex 42.571 49.6008 0
      vertex 45.371 49.6008 0
      vertex 42.5797 49.4444 0
    endloop
  endfacet
  facet normal 0 0 -1
    outer loop
      vertex 45.371 49.6008 0
      vertex 42.571 49.6008 0
      vertex 45.3267 50.0222 0
    endloop
  endfacet
  facet normal 0 0 -1
    outer loop
      vertex 42.2941 47.8255 0
      vertex 45.3185 48.8623 0
      vertex 45.0329 47.2434 0
    endloop
  endfacet
  facet normal 0 0 -1
    outer loop
      vertex 42.2941 47.8255 0
      vertex 45.0329 47.2434 0
      vertex 44.852 46.6867 0
    endloop
  endfacet
  facet normal 0 0 -1
    outer loop
      vertex 42.5328 49.9132 0
      vertex 45.3267 50.0222 0
      vertex 42.571 49.6008 0
    endloop
  endfacet
  facet normal -0 0 -1
    outer loop
      vertex 45.3267 50.0222 0
      vertex 42.5328 49.9132 0
      vertex 45.324 50.0694 0
    endloop
  endfacet
  facet normal 0 0 -1
    outer loop
      vertex 42.2941 47.8255 0
      vertex 44.852 46.6867 0
      vertex 44.5593 46.1797 0
    endloop
  endfacet
  facet normal 0 0 -1
    outer loop
      vertex 42.524 50.0694 0
      vertex 45.324 50.0694 0
      vertex 42.5328 49.9132 0
    endloop
  endfacet
  facet normal 0 0 -1
    outer loop
      vertex 41.5449 46.5452 0
      vertex 44.5593 46.1797 0
      vertex 43.8101 44.8994 0
    endloop
  endfacet
  facet normal 0 0 -1
    outer loop
      vertex 45.324 50.0694 0
      vertex 42.524 50.0694 0
      vertex 45.2629 50.6516 0
    endloop
  endfacet
  facet normal 0 0 -1
    outer loop
      vertex 41.5449 46.5452 0
      vertex 43.8101 44.8994 0
      vertex 43.4184 44.4644 0
    endloop
  endfacet
  facet normal 0 0 -1
    outer loop
      vertex 42.0596 51.9802 0
      vertex 44.7984 52.5624 0
      vertex 42.524 50.0694 0
    endloop
  endfacet
  facet normal -0 0 -1
    outer loop
      vertex 44.6175 53.1191 0
      vertex 42.0596 51.9802 0
      vertex 44.3248 53.626 0
    endloop
  endfacet
  facet normal -0 0 -1
    outer loop
      vertex 44.7984 52.5624 0
      vertex 42.0596 51.9802 0
      vertex 44.6175 53.1191 0
    endloop
  endfacet
  facet normal 0 0 -1
    outer loop
      vertex 41.5449 46.5452 0
      vertex 43.4184 44.4644 0
      vertex 42.3672 43.5746 0
    endloop
  endfacet
  facet normal -0 0 -1
    outer loop
      vertex 45.3185 48.8623 0
      vertex 42.2941 47.8255 0
      vertex 42.5797 49.4444 0
    endloop
  endfacet
  facet normal 0 0 -1
    outer loop
      vertex 40.4936 45.6554 0
      vertex 42.3672 43.5746 0
      vertex 41.8936 43.2305 0
    endloop
  endfacet
  facet normal 0 0 -1
    outer loop
      vertex 44.5593 46.1797 0
      vertex 41.5449 46.5452 0
      vertex 42.2941 47.8255 0
    endloop
  endfacet
  facet normal 0 0 -1
    outer loop
      vertex 40.4936 45.6554 0
      vertex 41.8936 43.2305 0
      vertex 41.3588 42.9924 0
    endloop
  endfacet
  facet normal 0 0 -1
    outer loop
      vertex 42.3672 43.5746 0
      vertex 40.4936 45.6554 0
      vertex 41.5449 46.5452 0
    endloop
  endfacet
  facet normal 0 0 -1
    outer loop
      vertex 39.3016 45.2084 0
      vertex 41.3588 42.9924 0
      vertex 40.1669 42.5455 0
    endloop
  endfacet
  facet normal 0 0 -1
    outer loop
      vertex 39.3016 45.2084 0
      vertex 40.1669 42.5455 0
      vertex 39.5943 42.4238 0
    endloop
  endfacet
  facet normal 0 0 -1
    outer loop
      vertex 39.0934 45.1683 0
      vertex 39.5943 42.4238 0
      vertex 39.3861 42.3836 0
    endloop
  endfacet
  facet normal 0 0 -1
    outer loop
      vertex 41.3588 42.9924 0
      vertex 39.3016 45.2084 0
      vertex 40.4936 45.6554 0
    endloop
  endfacet
  facet normal 0 0 -1
    outer loop
      vertex 39.0934 45.1683 0
      vertex 39.3861 42.3836 0
      vertex 39.1777 42.363 0
    endloop
  endfacet
  facet normal 0 0 -1
    outer loop
      vertex 39.5943 42.4238 0
      vertex 39.0934 45.1683 0
      vertex 39.3016 45.2084 0
    endloop
  endfacet
  facet normal 0 0 -1
    outer loop
      vertex 38.8851 45.1476 0
      vertex 39.1777 42.363 0
      vertex 38.9694 42.3554 0
    endloop
  endfacet
  facet normal 0 0 -1
    outer loop
      vertex 39.1777 42.363 0
      vertex 38.8851 45.1476 0
      vertex 39.0934 45.1683 0
    endloop
  endfacet
  facet normal 0 0 -1
    outer loop
      vertex 38.7611 42.3543 0
      vertex 38.8851 45.1476 0
      vertex 38.9694 42.3554 0
    endloop
  endfacet
  facet normal 0 0 -1
    outer loop
      vertex 38.7611 42.3543 0
      vertex 38.6767 45.1401 0
      vertex 38.8851 45.1476 0
    endloop
  endfacet
  facet normal 0 0 -1
    outer loop
      vertex 38.7611 42.3543 0
      vertex 38.4684 45.1389 0
      vertex 38.6767 45.1401 0
    endloop
  endfacet
  facet normal 0 0 -1
    outer loop
      vertex 38.1758 42.3543 0
      vertex 38.4684 45.1389 0
      vertex 38.7611 42.3543 0
    endloop
  endfacet
  facet normal 0 0 -1
    outer loop
      vertex 36.9092 42.5757 0
      vertex 38.4684 45.1389 0
      vertex 38.1758 42.3543 0
    endloop
  endfacet
  facet normal -0 0 -1
    outer loop
      vertex 38.4684 45.1389 0
      vertex 36.9092 42.5757 0
      vertex 37.2018 45.3603 0
    endloop
  endfacet
  facet normal 0 0 -1
    outer loop
      vertex 36.3366 42.6974 0
      vertex 37.2018 45.3603 0
      vertex 36.9092 42.5757 0
    endloop
  endfacet
  facet normal 0 0 -1
    outer loop
      vertex 35.8018 42.9355 0
      vertex 37.2018 45.3603 0
      vertex 36.3366 42.6974 0
    endloop
  endfacet
  facet normal 0 0 -1
    outer loop
      vertex 34.728 43.5995 0
      vertex 37.2018 45.3603 0
      vertex 35.8018 42.9355 0
    endloop
  endfacet
  facet normal -0 0 -1
    outer loop
      vertex 37.2018 45.3603 0
      vertex 34.728 43.5995 0
      vertex 36.128 46.0243 0
    endloop
  endfacet
  facet normal 0 0 -1
    outer loop
      vertex 34.2544 43.9435 0
      vertex 36.128 46.0243 0
      vertex 34.728 43.5995 0
    endloop
  endfacet
  facet normal 0 0 -1
    outer loop
      vertex 33.8627 44.3785 0
      vertex 36.128 46.0243 0
      vertex 34.2544 43.9435 0
    endloop
  endfacet
  facet normal -0 0 -1
    outer loop
      vertex 35.3355 47.131 0
      vertex 32.5967 46.5489 0
      vertex 34.9128 48.6805 0
    endloop
  endfacet
  facet normal 0 0 -1
    outer loop
      vertex 32.5967 46.5489 0
      vertex 35.3355 47.131 0
      vertex 32.7776 45.9922 0
    endloop
  endfacet
  facet normal 0 0 -1
    outer loop
      vertex 32.7776 45.9922 0
      vertex 35.3355 47.131 0
      vertex 33.0703 45.4852 0
    endloop
  endfacet
  facet normal -0 0 -1
    outer loop
      vertex 36.128 46.0243 0
      vertex 33.0703 45.4852 0
      vertex 35.3355 47.131 0
    endloop
  endfacet
  facet normal 0 0 -1
    outer loop
      vertex 41.2253 53.2725 0
      vertex 44.3248 53.626 0
      vertex 42.0596 51.9802 0
    endloop
  endfacet
  facet normal -0 0 -1
    outer loop
      vertex 45.2629 50.6516 0
      vertex 42.524 50.0694 0
      vertex 44.7984 52.5624 0
    endloop
  endfacet
  facet normal -0 0 -1
    outer loop
      vertex 44.3248 53.626 0
      vertex 41.2253 53.2725 0
      vertex 43.4906 54.9183 0
    endloop
  endfacet
  facet normal -0 0 -1
    outer loop
      vertex 43.4906 54.9183 0
      vertex 41.2253 53.2725 0
      vertex 43.0989 55.3533 0
    endloop
  endfacet
  facet normal -0 0 -1
    outer loop
      vertex 43.0989 55.3533 0
      vertex 41.2253 53.2725 0
      vertex 42.6253 55.6973 0
    endloop
  endfacet
  facet normal 0 0 -1
    outer loop
      vertex 40.1099 54.0048 0
      vertex 42.6253 55.6973 0
      vertex 41.2253 53.2725 0
    endloop
  endfacet
  facet normal -0 0 -1
    outer loop
      vertex 42.6253 55.6973 0
      vertex 40.1099 54.0048 0
      vertex 41.5099 56.4297 0
    endloop
  endfacet
  facet normal -0 0 -1
    outer loop
      vertex 41.5099 56.4297 0
      vertex 40.1099 54.0048 0
      vertex 40.9752 56.6678 0
    endloop
  endfacet
  facet normal -0 0 -1
    outer loop
      vertex 40.9752 56.6678 0
      vertex 40.1099 54.0048 0
      vertex 40.4026 56.7895 0
    endloop
  endfacet
  facet normal 0 0 -1
    outer loop
      vertex 38.8016 54.236 0
      vertex 40.4026 56.7895 0
      vertex 40.1099 54.0048 0
    endloop
  endfacet
  facet normal -0 0 -1
    outer loop
      vertex 40.4026 56.7895 0
      vertex 38.8016 54.236 0
      vertex 39.0943 57.0207 0
    endloop
  endfacet
  facet normal 0 0 -1
    outer loop
      vertex 38.509 57.0207 0
      vertex 38.8016 54.236 0
      vertex 38.5934 54.2348 0
    endloop
  endfacet
  facet normal 0 0 -1
    outer loop
      vertex 38.8016 54.236 0
      vertex 38.509 57.0207 0
      vertex 39.0943 57.0207 0
    endloop
  endfacet
  facet normal 0 0 -1
    outer loop
      vertex 38.3851 54.2273 0
      vertex 38.509 57.0207 0
      vertex 38.5934 54.2348 0
    endloop
  endfacet
  facet normal 0 0 -1
    outer loop
      vertex 38.3851 54.2273 0
      vertex 38.3007 57.0195 0
      vertex 38.509 57.0207 0
    endloop
  endfacet
  facet normal 0 0 -1
    outer loop
      vertex 38.0924 57.012 0
      vertex 38.3851 54.2273 0
      vertex 38.1767 54.2066 0
    endloop
  endfacet
  facet normal 0 0 -1
    outer loop
      vertex 38.3851 54.2273 0
      vertex 38.0924 57.012 0
      vertex 38.3007 57.0195 0
    endloop
  endfacet
  facet normal 0 0 -1
    outer loop
      vertex 37.6758 56.9511 0
      vertex 38.1767 54.2066 0
      vertex 37.9684 54.1665 0
    endloop
  endfacet
  facet normal 0 0 -1
    outer loop
      vertex 38.1767 54.2066 0
      vertex 37.884 56.9913 0
      vertex 38.0924 57.012 0
    endloop
  endfacet
  facet normal 0 0 -1
    outer loop
      vertex 38.1767 54.2066 0
      vertex 37.6758 56.9511 0
      vertex 37.884 56.9913 0
    endloop
  endfacet
  facet normal 0 0 -1
    outer loop
      vertex 37.9684 54.1665 0
      vertex 37.1032 56.8294 0
      vertex 37.6758 56.9511 0
    endloop
  endfacet
  facet normal 0 0 -1
    outer loop
      vertex 36.5684 56.5914 0
      vertex 37.9684 54.1665 0
      vertex 36.826 53.6425 0
    endloop
  endfacet
  facet normal 0 0 -1
    outer loop
      vertex 37.9684 54.1665 0
      vertex 36.5684 56.5914 0
      vertex 37.1032 56.8294 0
    endloop
  endfacet
  facet normal 0 0 -1
    outer loop
      vertex 33.956 54.6589 0
      vertex 36.826 53.6425 0
      vertex 35.8295 52.5781 0
    endloop
  endfacet
  facet normal 0 0 -1
    outer loop
      vertex 36.826 53.6425 0
      vertex 35.426 56.0674 0
      vertex 36.5684 56.5914 0
    endloop
  endfacet
  facet normal 0 0 -1
    outer loop
      vertex 33.2716 53.717 0
      vertex 35.8295 52.5781 0
      vertex 35.1246 51.11 0
    endloop
  endfacet
  facet normal 0 0 -1
    outer loop
      vertex 36.826 53.6425 0
      vertex 34.9525 55.7233 0
      vertex 35.426 56.0674 0
    endloop
  endfacet
  facet normal 0 0 -1
    outer loop
      vertex 32.1184 49.9571 0
      vertex 35.1246 51.11 0
      vertex 34.8572 49.375 0
    endloop
  endfacet
  facet normal 0 0 -1
    outer loop
      vertex 32.174 48.0983 0
      vertex 34.9128 48.6805 0
      vertex 32.5967 46.5489 0
    endloop
  endfacet
  facet normal 0 0 -1
    outer loop
      vertex 33.0703 45.4852 0
      vertex 36.128 46.0243 0
      vertex 33.8627 44.3785 0
    endloop
  endfacet
  facet normal 0 0 -1
    outer loop
      vertex 36.826 53.6425 0
      vertex 33.956 54.6589 0
      vertex 34.9525 55.7233 0
    endloop
  endfacet
  facet normal 0 0 -1
    outer loop
      vertex 32.1419 48.2655 0
      vertex 34.9128 48.6805 0
      vertex 32.174 48.0983 0
    endloop
  endfacet
  facet normal -0 0 -1
    outer loop
      vertex 35.1246 51.11 0
      vertex 32.1184 49.9571 0
      vertex 32.3858 51.6922 0
    endloop
  endfacet
  facet normal 0 0 -1
    outer loop
      vertex 35.8295 52.5781 0
      vertex 33.5643 54.2239 0
      vertex 33.956 54.6589 0
    endloop
  endfacet
  facet normal -0 0 -1
    outer loop
      vertex 34.9128 48.6805 0
      vertex 32.1419 48.2655 0
      vertex 34.8807 48.8477 0
    endloop
  endfacet
  facet normal 0 0 -1
    outer loop
      vertex 32.0807 48.8477 0
      vertex 34.8807 48.8477 0
      vertex 32.1419 48.2655 0
    endloop
  endfacet
  facet normal 0 0 -1
    outer loop
      vertex 34.8807 48.8477 0
      vertex 32.0807 48.8477 0
      vertex 34.8642 49.0277 0
    endloop
  endfacet
  facet normal 0 0 -1
    outer loop
      vertex 35.8295 52.5781 0
      vertex 33.2716 53.717 0
      vertex 33.5643 54.2239 0
    endloop
  endfacet
  facet normal 0 0 -1
    outer loop
      vertex 35.1246 51.11 0
      vertex 32.5667 52.2489 0
      vertex 33.2716 53.717 0
    endloop
  endfacet
  facet normal -0 0 -1
    outer loop
      vertex 34.8642 49.0277 0
      vertex 32.0807 48.8477 0
      vertex 34.8582 49.2078 0
    endloop
  endfacet
  facet normal 0 0 -1
    outer loop
      vertex 32.0642 49.0277 0
      vertex 34.8582 49.2078 0
      vertex 32.0807 48.8477 0
    endloop
  endfacet
  facet normal 0 0 -1
    outer loop
      vertex 35.1246 51.11 0
      vertex 32.3858 51.6922 0
      vertex 32.5667 52.2489 0
    endloop
  endfacet
  facet normal 0 0 -1
    outer loop
      vertex 32.0582 49.2078 0
      vertex 34.8582 49.2078 0
      vertex 32.0642 49.0277 0
    endloop
  endfacet
  facet normal 0 0 -1
    outer loop
      vertex 34.8582 49.2078 0
      vertex 32.0582 49.2078 0
      vertex 34.8572 49.375 0
    endloop
  endfacet
  facet normal 0 0 -1
    outer loop
      vertex 32.0572 49.375 0
      vertex 34.8572 49.375 0
      vertex 32.0582 49.2078 0
    endloop
  endfacet
  facet normal 0 0 -1
    outer loop
      vertex 34.8572 49.375 0
      vertex 32.0572 49.375 0
      vertex 32.1184 49.9571 0
    endloop
  endfacet
  facet normal 0 0 1
    outer loop
      vertex 17.8332 23.0555 2.25
      vertex 19.6332 23.0555 2.25
      vertex 19.572 23.6376 2.25
    endloop
  endfacet
  facet normal -0 0 1
    outer loop
      vertex 17.7664 23.6859 2.25
      vertex 19.572 23.6376 2.25
      vertex 19.5052 24.2681 2.25
    endloop
  endfacet
  facet normal 0 0 1
    outer loop
      vertex 19.6332 23.0555 2.25
      vertex 17.8332 23.0555 2.25
      vertex 19.572 22.4733 2.25
    endloop
  endfacet
  facet normal 0 0 1
    outer loop
      vertex 17.6902 24.0686 2.25
      vertex 19.5052 24.2681 2.25
      vertex 19.3243 24.8248 2.25
    endloop
  endfacet
  facet normal 0 0 1
    outer loop
      vertex 17.7377 22.2971 2.25
      vertex 19.572 22.4733 2.25
      vertex 17.8332 23.0555 2.25
    endloop
  endfacet
  facet normal 0 0 1
    outer loop
      vertex 17.4724 24.6796 2.25
      vertex 19.3243 24.8248 2.25
      vertex 19.1064 25.4357 2.25
    endloop
  endfacet
  facet normal 0 0 1
    outer loop
      vertex 19.572 22.4733 2.25
      vertex 17.7377 22.2971 2.25
      vertex 19.4765 21.7149 2.25
    endloop
  endfacet
  facet normal 0 0 1
    outer loop
      vertex 17.4724 24.6796 2.25
      vertex 19.1064 25.4357 2.25
      vertex 18.8138 25.9427 2.25
    endloop
  endfacet
  facet normal -0 0 1
    outer loop
      vertex 17.6615 21.9144 2.25
      vertex 19.4765 21.7149 2.25
      vertex 17.7377 22.2971 2.25
    endloop
  endfacet
  facet normal 0 0 1
    outer loop
      vertex 17.2556 25.004 2.25
      vertex 18.8138 25.9427 2.25
      vertex 18.4189 26.4885 2.25
    endloop
  endfacet
  facet normal 0 0 1
    outer loop
      vertex 19.4765 21.7149 2.25
      vertex 17.6615 21.9144 2.25
      vertex 19.2956 21.1582 2.25
    endloop
  endfacet
  facet normal 0 0 1
    outer loop
      vertex 16.8607 25.5498 2.25
      vertex 18.4189 26.4885 2.25
      vertex 18.0272 26.9235 2.25
    endloop
  endfacet
  facet normal -0 0 1
    outer loop
      vertex 17.4098 21.2405 2.25
      vertex 19.2956 21.1582 2.25
      vertex 17.6615 21.9144 2.25
    endloop
  endfacet
  facet normal 0 0 1
    outer loop
      vertex 19.2956 21.1582 2.25
      vertex 17.4098 21.2405 2.25
      vertex 19.0439 20.4844 2.25
    endloop
  endfacet
  facet normal 0 0 1
    outer loop
      vertex 19.572 23.6376 2.25
      vertex 17.7664 23.6859 2.25
      vertex 17.8332 23.0555 2.25
    endloop
  endfacet
  facet normal 0 0 1
    outer loop
      vertex 19.5052 24.2681 2.25
      vertex 17.6902 24.0686 2.25
      vertex 17.7664 23.6859 2.25
    endloop
  endfacet
  facet normal 0 0 1
    outer loop
      vertex 19.3243 24.8248 2.25
      vertex 17.4724 24.6796 2.25
      vertex 17.6902 24.0686 2.25
    endloop
  endfacet
  facet normal 0 0 1
    outer loop
      vertex 16.8607 25.5498 2.25
      vertex 18.0272 26.9235 2.25
      vertex 17.4645 27.333 2.25
    endloop
  endfacet
  facet normal 0 0 1
    outer loop
      vertex 18.8138 25.9427 2.25
      vertex 17.2556 25.004 2.25
      vertex 17.4724 24.6796 2.25
    endloop
  endfacet
  facet normal 0 0 1
    outer loop
      vertex 16.0023 26.2878 2.25
      vertex 17.4645 27.333 2.25
      vertex 17.1687 27.6615 2.25
    endloop
  endfacet
  facet normal 0 0 1
    outer loop
      vertex 18.4189 26.4885 2.25
      vertex 16.8607 25.5498 2.25
      vertex 17.2556 25.004 2.25
    endloop
  endfacet
  facet normal 0 0 1
    outer loop
      vertex 16.0023 26.2878 2.25
      vertex 17.1687 27.6615 2.25
      vertex 16.6952 28.0055 2.25
    endloop
  endfacet
  facet normal 0 0 1
    outer loop
      vertex 15.3965 26.6966 2.25
      vertex 16.6952 28.0055 2.25
      vertex 16.4139 28.1976 2.25
    endloop
  endfacet
  facet normal 0 0 1
    outer loop
      vertex 17.4645 27.333 2.25
      vertex 16.2626 25.985 2.25
      vertex 16.8607 25.5498 2.25
    endloop
  endfacet
  facet normal 0 0 1
    outer loop
      vertex 17.4645 27.333 2.25
      vertex 16.0023 26.2878 2.25
      vertex 16.2626 25.985 2.25
    endloop
  endfacet
  facet normal 0 0 1
    outer loop
      vertex 15.3965 26.6966 2.25
      vertex 16.4139 28.1976 2.25
      vertex 15.8791 28.4357 2.25
    endloop
  endfacet
  facet normal 0 0 1
    outer loop
      vertex 16.6952 28.0055 2.25
      vertex 15.721 26.4798 2.25
      vertex 16.0023 26.2878 2.25
    endloop
  endfacet
  facet normal 0 0 1
    outer loop
      vertex 15.0944 26.7975 2.25
      vertex 15.8791 28.4357 2.25
      vertex 15.577 28.5366 2.25
    endloop
  endfacet
  facet normal 0 0 1
    outer loop
      vertex 16.6952 28.0055 2.25
      vertex 15.3965 26.6966 2.25
      vertex 15.721 26.4798 2.25
    endloop
  endfacet
  facet normal 0 0 1
    outer loop
      vertex 15.8791 28.4357 2.25
      vertex 15.0944 26.7975 2.25
      vertex 15.3965 26.6966 2.25
    endloop
  endfacet
  facet normal 0 0 1
    outer loop
      vertex 15.0044 28.6583 2.25
      vertex 15.0944 26.7975 2.25
      vertex 15.577 28.5366 2.25
    endloop
  endfacet
  facet normal 0 0 1
    outer loop
      vertex 15.0044 28.6583 2.25
      vertex 14.7117 26.8736 2.25
      vertex 15.0944 26.7975 2.25
    endloop
  endfacet
  facet normal 0 0 1
    outer loop
      vertex 14.6815 28.6876 2.25
      vertex 14.7117 26.8736 2.25
      vertex 15.0044 28.6583 2.25
    endloop
  endfacet
  facet normal 0 0 1
    outer loop
      vertex 14.6815 28.6876 2.25
      vertex 14.3888 26.9029 2.25
      vertex 14.7117 26.8736 2.25
    endloop
  endfacet
  facet normal -0 0 1
    outer loop
      vertex 14.0961 28.6876 2.25
      vertex 14.3888 26.9029 2.25
      vertex 14.6815 28.6876 2.25
    endloop
  endfacet
  facet normal 0 0 1
    outer loop
      vertex 14.0961 28.6876 2.25
      vertex 14.0061 26.8268 2.25
      vertex 14.3888 26.9029 2.25
    endloop
  endfacet
  facet normal -0 0 1
    outer loop
      vertex 13.5235 28.5659 2.25
      vertex 14.0061 26.8268 2.25
      vertex 14.0961 28.6876 2.25
    endloop
  endfacet
  facet normal -0 0 1
    outer loop
      vertex 12.2327 28.1753 2.25
      vertex 14.0061 26.8268 2.25
      vertex 13.5235 28.5659 2.25
    endloop
  endfacet
  facet normal 0 0 1
    outer loop
      vertex 14.0061 26.8268 2.25
      vertex 12.2327 28.1753 2.25
      vertex 12.7153 26.4362 2.25
    endloop
  endfacet
  facet normal -0 0 1
    outer loop
      vertex 11.698 27.9372 2.25
      vertex 12.7153 26.4362 2.25
      vertex 12.2327 28.1753 2.25
    endloop
  endfacet
  facet normal 0 0 1
    outer loop
      vertex 11.698 27.9372 2.25
      vertex 11.2214 25.5768 2.25
      vertex 12.7153 26.4362 2.25
    endloop
  endfacet
  facet normal -0 0 1
    outer loop
      vertex 10.2041 27.0778 2.25
      vertex 11.2214 25.5768 2.25
      vertex 11.698 27.9372 2.25
    endloop
  endfacet
  facet normal -0 0 1
    outer loop
      vertex 9.69507 26.8093 2.25
      vertex 11.2214 25.5768 2.25
      vertex 10.2041 27.0778 2.25
    endloop
  endfacet
  facet normal 0 0 1
    outer loop
      vertex 9.69507 26.8093 2.25
      vertex 9.59205 24.7174 2.25
      vertex 11.2214 25.5768 2.25
    endloop
  endfacet
  facet normal 0 0 1
    outer loop
      vertex 7.88879 26.9444 2.25
      vertex 9.69507 26.8093 2.25
      vertex 9.69045 26.9089 2.25
    endloop
  endfacet
  facet normal 0 0 1
    outer loop
      vertex 19.0439 20.4844 2.25
      vertex 17.4098 21.2405 2.25
      vertex 18.7512 19.9774 2.25
    endloop
  endfacet
  facet normal -0 0 1
    outer loop
      vertex 17.1931 20.9161 2.25
      vertex 18.7512 19.9774 2.25
      vertex 17.4098 21.2405 2.25
    endloop
  endfacet
  facet normal 0 0 1
    outer loop
      vertex 18.7512 19.9774 2.25
      vertex 17.1931 20.9161 2.25
      vertex 18.3954 19.4468 2.25
    endloop
  endfacet
  facet normal -0 0 1
    outer loop
      vertex 16.8372 20.3855 2.25
      vertex 18.3954 19.4468 2.25
      vertex 17.1931 20.9161 2.25
    endloop
  endfacet
  facet normal 0 0 1
    outer loop
      vertex 18.3954 19.4468 2.25
      vertex 16.8372 20.3855 2.25
      vertex 18.0037 19.0118 2.25
    endloop
  endfacet
  facet normal 0 0 1
    outer loop
      vertex 18.0037 19.0118 2.25
      vertex 16.8372 20.3855 2.25
      vertex 17.5959 18.6831 2.25
    endloop
  endfacet
  facet normal -0 0 1
    outer loop
      vertex 16.4295 20.0568 2.25
      vertex 17.5959 18.6831 2.25
      vertex 16.8372 20.3855 2.25
    endloop
  endfacet
  facet normal 0 0 1
    outer loop
      vertex 16.4295 20.0568 2.25
      vertex 15.2587 16.9662 2.25
      vertex 17.5959 18.6831 2.25
    endloop
  endfacet
  facet normal -0 0 1
    outer loop
      vertex 13.9598 18.2426 2.25
      vertex 15.2587 16.9662 2.25
      vertex 16.4295 20.0568 2.25
    endloop
  endfacet
  facet normal 0 0 1
    outer loop
      vertex 12.2258 15.9837 2.25
      vertex 15.2587 16.9662 2.25
      vertex 13.9598 18.2426 2.25
    endloop
  endfacet
  facet normal 0 0 1
    outer loop
      vertex 15.2587 16.9662 2.25
      vertex 12.2258 15.9837 2.25
      vertex 13.7834 15.0442 2.25
    endloop
  endfacet
  facet normal 0 0 1
    outer loop
      vertex 13.7834 15.0442 2.25
      vertex 11.0646 13.2012 2.25
      vertex 12.819 12.7334 2.25
    endloop
  endfacet
  facet normal 0 0 1
    outer loop
      vertex 11.0646 13.2012 2.25
      vertex 13.7834 15.0442 2.25
      vertex 12.2258 15.9837 2.25
    endloop
  endfacet
  facet normal 0 0 1
    outer loop
      vertex 44.1243 31.7915 2.25
      vertex 42.3243 31.7915 2.25
      vertex 42.3572 30.2084 2.25
    endloop
  endfacet
  facet normal 0 0 1
    outer loop
      vertex 42.8145 38.2006 2.25
      vertex 42.2183 33.2899 2.25
      vertex 42.3243 31.7915 2.25
    endloop
  endfacet
  facet normal 0 0 1
    outer loop
      vertex 42.8145 38.2006 2.25
      vertex 42.0291 34.6712 2.25
      vertex 42.2183 33.2899 2.25
    endloop
  endfacet
  facet normal 0 0 1
    outer loop
      vertex 42.8145 38.2006 2.25
      vertex 41.9529 35.0539 2.25
      vertex 42.0291 34.6712 2.25
    endloop
  endfacet
  facet normal 0 0 1
    outer loop
      vertex 40.9636 37.7688 2.25
      vertex 42.5218 38.7075 2.25
      vertex 41.7614 39.6319 2.25
    endloop
  endfacet
  facet normal 0 0 1
    outer loop
      vertex 42.8145 38.2006 2.25
      vertex 41.6699 36.2856 2.25
      vertex 41.9529 35.0539 2.25
    endloop
  endfacet
  facet normal 0 0 1
    outer loop
      vertex 40.2033 38.6932 2.25
      vertex 41.7614 39.6319 2.25
      vertex 41.3697 40.0669 2.25
    endloop
  endfacet
  facet normal 0 0 1
    outer loop
      vertex 42.8145 38.2006 2.25
      vertex 41.1804 37.4444 2.25
      vertex 41.6699 36.2856 2.25
    endloop
  endfacet
  facet normal 0 0 1
    outer loop
      vertex 42.5218 38.7075 2.25
      vertex 40.9636 37.7688 2.25
      vertex 41.1804 37.4444 2.25
    endloop
  endfacet
  facet normal 0 0 1
    outer loop
      vertex 40.2033 38.6932 2.25
      vertex 41.3697 40.0669 2.25
      vertex 40.8962 40.411 2.25
    endloop
  endfacet
  facet normal 0 0 1
    outer loop
      vertex 41.7614 39.6319 2.25
      vertex 40.2033 38.6932 2.25
      vertex 40.9636 37.7688 2.25
    endloop
  endfacet
  facet normal 0 0 1
    outer loop
      vertex 39.8788 38.91 2.25
      vertex 40.8962 40.411 2.25
      vertex 39.9275 41.023 2.25
    endloop
  endfacet
  facet normal 0 0 1
    outer loop
      vertex 40.8962 40.411 2.25
      vertex 39.8788 38.91 2.25
      vertex 40.2033 38.6932 2.25
    endloop
  endfacet
  facet normal 0 0 1
    outer loop
      vertex 38.9101 39.522 2.25
      vertex 39.9275 41.023 2.25
      vertex 39.3927 41.2611 2.25
    endloop
  endfacet
  facet normal 0 0 1
    outer loop
      vertex 39.9275 41.023 2.25
      vertex 38.9101 39.522 2.25
      vertex 39.8788 38.91 2.25
    endloop
  endfacet
  facet normal 0 0 1
    outer loop
      vertex 38.8201 41.3828 2.25
      vertex 38.9101 39.522 2.25
      vertex 39.3927 41.2611 2.25
    endloop
  endfacet
  facet normal 0 0 1
    outer loop
      vertex 38.8201 41.3828 2.25
      vertex 38.5275 39.5981 2.25
      vertex 38.9101 39.522 2.25
    endloop
  endfacet
  facet normal 0 0 1
    outer loop
      vertex 37.4128 39.8194 2.25
      vertex 38.8201 41.3828 2.25
      vertex 37.7055 41.6041 2.25
    endloop
  endfacet
  facet normal 0 0 1
    outer loop
      vertex 38.8201 41.3828 2.25
      vertex 37.4128 39.8194 2.25
      vertex 38.5275 39.5981 2.25
    endloop
  endfacet
  facet normal -0 0 1
    outer loop
      vertex 37.1202 41.6041 2.25
      vertex 37.4128 39.8194 2.25
      vertex 37.7055 41.6041 2.25
    endloop
  endfacet
  facet normal 0 0 1
    outer loop
      vertex 37.1202 41.6041 2.25
      vertex 37.0302 39.7433 2.25
      vertex 37.4128 39.8194 2.25
    endloop
  endfacet
  facet normal -0 0 1
    outer loop
      vertex 36.5476 41.4824 2.25
      vertex 37.0302 39.7433 2.25
      vertex 37.1202 41.6041 2.25
    endloop
  endfacet
  facet normal 0 0 1
    outer loop
      vertex 36.5476 41.4824 2.25
      vertex 35.8765 39.4949 2.25
      vertex 37.0302 39.7433 2.25
    endloop
  endfacet
  facet normal -0 0 1
    outer loop
      vertex 35.394 41.234 2.25
      vertex 35.8765 39.4949 2.25
      vertex 36.5476 41.4824 2.25
    endloop
  endfacet
  facet normal -0 0 1
    outer loop
      vertex 34.8592 40.9959 2.25
      vertex 35.8765 39.4949 2.25
      vertex 35.394 41.234 2.25
    endloop
  endfacet
  facet normal 0 0 1
    outer loop
      vertex 35.8765 39.4949 2.25
      vertex 34.8592 40.9959 2.25
      vertex 35.5521 39.2781 2.25
    endloop
  endfacet
  facet normal -0 0 1
    outer loop
      vertex 33.7003 40.194 2.25
      vertex 35.5521 39.2781 2.25
      vertex 34.8592 40.9959 2.25
    endloop
  endfacet
  facet normal 0 0 1
    outer loop
      vertex 35.5521 39.2781 2.25
      vertex 33.7003 40.194 2.25
      vertex 34.3932 38.4762 2.25
    endloop
  endfacet
  facet normal -0 0 1
    outer loop
      vertex 33.2267 39.8499 2.25
      vertex 34.3932 38.4762 2.25
      vertex 33.7003 40.194 2.25
    endloop
  endfacet
  facet normal -0 0 1
    outer loop
      vertex 32.835 39.4149 2.25
      vertex 34.3932 38.4762 2.25
      vertex 33.2267 39.8499 2.25
    endloop
  endfacet
  facet normal 0 0 1
    outer loop
      vertex 34.3932 38.4762 2.25
      vertex 32.835 39.4149 2.25
      vertex 33.3073 37.0362 2.25
    endloop
  endfacet
  facet normal -0 0 1
    outer loop
      vertex 31.7492 37.9749 2.25
      vertex 33.3073 37.0362 2.25
      vertex 32.835 39.4149 2.25
    endloop
  endfacet
  facet normal 0 0 1
    outer loop
      vertex 33.3073 37.0362 2.25
      vertex 31.7492 37.9749 2.25
      vertex 33.0905 36.7118 2.25
    endloop
  endfacet
  facet normal -0 0 1
    outer loop
      vertex 31.4565 37.468 2.25
      vertex 33.0905 36.7118 2.25
      vertex 31.7492 37.9749 2.25
    endloop
  endfacet
  facet normal 0 0 1
    outer loop
      vertex 30.5217 35.3054 2.25
      vertex 33.0905 36.7118 2.25
      vertex 31.4565 37.468 2.25
    endloop
  endfacet
  facet normal 0 0 1
    outer loop
      vertex 33.0905 36.7118 2.25
      vertex 30.5217 35.3054 2.25
      vertex 32.1558 34.5492 2.25
    endloop
  endfacet
  facet normal -0 0 1
    outer loop
      vertex 30.3408 34.7486 2.25
      vertex 32.1558 34.5492 2.25
      vertex 30.5217 35.3054 2.25
    endloop
  endfacet
  facet normal 0 0 1
    outer loop
      vertex 32.1558 34.5492 2.25
      vertex 30.3408 34.7486 2.25
      vertex 31.6297 32.5495 2.25
    endloop
  endfacet
  facet normal -0 0 1
    outer loop
      vertex 29.8148 32.749 2.25
      vertex 31.6297 32.5495 2.25
      vertex 30.3408 34.7486 2.25
    endloop
  endfacet
  facet normal 0 0 1
    outer loop
      vertex 31.6297 32.5495 2.25
      vertex 29.8148 32.749 2.25
      vertex 31.5536 32.1668 2.25
    endloop
  endfacet
  facet normal 0 0 1
    outer loop
      vertex 29.0908 28.5421 2.25
      vertex 31.5536 32.1668 2.25
      vertex 29.8148 32.749 2.25
    endloop
  endfacet
  facet normal 0 0 1
    outer loop
      vertex 31.5536 32.1668 2.25
      vertex 29.0908 28.5421 2.25
      vertex 30.8296 27.96 2.25
    endloop
  endfacet
  facet normal 0 0 1
    outer loop
      vertex 28.4501 22.7857 2.25
      vertex 30.8296 27.96 2.25
      vertex 29.0908 28.5421 2.25
    endloop
  endfacet
  facet normal 0 0 1
    outer loop
      vertex 30.8296 27.96 2.25
      vertex 28.4501 22.7857 2.25
      vertex 30.1889 22.2036 2.25
    endloop
  endfacet
  facet normal 0 0 1
    outer loop
      vertex 28.3889 22.2036 2.25
      vertex 30.1889 22.2036 2.25
      vertex 28.4501 22.7857 2.25
    endloop
  endfacet
  facet normal 0 0 1
    outer loop
      vertex 28.2928 19.8882 2.25
      vertex 30.1889 22.2036 2.25
      vertex 28.3889 22.2036 2.25
    endloop
  endfacet
  facet normal 0 0 1
    outer loop
      vertex 30.1889 22.2036 2.25
      vertex 28.2928 19.8882 2.25
      vertex 30.0796 19.5712 2.25
    endloop
  endfacet
  facet normal 0 0 1
    outer loop
      vertex 30.0796 19.5712 2.25
      vertex 28.2928 19.8882 2.25
      vertex 29.2168 15.9642 2.25
    endloop
  endfacet
  facet normal -0 0 1
    outer loop
      vertex 27.48 16.4903 2.25
      vertex 29.2168 15.9642 2.25
      vertex 28.2928 19.8882 2.25
    endloop
  endfacet
  facet normal 0 0 1
    outer loop
      vertex 27.48 16.4903 2.25
      vertex 25.8909 8.51702 2.25
      vertex 29.2168 15.9642 2.25
    endloop
  endfacet
  facet normal -0 0 1
    outer loop
      vertex 24.3457 9.47215 2.25
      vertex 25.8909 8.51702 2.25
      vertex 27.48 16.4903 2.25
    endloop
  endfacet
  facet normal 0 0 1
    outer loop
      vertex 20.6299 4.75524 2.25
      vertex 25.8909 8.51702 2.25
      vertex 24.3457 9.47215 2.25
    endloop
  endfacet
  facet normal 0 0 1
    outer loop
      vertex 25.8909 8.51702 2.25
      vertex 20.6299 4.75524 2.25
      vertex 21.7911 3.3126 2.25
    endloop
  endfacet
  facet normal 0 0 1
    outer loop
      vertex 17.1434 3.23213 2.25
      vertex 21.7911 3.3126 2.25
      vertex 20.6299 4.75524 2.25
    endloop
  endfacet
  facet normal 0 0 1
    outer loop
      vertex 21.7911 3.3126 2.25
      vertex 17.1434 3.23213 2.25
      vertex 17.3461 1.3708 2.25
    endloop
  endfacet
  facet normal 0 0 1
    outer loop
      vertex 16.2806 1.53568 2.25
      vertex 17.1434 3.23213 2.25
      vertex 16.7651 3.29066 2.25
    endloop
  endfacet
  facet normal 0 0 1
    outer loop
      vertex 17.1434 3.23213 2.25
      vertex 16.2806 1.53568 2.25
      vertex 17.3461 1.3708 2.25
    endloop
  endfacet
  facet normal 0 0 1
    outer loop
      vertex 14.9248 2.18198 2.25
      vertex 16.7651 3.29066 2.25
      vertex 15.9302 3.68865 2.25
    endloop
  endfacet
  facet normal 0 0 1
    outer loop
      vertex 16.7651 3.29066 2.25
      vertex 14.9248 2.18198 2.25
      vertex 16.2806 1.53568 2.25
    endloop
  endfacet
  facet normal 0 0 1
    outer loop
      vertex 13.5585 3.31002 2.25
      vertex 15.9302 3.68865 2.25
      vertex 14.8285 4.59829 2.25
    endloop
  endfacet
  facet normal 0 0 1
    outer loop
      vertex 13.5585 3.31002 2.25
      vertex 14.8285 4.59829 2.25
      vertex 13.6763 5.99583 2.25
    endloop
  endfacet
  facet normal 0 0 1
    outer loop
      vertex 15.9302 3.68865 2.25
      vertex 13.5585 3.31002 2.25
      vertex 14.9248 2.18198 2.25
    endloop
  endfacet
  facet normal -0 0 1
    outer loop
      vertex 11.5281 6.22687 2.25
      vertex 13.6763 5.99583 2.25
      vertex 13.1621 6.98305 2.25
    endloop
  endfacet
  facet normal 0 0 1
    outer loop
      vertex 11.5281 6.22687 2.25
      vertex 13.1621 6.98305 2.25
      vertex 12.7978 8.00789 2.25
    endloop
  endfacet
  facet normal 0 0 1
    outer loop
      vertex 11.0073 7.69179 2.25
      vertex 12.7978 8.00789 2.25
      vertex 12.5401 9.23736 2.25
    endloop
  endfacet
  facet normal 0 0 1
    outer loop
      vertex 13.6763 5.99583 2.25
      vertex 12.1701 4.99408 2.25
      vertex 13.5585 3.31002 2.25
    endloop
  endfacet
  facet normal 0 0 1
    outer loop
      vertex 10.6667 10.2779 2.25
      vertex 12.5401 9.23736 2.25
      vertex 12.4729 10.1906 2.25
    endloop
  endfacet
  facet normal 0 0 1
    outer loop
      vertex 10.6667 10.2779 2.25
      vertex 12.819 12.7334 2.25
      vertex 11.0646 13.2012 2.25
    endloop
  endfacet
  facet normal 0 0 1
    outer loop
      vertex 12.819 12.7334 2.25
      vertex 10.6667 10.2779 2.25
      vertex 12.4729 10.1906 2.25
    endloop
  endfacet
  facet normal 0 0 1
    outer loop
      vertex 13.6763 5.99583 2.25
      vertex 11.5281 6.22687 2.25
      vertex 12.1701 4.99408 2.25
    endloop
  endfacet
  facet normal 0 0 1
    outer loop
      vertex 12.7978 8.00789 2.25
      vertex 11.0073 7.69179 2.25
      vertex 11.5281 6.22687 2.25
    endloop
  endfacet
  facet normal 0 0 1
    outer loop
      vertex 12.5401 9.23736 2.25
      vertex 10.6667 10.2779 2.25
      vertex 10.7689 8.82943 2.25
    endloop
  endfacet
  facet normal 0 0 1
    outer loop
      vertex 12.5401 9.23736 2.25
      vertex 10.7689 8.82943 2.25
      vertex 11.0073 7.69179 2.25
    endloop
  endfacet
  facet normal 0 0 1
    outer loop
      vertex 42.3243 31.7915 2.25
      vertex 44.1243 31.7915 2.25
      vertex 44.0183 33.2899 2.25
    endloop
  endfacet
  facet normal 0 0 1
    outer loop
      vertex 42.3243 31.7915 2.25
      vertex 44.0183 33.2899 2.25
      vertex 43.9571 33.872 2.25
    endloop
  endfacet
  facet normal 0 0 1
    outer loop
      vertex 42.3243 31.7915 2.25
      vertex 43.9571 33.872 2.25
      vertex 43.7679 35.2534 2.25
    endloop
  endfacet
  facet normal 0 0 1
    outer loop
      vertex 44.1243 31.7915 2.25
      vertex 42.3572 30.2084 2.25
      vertex 44.1572 30.2084 2.25
    endloop
  endfacet
  facet normal 0 0 1
    outer loop
      vertex 44.1572 30.2084 2.25
      vertex 42.3572 30.2084 2.25
      vertex 43.7493 23.2193 2.25
    endloop
  endfacet
  facet normal 0 0 1
    outer loop
      vertex 42.3243 31.7915 2.25
      vertex 43.7679 35.2534 2.25
      vertex 43.4848 36.4851 2.25
    endloop
  endfacet
  facet normal 0 0 1
    outer loop
      vertex 42.3243 31.7915 2.25
      vertex 43.4848 36.4851 2.25
      vertex 43.304 37.0418 2.25
    endloop
  endfacet
  facet normal 0 0 1
    outer loop
      vertex 42.3243 31.7915 2.25
      vertex 43.304 37.0418 2.25
      vertex 42.8145 38.2006 2.25
    endloop
  endfacet
  facet normal 0 0 1
    outer loop
      vertex 41.9493 23.2193 2.25
      vertex 43.7493 23.2193 2.25
      vertex 42.3572 30.2084 2.25
    endloop
  endfacet
  facet normal 0 0 1
    outer loop
      vertex 41.1804 37.4444 2.25
      vertex 42.8145 38.2006 2.25
      vertex 42.5218 38.7075 2.25
    endloop
  endfacet
  facet normal 0 0 1
    outer loop
      vertex 43.7493 23.2193 2.25
      vertex 41.9493 23.2193 2.25
      vertex 43.6881 22.6371 2.25
    endloop
  endfacet
  facet normal 0 0 1
    outer loop
      vertex 41.0516 15.7551 2.25
      vertex 43.6881 22.6371 2.25
      vertex 41.9493 23.2193 2.25
    endloop
  endfacet
  facet normal 0 0 1
    outer loop
      vertex 43.6881 22.6371 2.25
      vertex 41.0516 15.7551 2.25
      vertex 42.7904 15.1729 2.25
    endloop
  endfacet
  facet normal 0 0 1
    outer loop
      vertex 40.1541 8.69453 2.25
      vertex 42.7904 15.1729 2.25
      vertex 41.0516 15.7551 2.25
    endloop
  endfacet
  facet normal 0 0 1
    outer loop
      vertex 42.7904 15.1729 2.25
      vertex 40.1541 8.69453 2.25
      vertex 41.938 8.46769 2.25
    endloop
  endfacet
  facet normal 0 0 1
    outer loop
      vertex 84.0997 52.0834 2.25
      vertex 85.8997 52.0834 2.25
      vertex 85.7409 55.3667 2.25
    endloop
  endfacet
  facet normal 0 0 1
    outer loop
      vertex 83.9409 55.3667 2.25
      vertex 85.7409 55.3667 2.25
      vertex 85.6797 55.9489 2.25
    endloop
  endfacet
  facet normal 0 0 1
    outer loop
      vertex 85.8997 52.0834 2.25
      vertex 84.0997 52.0834 2.25
      vertex 85.6931 47.2886 2.25
    endloop
  endfacet
  facet normal -0 0 1
    outer loop
      vertex 83.4123 58.0902 2.25
      vertex 85.6797 55.9489 2.25
      vertex 85.1511 58.6724 2.25
    endloop
  endfacet
  facet normal 0 0 1
    outer loop
      vertex 85.6931 47.2886 2.25
      vertex 84.0997 52.0834 2.25
      vertex 83.8931 47.2886 2.25
    endloop
  endfacet
  facet normal 0 0 1
    outer loop
      vertex 83.3362 58.4729 2.25
      vertex 85.1511 58.6724 2.25
      vertex 84.9702 59.2291 2.25
    endloop
  endfacet
  facet normal 0 0 1
    outer loop
      vertex 85.6931 47.2886 2.25
      vertex 83.8931 47.2886 2.25
      vertex 85.2053 42.37 2.25
    endloop
  endfacet
  facet normal 0 0 1
    outer loop
      vertex 85.2053 42.37 2.25
      vertex 83.4053 42.37 2.25
      vertex 85.1441 41.7878 2.25
    endloop
  endfacet
  facet normal 0 0 1
    outer loop
      vertex 83.4053 42.37 2.25
      vertex 85.2053 42.37 2.25
      vertex 83.8931 47.2886 2.25
    endloop
  endfacet
  facet normal 0 0 1
    outer loop
      vertex 83.3362 58.4729 2.25
      vertex 84.9702 59.2291 2.25
      vertex 83.9938 61.1714 2.25
    endloop
  endfacet
  facet normal 0 0 1
    outer loop
      vertex 85.7409 55.3667 2.25
      vertex 83.9409 55.3667 2.25
      vertex 84.0997 52.0834 2.25
    endloop
  endfacet
  facet normal 0 0 1
    outer loop
      vertex 82.3597 60.4153 2.25
      vertex 83.9938 61.1714 2.25
      vertex 83.7011 61.6784 2.25
    endloop
  endfacet
  facet normal 0 0 1
    outer loop
      vertex 85.6797 55.9489 2.25
      vertex 83.4123 58.0902 2.25
      vertex 83.9409 55.3667 2.25
    endloop
  endfacet
  facet normal 0 0 1
    outer loop
      vertex 85.1511 58.6724 2.25
      vertex 83.3362 58.4729 2.25
      vertex 83.4123 58.0902 2.25
    endloop
  endfacet
  facet normal 0 0 1
    outer loop
      vertex 82.143 60.7397 2.25
      vertex 83.7011 61.6784 2.25
      vertex 83.3094 62.1134 2.25
    endloop
  endfacet
  facet normal 0 0 1
    outer loop
      vertex 82.143 60.7397 2.25
      vertex 83.3094 62.1134 2.25
      vertex 82.8359 62.4574 2.25
    endloop
  endfacet
  facet normal 0 0 1
    outer loop
      vertex 83.9938 61.1714 2.25
      vertex 82.3597 60.4153 2.25
      vertex 83.3362 58.4729 2.25
    endloop
  endfacet
  facet normal 0 0 1
    outer loop
      vertex 83.7011 61.6784 2.25
      vertex 82.143 60.7397 2.25
      vertex 82.3597 60.4153 2.25
    endloop
  endfacet
  facet normal 0 0 1
    outer loop
      vertex 82.8359 62.4574 2.25
      vertex 81.8185 60.9565 2.25
      vertex 82.143 60.7397 2.25
    endloop
  endfacet
  facet normal 0 0 1
    outer loop
      vertex 81.3333 63.3973 2.25
      vertex 81.8185 60.9565 2.25
      vertex 82.8359 62.4574 2.25
    endloop
  endfacet
  facet normal 0 0 1
    outer loop
      vertex 80.316 61.8963 2.25
      vertex 81.3333 63.3973 2.25
      vertex 80.7985 63.6354 2.25
    endloop
  endfacet
  facet normal 0 0 1
    outer loop
      vertex 81.3333 63.3973 2.25
      vertex 80.316 61.8963 2.25
      vertex 81.8185 60.9565 2.25
    endloop
  endfacet
  facet normal 0 0 1
    outer loop
      vertex 80.226 63.7571 2.25
      vertex 80.316 61.8963 2.25
      vertex 80.7985 63.6354 2.25
    endloop
  endfacet
  facet normal 0 0 1
    outer loop
      vertex 80.226 63.7571 2.25
      vertex 79.9333 61.9724 2.25
      vertex 80.316 61.8963 2.25
    endloop
  endfacet
  facet normal 0 0 1
    outer loop
      vertex 80.226 63.7571 2.25
      vertex 79.7665 61.9724 2.25
      vertex 79.9333 61.9724 2.25
    endloop
  endfacet
  facet normal -0 0 1
    outer loop
      vertex 79.4738 63.7571 2.25
      vertex 79.7665 61.9724 2.25
      vertex 80.226 63.7571 2.25
    endloop
  endfacet
  facet normal 0 0 1
    outer loop
      vertex 79.4738 63.7571 2.25
      vertex 79.3838 61.8963 2.25
      vertex 79.7665 61.9724 2.25
    endloop
  endfacet
  facet normal -0 0 1
    outer loop
      vertex 78.9012 63.6354 2.25
      vertex 79.3838 61.8963 2.25
      vertex 79.4738 63.7571 2.25
    endloop
  endfacet
  facet normal -0 0 1
    outer loop
      vertex 78.3665 63.3973 2.25
      vertex 79.3838 61.8963 2.25
      vertex 78.9012 63.6354 2.25
    endloop
  endfacet
  facet normal 0 0 1
    outer loop
      vertex 79.3838 61.8963 2.25
      vertex 78.3665 63.3973 2.25
      vertex 79.0594 61.6795 2.25
    endloop
  endfacet
  facet normal -0 0 1
    outer loop
      vertex 77.8929 63.0532 2.25
      vertex 79.0594 61.6795 2.25
      vertex 78.3665 63.3973 2.25
    endloop
  endfacet
  facet normal 0 0 1
    outer loop
      vertex 75.2584 60.1453 2.25
      vertex 79.0594 61.6795 2.25
      vertex 77.8929 63.0532 2.25
    endloop
  endfacet
  facet normal 0 0 1
    outer loop
      vertex 79.0594 61.6795 2.25
      vertex 75.2584 60.1453 2.25
      vertex 76.4249 58.7716 2.25
    endloop
  endfacet
  facet normal -0 0 1
    outer loop
      vertex 74.8667 59.7103 2.25
      vertex 76.4249 58.7716 2.25
      vertex 75.2584 60.1453 2.25
    endloop
  endfacet
  facet normal 0 0 1
    outer loop
      vertex 76.4249 58.7716 2.25
      vertex 74.8667 59.7103 2.25
      vertex 76.2081 58.4472 2.25
    endloop
  endfacet
  facet normal -0 0 1
    outer loop
      vertex 74.574 59.2034 2.25
      vertex 76.2081 58.4472 2.25
      vertex 74.8667 59.7103 2.25
    endloop
  endfacet
  facet normal -0 0 1
    outer loop
      vertex 74.3931 58.6466 2.25
      vertex 76.2081 58.4472 2.25
      vertex 74.574 59.2034 2.25
    endloop
  endfacet
  facet normal 0 0 1
    outer loop
      vertex 74.3931 58.6466 2.25
      vertex 74.0579 50.2787 2.25
      vertex 76.2081 58.4472 2.25
    endloop
  endfacet
  facet normal -0 0 1
    outer loop
      vertex 72.243 50.4782 2.25
      vertex 74.0579 50.2787 2.25
      vertex 74.3931 58.6466 2.25
    endloop
  endfacet
  facet normal 0 0 1
    outer loop
      vertex 74.0579 50.2787 2.25
      vertex 72.243 50.4782 2.25
      vertex 73.9818 49.896 2.25
    endloop
  endfacet
  facet normal 0 0 1
    outer loop
      vertex 70.3324 37.8826 2.25
      vertex 73.9818 49.896 2.25
      vertex 72.243 50.4782 2.25
    endloop
  endfacet
  facet normal 0 0 1
    outer loop
      vertex 73.9818 49.896 2.25
      vertex 70.3324 37.8826 2.25
      vertex 72.0712 37.3004 2.25
    endloop
  endfacet
  facet normal 0 0 1
    outer loop
      vertex 72.0712 37.3004 2.25
      vertex 70.3655 33.0209 2.25
      vertex 70.3777 32.7084 2.25
    endloop
  endfacet
  facet normal 0 0 1
    outer loop
      vertex 70.2172 36.9096 2.25
      vertex 72.0712 37.3004 2.25
      vertex 70.3324 37.8826 2.25
    endloop
  endfacet
  facet normal 0 0 1
    outer loop
      vertex 72.0712 37.3004 2.25
      vertex 70.3221 33.3333 2.25
      vertex 70.3655 33.0209 2.25
    endloop
  endfacet
  facet normal 0 0 1
    outer loop
      vertex 70.0236 34.3411 2.25
      vertex 72.0712 37.3004 2.25
      vertex 70.2172 36.9096 2.25
    endloop
  endfacet
  facet normal 0 0 1
    outer loop
      vertex 72.0712 37.3004 2.25
      vertex 70.246 33.716 2.25
      vertex 70.3221 33.3333 2.25
    endloop
  endfacet
  facet normal 0 0 1
    outer loop
      vertex 72.0712 37.3004 2.25
      vertex 70.1609 34.0285 2.25
      vertex 70.246 33.716 2.25
    endloop
  endfacet
  facet normal 0 0 1
    outer loop
      vertex 72.0712 37.3004 2.25
      vertex 70.0236 34.3411 2.25
      vertex 70.1609 34.0285 2.25
    endloop
  endfacet
  facet normal 0 0 1
    outer loop
      vertex 70.2172 36.9096 2.25
      vertex 69.8068 34.6655 2.25
      vertex 70.0236 34.3411 2.25
    endloop
  endfacet
  facet normal 0 0 1
    outer loop
      vertex 69.0943 35.5043 2.25
      vertex 70.2172 36.9096 2.25
      vertex 69.7871 37.2221 2.25
    endloop
  endfacet
  facet normal 0 0 1
    outer loop
      vertex 70.2172 36.9096 2.25
      vertex 69.0943 35.5043 2.25
      vertex 69.8068 34.6655 2.25
    endloop
  endfacet
  facet normal 0 0 1
    outer loop
      vertex 68.7698 35.7211 2.25
      vertex 69.7871 37.2221 2.25
      vertex 68.9234 37.7809 2.25
    endloop
  endfacet
  facet normal 0 0 1
    outer loop
      vertex 69.7871 37.2221 2.25
      vertex 68.7698 35.7211 2.25
      vertex 69.0943 35.5043 2.25
    endloop
  endfacet
  facet normal 0 0 1
    outer loop
      vertex 67.9061 36.2799 2.25
      vertex 68.9234 37.7809 2.25
      vertex 68.3887 38.0189 2.25
    endloop
  endfacet
  facet normal 0 0 1
    outer loop
      vertex 68.9234 37.7809 2.25
      vertex 67.9061 36.2799 2.25
      vertex 68.7698 35.7211 2.25
    endloop
  endfacet
  facet normal 0 0 1
    outer loop
      vertex 66.9278 36.5913 2.25
      vertex 68.3887 38.0189 2.25
      vertex 67.4104 38.3304 2.25
    endloop
  endfacet
  facet normal 0 0 1
    outer loop
      vertex 68.3887 38.0189 2.25
      vertex 66.9278 36.5913 2.25
      vertex 67.9061 36.2799 2.25
    endloop
  endfacet
  facet normal 0 0 1
    outer loop
      vertex 66.8378 38.4521 2.25
      vertex 66.9278 36.5913 2.25
      vertex 67.4104 38.3304 2.25
    endloop
  endfacet
  facet normal 0 0 1
    outer loop
      vertex 66.8378 38.4521 2.25
      vertex 66.5451 36.6674 2.25
      vertex 66.9278 36.5913 2.25
    endloop
  endfacet
  facet normal 0 0 1
    outer loop
      vertex 65.7812 38.5486 2.25
      vertex 66.5451 36.6674 2.25
      vertex 66.8378 38.4521 2.25
    endloop
  endfacet
  facet normal 0 0 1
    outer loop
      vertex 65.7812 38.5486 2.25
      vertex 65.4885 36.7639 2.25
      vertex 66.5451 36.6674 2.25
    endloop
  endfacet
  facet normal -0 0 1
    outer loop
      vertex 65.1958 38.5486 2.25
      vertex 65.4885 36.7639 2.25
      vertex 65.7812 38.5486 2.25
    endloop
  endfacet
  facet normal 0 0 1
    outer loop
      vertex 65.1958 38.5486 2.25
      vertex 64.5225 36.7031 2.25
      vertex 65.4885 36.7639 2.25
    endloop
  endfacet
  facet normal -0 0 1
    outer loop
      vertex 64.2298 38.4878 2.25
      vertex 64.5225 36.7031 2.25
      vertex 65.1958 38.5486 2.25
    endloop
  endfacet
  facet normal -0 0 1
    outer loop
      vertex 63.2585 38.3228 2.25
      vertex 64.5225 36.7031 2.25
      vertex 64.2298 38.4878 2.25
    endloop
  endfacet
  facet normal 0 0 1
    outer loop
      vertex 64.5225 36.7031 2.25
      vertex 63.2585 38.3228 2.25
      vertex 63.5512 36.5382 2.25
    endloop
  endfacet
  facet normal 0 0 1
    outer loop
      vertex 63.2585 38.3228 2.25
      vertex 63.1685 36.4621 2.25
      vertex 63.5512 36.5382 2.25
    endloop
  endfacet
  facet normal -0 0 1
    outer loop
      vertex 62.686 38.2011 2.25
      vertex 63.1685 36.4621 2.25
      vertex 63.2585 38.3228 2.25
    endloop
  endfacet
  facet normal 0 0 1
    outer loop
      vertex 62.686 38.2011 2.25
      vertex 62.2076 36.2189 2.25
      vertex 63.1685 36.4621 2.25
    endloop
  endfacet
  facet normal -0 0 1
    outer loop
      vertex 61.725 37.958 2.25
      vertex 62.2076 36.2189 2.25
      vertex 62.686 38.2011 2.25
    endloop
  endfacet
  facet normal -0 0 1
    outer loop
      vertex 60.7901 37.663 2.25
      vertex 62.2076 36.2189 2.25
      vertex 61.725 37.958 2.25
    endloop
  endfacet
  facet normal 0 0 1
    outer loop
      vertex 62.2076 36.2189 2.25
      vertex 60.7901 37.663 2.25
      vertex 61.2727 35.9239 2.25
    endloop
  endfacet
  facet normal -0 0 1
    outer loop
      vertex 60.2553 37.4249 2.25
      vertex 61.2727 35.9239 2.25
      vertex 60.7901 37.663 2.25
    endloop
  endfacet
  facet normal 0 0 1
    outer loop
      vertex 61.2727 35.9239 2.25
      vertex 60.2553 37.4249 2.25
      vertex 60.9482 35.7071 2.25
    endloop
  endfacet
  facet normal -0 0 1
    outer loop
      vertex 59.7818 37.0808 2.25
      vertex 60.9482 35.7071 2.25
      vertex 60.2553 37.4249 2.25
    endloop
  endfacet
  facet normal 0 0 1
    outer loop
      vertex 59.7818 37.0808 2.25
      vertex 57.1332 32.7622 2.25
      vertex 60.9482 35.7071 2.25
    endloop
  endfacet
  facet normal -0 0 1
    outer loop
      vertex 55.9667 34.1359 2.25
      vertex 57.1332 32.7622 2.25
      vertex 59.7818 37.0808 2.25
    endloop
  endfacet
  facet normal -0 0 1
    outer loop
      vertex 55.575 33.7009 2.25
      vertex 57.1332 32.7622 2.25
      vertex 55.9667 34.1359 2.25
    endloop
  endfacet
  facet normal 0 0 1
    outer loop
      vertex 57.1332 32.7622 2.25
      vertex 55.575 33.7009 2.25
      vertex 56.9164 32.4378 2.25
    endloop
  endfacet
  facet normal 0 0 1
    outer loop
      vertex 52.3276 28.2431 2.25
      vertex 56.9164 32.4378 2.25
      vertex 55.575 33.7009 2.25
    endloop
  endfacet
  facet normal 0 0 1
    outer loop
      vertex 56.9164 32.4378 2.25
      vertex 52.3276 28.2431 2.25
      vertex 53.669 26.98 2.25
    endloop
  endfacet
  facet normal -0 0 1
    outer loop
      vertex 52.0349 27.7362 2.25
      vertex 53.669 26.98 2.25
      vertex 52.3276 28.2431 2.25
    endloop
  endfacet
  facet normal -0 0 1
    outer loop
      vertex 51.854 27.1794 2.25
      vertex 53.669 26.98 2.25
      vertex 52.0349 27.7362 2.25
    endloop
  endfacet
  facet normal 0 0 1
    outer loop
      vertex 51.854 27.1794 2.25
      vertex 51.411 20.0117 2.25
      vertex 53.669 26.98 2.25
    endloop
  endfacet
  facet normal -0 0 1
    outer loop
      vertex 49.5961 20.2111 2.25
      vertex 51.411 20.0117 2.25
      vertex 51.854 27.1794 2.25
    endloop
  endfacet
  facet normal 0 0 1
    outer loop
      vertex 51.411 20.0117 2.25
      vertex 49.5961 20.2111 2.25
      vertex 51.3349 19.629 2.25
    endloop
  endfacet
  facet normal 0 0 1
    outer loop
      vertex 48.7497 12.7351 2.25
      vertex 51.3349 19.629 2.25
      vertex 49.5961 20.2111 2.25
    endloop
  endfacet
  facet normal 0 0 1
    outer loop
      vertex 51.3349 19.629 2.25
      vertex 48.7497 12.7351 2.25
      vertex 50.4885 12.1529 2.25
    endloop
  endfacet
  facet normal 0 0 1
    outer loop
      vertex 48.6885 12.1529 2.25
      vertex 50.4885 12.1529 2.25
      vertex 48.7497 12.7351 2.25
    endloop
  endfacet
  facet normal 0 0 1
    outer loop
      vertex 50.4885 12.1529 2.25
      vertex 48.7084 11.9035 2.25
      vertex 50.0863 9.94849 2.25
    endloop
  endfacet
  facet normal -0 0 1
    outer loop
      vertex 48.3718 10.5516 2.25
      vertex 50.0863 9.94849 2.25
      vertex 48.7084 11.9035 2.25
    endloop
  endfacet
  facet normal 0 0 1
    outer loop
      vertex 44.9754 4.08347 2.25
      vertex 50.0863 9.94849 2.25
      vertex 48.3718 10.5516 2.25
    endloop
  endfacet
  facet normal 0 0 1
    outer loop
      vertex 50.0863 9.94849 2.25
      vertex 44.9754 4.08347 2.25
      vertex 46.2975 2.73333 2.25
    endloop
  endfacet
  facet normal 0 0 1
    outer loop
      vertex 41.5722 2.39941 2.25
      vertex 46.2975 2.73333 2.25
      vertex 44.9754 4.08347 2.25
    endloop
  endfacet
  facet normal -0 0 1
    outer loop
      vertex 41.5722 2.39941 2.25
      vertex 40.3362 -0.216579 2.25
      vertex 46.2975 2.73333 2.25
    endloop
  endfacet
  facet normal -0 0 1
    outer loop
      vertex 39.746 2.91649 2.25
      vertex 41.5722 2.39941 2.25
      vertex 41.546 2.91649 2.25
    endloop
  endfacet
  facet normal 0 0 1
    outer loop
      vertex 41.938 8.46769 2.25
      vertex 40.1541 8.69453 2.25
      vertex 41.546 2.91649 2.25
    endloop
  endfacet
  facet normal 0 0 1
    outer loop
      vertex 39.746 2.91649 2.25
      vertex 41.546 2.91649 2.25
      vertex 40.1541 8.69453 2.25
    endloop
  endfacet
  facet normal 0 0 1
    outer loop
      vertex 41.5722 2.39941 2.25
      vertex 39.746 2.91649 2.25
      vertex 39.8321 1.21251 2.25
    endloop
  endfacet
  facet normal 0 0 1
    outer loop
      vertex 41.5722 2.39941 2.25
      vertex 39.8321 1.21251 2.25
      vertex 40.038 0.24375 2.25
    endloop
  endfacet
  facet normal 0 0 1
    outer loop
      vertex 41.5722 2.39941 2.25
      vertex 40.038 0.24375 2.25
      vertex 40.3362 -0.216579 2.25
    endloop
  endfacet
  facet normal 0 0 1
    outer loop
      vertex 40.3362 -0.216579 2.25
      vertex 40.038 0.24375 2.25
      vertex 40.2982 -0.199738 2.25
    endloop
  endfacet
  facet normal 0 0 1
    outer loop
      vertex 82.8342 37.7769 2.25
      vertex 85.1441 41.7878 2.25
      vertex 83.4053 42.37 2.25
    endloop
  endfacet
  facet normal 0 0 1
    outer loop
      vertex 85.1441 41.7878 2.25
      vertex 82.8342 37.7769 2.25
      vertex 84.573 37.1947 2.25
    endloop
  endfacet
  facet normal 0 0 1
    outer loop
      vertex 82.3777 33.9584 2.25
      vertex 84.573 37.1947 2.25
      vertex 82.8342 37.7769 2.25
    endloop
  endfacet
  facet normal 0 0 1
    outer loop
      vertex 84.573 37.1947 2.25
      vertex 82.3777 33.9584 2.25
      vertex 84.1572 33.7169 2.25
    endloop
  endfacet
  facet normal 0 0 1
    outer loop
      vertex 84.1572 33.7169 2.25
      vertex 82.3777 33.9584 2.25
      vertex 83.3781 24.5204 2.25
    endloop
  endfacet
  facet normal 0 0 1
    outer loop
      vertex 81.5781 24.5204 2.25
      vertex 83.3781 24.5204 2.25
      vertex 82.3777 33.9584 2.25
    endloop
  endfacet
  facet normal 0 0 1
    outer loop
      vertex 83.3781 24.5204 2.25
      vertex 81.5781 24.5204 2.25
      vertex 82.8651 16.9965 2.25
    endloop
  endfacet
  facet normal 0 0 1
    outer loop
      vertex 81.0651 16.9965 2.25
      vertex 82.8651 16.9965 2.25
      vertex 81.5781 24.5204 2.25
    endloop
  endfacet
  facet normal 0 0 1
    outer loop
      vertex 98.8385 25.0961 2.25
      vertex 96.9548 25.6216 2.25
      vertex 97.0997 24.5139 2.25
    endloop
  endfacet
  facet normal 0 0 1
    outer loop
      vertex 97.8303 28.1474 2.25
      vertex 96.8786 26.0043 2.25
      vertex 96.9548 25.6216 2.25
    endloop
  endfacet
  facet normal 0 0 1
    outer loop
      vertex 95.7054 27.7892 2.25
      vertex 97.4386 28.5824 2.25
      vertex 96.8719 29.1629 2.25
    endloop
  endfacet
  facet normal 0 0 1
    outer loop
      vertex 97.8303 28.1474 2.25
      vertex 96.4889 26.8843 2.25
      vertex 96.8786 26.0043 2.25
    endloop
  endfacet
  facet normal 0 0 1
    outer loop
      vertex 95.7054 27.7892 2.25
      vertex 96.8719 29.1629 2.25
      vertex 96.3983 29.5069 2.25
    endloop
  endfacet
  facet normal 0 0 1
    outer loop
      vertex 97.8303 28.1474 2.25
      vertex 96.2722 27.2087 2.25
      vertex 96.4889 26.8843 2.25
    endloop
  endfacet
  facet normal 0 0 1
    outer loop
      vertex 95.381 28.0059 2.25
      vertex 96.3983 29.5069 2.25
      vertex 95.8635 29.745 2.25
    endloop
  endfacet
  facet normal 0 0 1
    outer loop
      vertex 97.4386 28.5824 2.25
      vertex 95.7054 27.7892 2.25
      vertex 96.2722 27.2087 2.25
    endloop
  endfacet
  facet normal 0 0 1
    outer loop
      vertex 96.3983 29.5069 2.25
      vertex 95.381 28.0059 2.25
      vertex 95.7054 27.7892 2.25
    endloop
  endfacet
  facet normal 0 0 1
    outer loop
      vertex 94.7048 28.2154 2.25
      vertex 95.8635 29.745 2.25
      vertex 95.1873 29.9544 2.25
    endloop
  endfacet
  facet normal 0 0 1
    outer loop
      vertex 95.8635 29.745 2.25
      vertex 94.7048 28.2154 2.25
      vertex 95.381 28.0059 2.25
    endloop
  endfacet
  facet normal 0 0 1
    outer loop
      vertex 94.6148 30.0761 2.25
      vertex 94.7048 28.2154 2.25
      vertex 95.1873 29.9544 2.25
    endloop
  endfacet
  facet normal 0 0 1
    outer loop
      vertex 94.6148 30.0761 2.25
      vertex 94.3221 28.2915 2.25
      vertex 94.7048 28.2154 2.25
    endloop
  endfacet
  facet normal -0 0 1
    outer loop
      vertex 94.0294 30.0761 2.25
      vertex 94.3221 28.2915 2.25
      vertex 94.6148 30.0761 2.25
    endloop
  endfacet
  facet normal 0 0 1
    outer loop
      vertex 94.0294 30.0761 2.25
      vertex 93.9394 28.2154 2.25
      vertex 94.3221 28.2915 2.25
    endloop
  endfacet
  facet normal -0 0 1
    outer loop
      vertex 93.4568 29.9544 2.25
      vertex 93.9394 28.2154 2.25
      vertex 94.0294 30.0761 2.25
    endloop
  endfacet
  facet normal 0 0 1
    outer loop
      vertex 93.4568 29.9544 2.25
      vertex 93.3942 28.0646 2.25
      vertex 93.9394 28.2154 2.25
    endloop
  endfacet
  facet normal -0 0 1
    outer loop
      vertex 92.9117 29.8037 2.25
      vertex 93.3942 28.0646 2.25
      vertex 93.4568 29.9544 2.25
    endloop
  endfacet
  facet normal -0 0 1
    outer loop
      vertex 92.3769 29.5656 2.25
      vertex 93.3942 28.0646 2.25
      vertex 92.9117 29.8037 2.25
    endloop
  endfacet
  facet normal 0 0 1
    outer loop
      vertex 93.3942 28.0646 2.25
      vertex 92.3769 29.5656 2.25
      vertex 93.0698 27.8478 2.25
    endloop
  endfacet
  facet normal -0 0 1
    outer loop
      vertex 91.9034 29.2215 2.25
      vertex 93.0698 27.8478 2.25
      vertex 92.3769 29.5656 2.25
    endloop
  endfacet
  facet normal -0 0 1
    outer loop
      vertex 91.3791 28.7387 2.25
      vertex 93.0698 27.8478 2.25
      vertex 91.9034 29.2215 2.25
    endloop
  endfacet
  facet normal 0 0 1
    outer loop
      vertex 93.0698 27.8478 2.25
      vertex 91.3791 28.7387 2.25
      vertex 92.5455 27.365 2.25
    endloop
  endfacet
  facet normal -0 0 1
    outer loop
      vertex 90.9874 28.3037 2.25
      vertex 92.5455 27.365 2.25
      vertex 91.3791 28.7387 2.25
    endloop
  endfacet
  facet normal 0 0 1
    outer loop
      vertex 92.5455 27.365 2.25
      vertex 90.9874 28.3037 2.25
      vertex 92.3288 27.0406 2.25
    endloop
  endfacet
  facet normal -0 0 1
    outer loop
      vertex 90.6947 27.7968 2.25
      vertex 92.3288 27.0406 2.25
      vertex 90.9874 28.3037 2.25
    endloop
  endfacet
  facet normal 0 0 1
    outer loop
      vertex 92.3288 27.0406 2.25
      vertex 90.6947 27.7968 2.25
      vertex 91.867 26.1803 2.25
    endloop
  endfacet
  facet normal -0 0 1
    outer loop
      vertex 90.233 26.9364 2.25
      vertex 91.867 26.1803 2.25
      vertex 90.6947 27.7968 2.25
    endloop
  endfacet
  facet normal -0 0 1
    outer loop
      vertex 90.0521 26.3797 2.25
      vertex 91.867 26.1803 2.25
      vertex 90.233 26.9364 2.25
    endloop
  endfacet
  facet normal 0 0 1
    outer loop
      vertex 91.867 26.1803 2.25
      vertex 90.0521 26.3797 2.25
      vertex 91.5094 24.8966 2.25
    endloop
  endfacet
  facet normal -0 0 1
    outer loop
      vertex 89.6945 25.0961 2.25
      vertex 91.5094 24.8966 2.25
      vertex 90.0521 26.3797 2.25
    endloop
  endfacet
  facet normal 0 0 1
    outer loop
      vertex 89.6945 25.0961 2.25
      vertex 89.13 15.7234 2.25
      vertex 91.5094 24.8966 2.25
    endloop
  endfacet
  facet normal -0 0 1
    outer loop
      vertex 87.3694 16.1323 2.25
      vertex 89.13 15.7234 2.25
      vertex 89.6945 25.0961 2.25
    endloop
  endfacet
  facet normal 0 0 1
    outer loop
      vertex 87.3694 16.1323 2.25
      vertex 86.2663 7.86529 2.25
      vertex 89.13 15.7234 2.25
    endloop
  endfacet
  facet normal -0 0 1
    outer loop
      vertex 84.6323 8.62147 2.25
      vertex 86.2663 7.86529 2.25
      vertex 87.3694 16.1323 2.25
    endloop
  endfacet
  facet normal 0 0 1
    outer loop
      vertex 82.5631 4.91236 2.25
      vertex 86.2663 7.86529 2.25
      vertex 84.6323 8.62147 2.25
    endloop
  endfacet
  facet normal 0 0 1
    outer loop
      vertex 86.2663 7.86529 2.25
      vertex 82.5631 4.91236 2.25
      vertex 83.363 2.66081 2.25
    endloop
  endfacet
  facet normal 0 0 1
    outer loop
      vertex 82.8651 16.9965 2.25
      vertex 81.0651 16.9965 2.25
      vertex 82.5916 11.1652 2.25
    endloop
  endfacet
  facet normal 0 0 1
    outer loop
      vertex 80.7916 11.1652 2.25
      vertex 82.5916 11.1652 2.25
      vertex 81.0651 16.9965 2.25
    endloop
  endfacet
  facet normal -0 0 1
    outer loop
      vertex 80.8125 3.12057 2.25
      vertex 83.363 2.66081 2.25
      vertex 82.5631 4.91236 2.25
    endloop
  endfacet
  facet normal 0 0 1
    outer loop
      vertex 82.5916 11.1652 2.25
      vertex 80.7916 11.1652 2.25
      vertex 82.5109 6.8055 2.25
    endloop
  endfacet
  facet normal 0 0 1
    outer loop
      vertex 80.7109 6.8055 2.25
      vertex 82.5109 6.8055 2.25
      vertex 80.7916 11.1652 2.25
    endloop
  endfacet
  facet normal 0 0 1
    outer loop
      vertex 82.5109 6.8055 2.25
      vertex 80.7109 6.8055 2.25
      vertex 82.5631 4.91236 2.25
    endloop
  endfacet
  facet normal 0 -0 1
    outer loop
      vertex 80.8125 3.12057 2.25
      vertex 82.5631 4.91236 2.25
      vertex 80.7109 6.8055 2.25
    endloop
  endfacet
  facet normal 0 0 1
    outer loop
      vertex 83.363 2.66081 2.25
      vertex 80.8125 3.12057 2.25
      vertex 81.0378 1.20443 2.25
    endloop
  endfacet
  facet normal 0 0 1
    outer loop
      vertex 83.363 2.66081 2.25
      vertex 81.0378 1.20443 2.25
      vertex 81.0795 1.07587 2.25
    endloop
  endfacet
  facet normal 0 0 1
    outer loop
      vertex 97.0988 24.3164 2.25
      vertex 98.8988 24.3164 2.25
      vertex 98.8997 24.5139 2.25
    endloop
  endfacet
  facet normal 0 0 1
    outer loop
      vertex 98.8988 24.3164 2.25
      vertex 97.0988 24.3164 2.25
      vertex 98.8928 24.1319 2.25
    endloop
  endfacet
  facet normal 0 0 1
    outer loop
      vertex 97.0997 24.5139 2.25
      vertex 98.8997 24.5139 2.25
      vertex 98.8385 25.0961 2.25
    endloop
  endfacet
  facet normal 0 0 1
    outer loop
      vertex 97.0988 24.3164 2.25
      vertex 98.8997 24.5139 2.25
      vertex 97.0997 24.5139 2.25
    endloop
  endfacet
  facet normal 0 0 1
    outer loop
      vertex 98.8928 24.1319 2.25
      vertex 97.0928 24.1319 2.25
      vertex 98.8762 23.9475 2.25
    endloop
  endfacet
  facet normal -0 0 1
    outer loop
      vertex 96.9548 25.6216 2.25
      vertex 98.8385 25.0961 2.25
      vertex 98.6936 26.2038 2.25
    endloop
  endfacet
  facet normal 0 0 1
    outer loop
      vertex 96.9548 25.6216 2.25
      vertex 98.6936 26.2038 2.25
      vertex 98.5127 26.7605 2.25
    endloop
  endfacet
  facet normal 0 0 1
    outer loop
      vertex 96.9548 25.6216 2.25
      vertex 98.5127 26.7605 2.25
      vertex 98.123 27.6405 2.25
    endloop
  endfacet
  facet normal 0 0 1
    outer loop
      vertex 96.9548 25.6216 2.25
      vertex 98.123 27.6405 2.25
      vertex 97.8303 28.1474 2.25
    endloop
  endfacet
  facet normal 0 0 1
    outer loop
      vertex 96.2722 27.2087 2.25
      vertex 97.8303 28.1474 2.25
      vertex 97.4386 28.5824 2.25
    endloop
  endfacet
  facet normal 0 0 1
    outer loop
      vertex 97.0928 24.1319 2.25
      vertex 98.8928 24.1319 2.25
      vertex 97.0988 24.3164 2.25
    endloop
  endfacet
  facet normal 0 0 1
    outer loop
      vertex 97.0762 23.9475 2.25
      vertex 98.8762 23.9475 2.25
      vertex 97.0928 24.1319 2.25
    endloop
  endfacet
  facet normal 0 0 1
    outer loop
      vertex 98.8762 23.9475 2.25
      vertex 97.0762 23.9475 2.25
      vertex 98.815 23.3654 2.25
    endloop
  endfacet
  facet normal -0 0 1
    outer loop
      vertex 97.0441 23.75 2.25
      vertex 98.815 23.3654 2.25
      vertex 97.0762 23.9475 2.25
    endloop
  endfacet
  facet normal 0 0 1
    outer loop
      vertex 98.815 23.3654 2.25
      vertex 97.0441 23.75 2.25
      vertex 98.7829 23.1679 2.25
    endloop
  endfacet
  facet normal -0 0 1
    outer loop
      vertex 96.968 23.3673 2.25
      vertex 98.7829 23.1679 2.25
      vertex 97.0441 23.75 2.25
    endloop
  endfacet
  facet normal 0 0 1
    outer loop
      vertex 96.968 23.3673 2.25
      vertex 94.4063 7.51348 2.25
      vertex 98.7829 23.1679 2.25
    endloop
  endfacet
  facet normal -0 0 1
    outer loop
      vertex 92.5914 7.71294 2.25
      vertex 94.4063 7.51348 2.25
      vertex 96.968 23.3673 2.25
    endloop
  endfacet
  facet normal 0 0 1
    outer loop
      vertex 94.4063 7.51348 2.25
      vertex 92.5914 7.71294 2.25
      vertex 94.2254 6.95677 2.25
    endloop
  endfacet
  facet normal 0 0 1
    outer loop
      vertex 92.5914 7.71294 2.25
      vertex 89.4216 -2.36284 2.25
      vertex 94.2254 6.95677 2.25
    endloop
  endfacet
  facet normal -0 0 1
    outer loop
      vertex 87.7876 -1.60666 2.25
      vertex 89.4216 -2.36284 2.25
      vertex 92.5914 7.71294 2.25
    endloop
  endfacet
  facet normal 0 0 1
    outer loop
      vertex 89.4216 -2.36284 2.25
      vertex 87.7876 -1.60666 2.25
      vertex 89.129 -2.86978 2.25
    endloop
  endfacet
  facet normal -0 0 1
    outer loop
      vertex 87.5708 -1.93109 2.25
      vertex 89.129 -2.86978 2.25
      vertex 87.7876 -1.60666 2.25
    endloop
  endfacet
  facet normal 0 0 1
    outer loop
      vertex 89.129 -2.86978 2.25
      vertex 87.5708 -1.93109 2.25
      vertex 88.7373 -3.30479 2.25
    endloop
  endfacet
  facet normal 0 0 1
    outer loop
      vertex 82.9545 -6.41999 2.25
      vertex 88.7373 -3.30479 2.25
      vertex 87.5708 -1.93109 2.25
    endloop
  endfacet
  facet normal 0 0 1
    outer loop
      vertex 88.7373 -3.30479 2.25
      vertex 82.9545 -6.41999 2.25
      vertex 84.121 -7.79369 2.25
    endloop
  endfacet
  facet normal 0 0 1
    outer loop
      vertex 84.121 -7.79369 2.25
      vertex 82.9545 -6.41999 2.25
      vertex 83.6474 -8.13776 2.25
    endloop
  endfacet
  facet normal -0 0 1
    outer loop
      vertex 82.6301 -6.63677 2.25
      vertex 83.6474 -8.13776 2.25
      vertex 82.9545 -6.41999 2.25
    endloop
  endfacet
  facet normal 0 0 1
    outer loop
      vertex 83.6474 -8.13776 2.25
      vertex 82.6301 -6.63677 2.25
      vertex 83.1127 -8.37585 2.25
    endloop
  endfacet
  facet normal -0 0 1
    outer loop
      vertex 78.816 -7.79888 2.25
      vertex 83.1127 -8.37585 2.25
      vertex 82.6301 -6.63677 2.25
    endloop
  endfacet
  facet normal 0 0 1
    outer loop
      vertex 83.1127 -8.37585 2.25
      vertex 78.816 -7.79888 2.25
      vertex 79.2985 -9.53796 2.25
    endloop
  endfacet
  facet normal 0 0 1
    outer loop
      vertex 78.816 -7.79888 2.25
      vertex 78.726 -9.65966 2.25
      vertex 79.2985 -9.53796 2.25
    endloop
  endfacet
  facet normal -0 0 1
    outer loop
      vertex 78.4333 -7.875 2.25
      vertex 78.726 -9.65966 2.25
      vertex 78.816 -7.79888 2.25
    endloop
  endfacet
  facet normal 0 0 1
    outer loop
      vertex 78.4333 -7.875 2.25
      vertex 78.1406 -9.65966 2.25
      vertex 78.726 -9.65966 2.25
    endloop
  endfacet
  facet normal 0 0 1
    outer loop
      vertex 77.5799 -7.81419 2.25
      vertex 78.1406 -9.65966 2.25
      vertex 78.4333 -7.875 2.25
    endloop
  endfacet
  facet normal 0 0 1
    outer loop
      vertex 77.5799 -7.81419 2.25
      vertex 77.2872 -9.59885 2.25
      vertex 78.1406 -9.65966 2.25
    endloop
  endfacet
  facet normal 0 0 1
    outer loop
      vertex 77.1972 -7.73807 2.25
      vertex 77.2872 -9.59885 2.25
      vertex 77.5799 -7.81419 2.25
    endloop
  endfacet
  facet normal 0 0 1
    outer loop
      vertex 77.1972 -7.73807 2.25
      vertex 76.7146 -9.47715 2.25
      vertex 77.2872 -9.59885 2.25
    endloop
  endfacet
  facet normal 0 0 1
    outer loop
      vertex 76.4741 -7.5732 2.25
      vertex 76.7146 -9.47715 2.25
      vertex 77.1972 -7.73807 2.25
    endloop
  endfacet
  facet normal 0 0 1
    outer loop
      vertex 76.4741 -7.5732 2.25
      vertex 75.9916 -9.31228 2.25
      vertex 76.7146 -9.47715 2.25
    endloop
  endfacet
  facet normal 0 0 1
    outer loop
      vertex 75.4039 -9.06921 2.25
      vertex 76.4741 -7.5732 2.25
      vertex 75.8865 -7.33013 2.25
    endloop
  endfacet
  facet normal 0 0 1
    outer loop
      vertex 74.8692 -8.83112 2.25
      vertex 75.8865 -7.33013 2.25
      vertex 75.4394 -7.03487 2.25
    endloop
  endfacet
  facet normal 0 0 1
    outer loop
      vertex 76.4741 -7.5732 2.25
      vertex 75.4039 -9.06921 2.25
      vertex 75.9916 -9.31228 2.25
    endloop
  endfacet
  facet normal 0 0 1
    outer loop
      vertex 74.4221 -8.53586 2.25
      vertex 75.4394 -7.03487 2.25
      vertex 75.115 -6.8181 2.25
    endloop
  endfacet
  facet normal 0 0 1
    outer loop
      vertex 73.5568 -7.75679 2.25
      vertex 75.115 -6.8181 2.25
      vertex 74.8982 -6.49367 2.25
    endloop
  endfacet
  facet normal 0 0 1
    outer loop
      vertex 75.8865 -7.33013 2.25
      vertex 74.8692 -8.83112 2.25
      vertex 75.4039 -9.06921 2.25
    endloop
  endfacet
  facet normal 0 0 1
    outer loop
      vertex 75.4394 -7.03487 2.25
      vertex 74.4221 -8.53586 2.25
      vertex 74.8692 -8.83112 2.25
    endloop
  endfacet
  facet normal 0 0 1
    outer loop
      vertex 75.115 -6.8181 2.25
      vertex 73.9485 -8.1918 2.25
      vertex 74.4221 -8.53586 2.25
    endloop
  endfacet
  facet normal 0 0 1
    outer loop
      vertex 75.115 -6.8181 2.25
      vertex 73.5568 -7.75679 2.25
      vertex 73.9485 -8.1918 2.25
    endloop
  endfacet
  facet normal -0 0 1
    outer loop
      vertex 71.2244 -4.149 2.25
      vertex 74.8982 -6.49367 2.25
      vertex 72.5658 -2.88589 2.25
    endloop
  endfacet
  facet normal 0 0 1
    outer loop
      vertex 70.7508 -3.08535 2.25
      vertex 72.5658 -2.88589 2.25
      vertex 71.2801 1.48362 2.25
    endloop
  endfacet
  facet normal 0 0 1
    outer loop
      vertex 74.8982 -6.49367 2.25
      vertex 71.2244 -4.149 2.25
      vertex 73.5568 -7.75679 2.25
    endloop
  endfacet
  facet normal 0 0 1
    outer loop
      vertex 69.4625 1.30569 2.25
      vertex 71.2801 1.48362 2.25
      vertex 71.204 1.8663 2.25
    endloop
  endfacet
  facet normal 0 -0 1
    outer loop
      vertex 70.9317 -3.64207 2.25
      vertex 72.5658 -2.88589 2.25
      vertex 70.7508 -3.08535 2.25
    endloop
  endfacet
  facet normal 0 0 1
    outer loop
      vertex 72.5658 -2.88589 2.25
      vertex 70.9317 -3.64207 2.25
      vertex 71.2244 -4.149 2.25
    endloop
  endfacet
  facet normal -0 0 1
    outer loop
      vertex 69.409 4.32763 2.25
      vertex 71.204 1.8663 2.25
      vertex 70.6578 6.22284 2.25
    endloop
  endfacet
  facet normal 0 0 1
    outer loop
      vertex 69.409 4.32763 2.25
      vertex 70.6578 6.22284 2.25
      vertex 70.6273 7.18104 2.25
    endloop
  endfacet
  facet normal 0 0 1
    outer loop
      vertex 71.2801 1.48362 2.25
      vertex 69.4652 1.28415 2.25
      vertex 70.7508 -3.08535 2.25
    endloop
  endfacet
  facet normal 0 0 1
    outer loop
      vertex 71.2801 1.48362 2.25
      vertex 69.4625 1.30569 2.25
      vertex 69.4652 1.28415 2.25
    endloop
  endfacet
  facet normal -0 0 1
    outer loop
      vertex 69.1923 4.00321 2.25
      vertex 71.204 1.8663 2.25
      vertex 69.409 4.32763 2.25
    endloop
  endfacet
  facet normal 0 0 1
    outer loop
      vertex 71.204 1.8663 2.25
      vertex 69.1923 4.00321 2.25
      vertex 69.4625 1.30569 2.25
    endloop
  endfacet
  facet normal 0 0 1
    outer loop
      vertex 66.0291 -0.316402 2.25
      vertex 69.4625 1.30569 2.25
      vertex 69.1923 4.00321 2.25
    endloop
  endfacet
  facet normal 0 0 1
    outer loop
      vertex 69.4625 1.30569 2.25
      vertex 66.0291 -0.316402 2.25
      vertex 67.5873 -1.2551 2.25
    endloop
  endfacet
  facet normal 0 0 1
    outer loop
      vertex 67.5873 -1.2551 2.25
      vertex 66.0291 -0.316402 2.25
      vertex 67.1956 -1.6901 2.25
    endloop
  endfacet
  facet normal 0 0 1
    outer loop
      vertex 67.1956 -1.6901 2.25
      vertex 66.0291 -0.316402 2.25
      vertex 66.722 -2.03417 2.25
    endloop
  endfacet
  facet normal 0 0 1
    outer loop
      vertex 63.0326 -2.43539 2.25
      vertex 66.722 -2.03417 2.25
      vertex 66.0291 -0.316402 2.25
    endloop
  endfacet
  facet normal 0 0 1
    outer loop
      vertex 66.722 -2.03417 2.25
      vertex 63.0326 -2.43539 2.25
      vertex 63.7255 -4.15316 2.25
    endloop
  endfacet
  facet normal -0 0 1
    outer loop
      vertex 62.7082 -2.65216 2.25
      vertex 63.7255 -4.15316 2.25
      vertex 63.0326 -2.43539 2.25
    endloop
  endfacet
  facet normal 0 0 1
    outer loop
      vertex 63.7255 -4.15316 2.25
      vertex 62.7082 -2.65216 2.25
      vertex 63.1907 -4.39124 2.25
    endloop
  endfacet
  facet normal 0 0 1
    outer loop
      vertex 62.7082 -2.65216 2.25
      vertex 60.6317 -4.95445 2.25
      vertex 63.1907 -4.39124 2.25
    endloop
  endfacet
  facet normal -0 0 1
    outer loop
      vertex 60.1492 -3.21537 2.25
      vertex 60.6317 -4.95445 2.25
      vertex 62.7082 -2.65216 2.25
    endloop
  endfacet
  facet normal 0 0 1
    outer loop
      vertex 60.1492 -3.21537 2.25
      vertex 60.0592 -5.07615 2.25
      vertex 60.6317 -4.95445 2.25
    endloop
  endfacet
  facet normal -0 0 1
    outer loop
      vertex 59.7665 -3.29149 2.25
      vertex 60.0592 -5.07615 2.25
      vertex 60.1492 -3.21537 2.25
    endloop
  endfacet
  facet normal 0 0 1
    outer loop
      vertex 59.7665 -3.29149 2.25
      vertex 59.4738 -5.07615 2.25
      vertex 60.0592 -5.07615 2.25
    endloop
  endfacet
  facet normal 0 0 1
    outer loop
      vertex 59.0513 -3.24373 2.25
      vertex 59.4738 -5.07615 2.25
      vertex 59.7665 -3.29149 2.25
    endloop
  endfacet
  facet normal 0 0 1
    outer loop
      vertex 59.0513 -3.24373 2.25
      vertex 58.7586 -5.02839 2.25
      vertex 59.4738 -5.07615 2.25
    endloop
  endfacet
  facet normal 0 0 1
    outer loop
      vertex 58.6686 -3.16761 2.25
      vertex 58.7586 -5.02839 2.25
      vertex 59.0513 -3.24373 2.25
    endloop
  endfacet
  facet normal 0 0 1
    outer loop
      vertex 58.6686 -3.16761 2.25
      vertex 58.1266 -4.90265 2.25
      vertex 58.7586 -5.02839 2.25
    endloop
  endfacet
  facet normal 0 0 1
    outer loop
      vertex 58.0366 -3.04187 2.25
      vertex 58.1266 -4.90265 2.25
      vertex 58.6686 -3.16761 2.25
    endloop
  endfacet
  facet normal 0 0 1
    outer loop
      vertex 58.0366 -3.04187 2.25
      vertex 57.5541 -4.78095 2.25
      vertex 58.1266 -4.90265 2.25
    endloop
  endfacet
  facet normal 0 0 1
    outer loop
      vertex 57.0262 -4.60296 2.25
      vertex 58.0366 -3.04187 2.25
      vertex 57.5088 -2.86388 2.25
    endloop
  endfacet
  facet normal 0 0 1
    outer loop
      vertex 56.4915 -4.36487 2.25
      vertex 57.5088 -2.86388 2.25
      vertex 57.1058 -2.65987 2.25
    endloop
  endfacet
  facet normal 0 0 1
    outer loop
      vertex 58.0366 -3.04187 2.25
      vertex 57.0262 -4.60296 2.25
      vertex 57.5541 -4.78095 2.25
    endloop
  endfacet
  facet normal 0 0 1
    outer loop
      vertex 56.0885 -4.16086 2.25
      vertex 57.1058 -2.65987 2.25
      vertex 56.7814 -2.4431 2.25
    endloop
  endfacet
  facet normal 0 0 1
    outer loop
      vertex 57.5088 -2.86388 2.25
      vertex 56.4915 -4.36487 2.25
      vertex 57.0262 -4.60296 2.25
    endloop
  endfacet
  facet normal 0 0 1
    outer loop
      vertex 57.1058 -2.65987 2.25
      vertex 56.0885 -4.16086 2.25
      vertex 56.4915 -4.36487 2.25
    endloop
  endfacet
  facet normal 0 0 1
    outer loop
      vertex 56.7814 -2.4431 2.25
      vertex 55.615 -3.8168 2.25
      vertex 56.0885 -4.16086 2.25
    endloop
  endfacet
  facet normal -0 0 1
    outer loop
      vertex 52.8728 -1.28552 2.25
      vertex 56.7814 -2.4431 2.25
      vertex 54.0393 0.0881834 2.25
    endloop
  endfacet
  facet normal 0 0 1
    outer loop
      vertex 52.8506 -1.26081 2.25
      vertex 54.0393 0.0881834 2.25
      vertex 53.8225 0.412606 2.25
    endloop
  endfacet
  facet normal 0 0 1
    outer loop
      vertex 56.7814 -2.4431 2.25
      vertex 52.8728 -1.28552 2.25
      vertex 55.615 -3.8168 2.25
    endloop
  endfacet
  facet normal 0 0 1
    outer loop
      vertex 54.0393 0.0881834 2.25
      vertex 52.8506 -1.26081 2.25
      vertex 52.8728 -1.28552 2.25
    endloop
  endfacet
  facet normal 0 0 1
    outer loop
      vertex 51.1909 -0.556402 2.25
      vertex 53.8225 0.412606 2.25
      vertex 52.6754 2.44142 2.25
    endloop
  endfacet
  facet normal 0 0 1
    outer loop
      vertex 53.8225 0.412606 2.25
      vertex 51.1909 -0.556402 2.25
      vertex 52.8506 -1.26081 2.25
    endloop
  endfacet
  facet normal 0 0 1
    outer loop
      vertex 52.8506 -1.26081 2.25
      vertex 51.1909 -0.556402 2.25
      vertex 52.825 -1.31258 2.25
    endloop
  endfacet
  facet normal 0 0 1
    outer loop
      vertex 52.825 -1.31258 2.25
      vertex 51.1909 -0.556402 2.25
      vertex 52.5323 -1.81952 2.25
    endloop
  endfacet
  facet normal -0 0 1
    outer loop
      vertex 50.9741 -0.880825 2.25
      vertex 52.5323 -1.81952 2.25
      vertex 51.1909 -0.556402 2.25
    endloop
  endfacet
  facet normal 0 0 1
    outer loop
      vertex 52.5323 -1.81952 2.25
      vertex 50.9741 -0.880825 2.25
      vertex 52.1406 -2.25453 2.25
    endloop
  endfacet
  facet normal 0 0 1
    outer loop
      vertex 45.9074 -5.31007 2.25
      vertex 52.1406 -2.25453 2.25
      vertex 50.9741 -0.880825 2.25
    endloop
  endfacet
  facet normal 0 0 1
    outer loop
      vertex 52.1406 -2.25453 2.25
      vertex 45.9074 -5.31007 2.25
      vertex 47.0738 -6.68377 2.25
    endloop
  endfacet
  facet normal 0 0 1
    outer loop
      vertex 47.0738 -6.68377 2.25
      vertex 45.9074 -5.31007 2.25
      vertex 46.6003 -7.02783 2.25
    endloop
  endfacet
  facet normal -0 0 1
    outer loop
      vertex 45.5829 -5.52684 2.25
      vertex 46.6003 -7.02783 2.25
      vertex 45.9074 -5.31007 2.25
    endloop
  endfacet
  facet normal 0 0 1
    outer loop
      vertex 46.6003 -7.02783 2.25
      vertex 45.5829 -5.52684 2.25
      vertex 46.0655 -7.26592 2.25
    endloop
  endfacet
  facet normal 0 0 1
    outer loop
      vertex 45.5829 -5.52684 2.25
      vertex 41.3893 -8.42689 2.25
      vertex 46.0655 -7.26592 2.25
    endloop
  endfacet
  facet normal -0 0 1
    outer loop
      vertex 40.9067 -6.68781 2.25
      vertex 41.3893 -8.42689 2.25
      vertex 45.5829 -5.52684 2.25
    endloop
  endfacet
  facet normal 0 0 1
    outer loop
      vertex 40.9067 -6.68781 2.25
      vertex 40.8167 -8.54859 2.25
      vertex 41.3893 -8.42689 2.25
    endloop
  endfacet
  facet normal -0 0 1
    outer loop
      vertex 40.524 -6.76393 2.25
      vertex 40.8167 -8.54859 2.25
      vertex 40.9067 -6.68781 2.25
    endloop
  endfacet
  facet normal 0 0 1
    outer loop
      vertex 40.524 -6.76393 2.25
      vertex 40.2314 -8.54859 2.25
      vertex 40.8167 -8.54859 2.25
    endloop
  endfacet
  facet normal 0 0 1
    outer loop
      vertex 39.0109 -6.64568 2.25
      vertex 40.2314 -8.54859 2.25
      vertex 40.524 -6.76393 2.25
    endloop
  endfacet
  facet normal 0 0 1
    outer loop
      vertex 39.0109 -6.64568 2.25
      vertex 38.7182 -8.43033 2.25
      vertex 40.2314 -8.54859 2.25
    endloop
  endfacet
  facet normal 0 0 1
    outer loop
      vertex 38.6282 -6.56955 2.25
      vertex 38.7182 -8.43033 2.25
      vertex 39.0109 -6.64568 2.25
    endloop
  endfacet
  facet normal 0 0 1
    outer loop
      vertex 38.6282 -6.56955 2.25
      vertex 38.1457 -8.30863 2.25
      vertex 38.7182 -8.43033 2.25
    endloop
  endfacet
  facet normal 0 0 1
    outer loop
      vertex 37.3704 -6.26247 2.25
      vertex 38.1457 -8.30863 2.25
      vertex 38.6282 -6.56955 2.25
    endloop
  endfacet
  facet normal 0 0 1
    outer loop
      vertex 37.3704 -6.26247 2.25
      vertex 36.8878 -8.00155 2.25
      vertex 38.1457 -8.30863 2.25
    endloop
  endfacet
  facet normal 0 0 1
    outer loop
      vertex 35.9321 -7.57728 2.25
      vertex 37.3704 -6.26247 2.25
      vertex 36.4146 -5.8382 2.25
    endloop
  endfacet
  facet normal 0 0 1
    outer loop
      vertex 35.3973 -7.33919 2.25
      vertex 36.4146 -5.8382 2.25
      vertex 36.0902 -5.62143 2.25
    endloop
  endfacet
  facet normal 0 0 1
    outer loop
      vertex 37.3704 -6.26247 2.25
      vertex 35.9321 -7.57728 2.25
      vertex 36.8878 -8.00155 2.25
    endloop
  endfacet
  facet normal 0 0 1
    outer loop
      vertex 34.9237 -6.99513 2.25
      vertex 36.0902 -5.62143 2.25
      vertex 35.4833 -5.15153 2.25
    endloop
  endfacet
  facet normal 0 0 1
    outer loop
      vertex 36.4146 -5.8382 2.25
      vertex 35.3973 -7.33919 2.25
      vertex 35.9321 -7.57728 2.25
    endloop
  endfacet
  facet normal 0 0 1
    outer loop
      vertex 33.9252 -6.09023 2.25
      vertex 35.4833 -5.15153 2.25
      vertex 35.2666 -4.82711 2.25
    endloop
  endfacet
  facet normal 0 0 1
    outer loop
      vertex 36.0902 -5.62143 2.25
      vertex 34.9237 -6.99513 2.25
      vertex 35.3973 -7.33919 2.25
    endloop
  endfacet
  facet normal 0 0 1
    outer loop
      vertex 35.4833 -5.15153 2.25
      vertex 34.3169 -6.52523 2.25
      vertex 34.9237 -6.99513 2.25
    endloop
  endfacet
  facet normal 0 0 1
    outer loop
      vertex 35.4833 -5.15153 2.25
      vertex 33.9252 -6.09023 2.25
      vertex 34.3169 -6.52523 2.25
    endloop
  endfacet
  facet normal -0 0 1
    outer loop
      vertex 31.3663 -2.12538 2.25
      vertex 35.2666 -4.82711 2.25
      vertex 32.7077 -0.862265 2.25
    endloop
  endfacet
  facet normal 0 0 1
    outer loop
      vertex 35.2666 -4.82711 2.25
      vertex 31.3663 -2.12538 2.25
      vertex 33.9252 -6.09023 2.25
    endloop
  endfacet
  facet normal -0 0 1
    outer loop
      vertex 30.3476 0.570886 2.25
      vertex 32.7077 -0.862265 2.25
      vertex 31.0863 4.02696 2.25
    endloop
  endfacet
  facet normal 0 0 1
    outer loop
      vertex 32.7077 -0.862265 2.25
      vertex 31.0737 -1.61844 2.25
      vertex 31.3663 -2.12538 2.25
    endloop
  endfacet
  facet normal 0 0 1
    outer loop
      vertex 29.9517 2.87263 2.25
      vertex 31.0863 4.02696 2.25
      vertex 31.0101 4.40964 2.25
    endloop
  endfacet
  facet normal 0 0 1
    outer loop
      vertex 29.9517 2.87263 2.25
      vertex 31.0101 4.40964 2.25
      vertex 30.9264 4.94694 2.25
    endloop
  endfacet
  facet normal 0 0 1
    outer loop
      vertex 32.7077 -0.862265 2.25
      vertex 30.3476 0.570886 2.25
      vertex 31.0737 -1.61844 2.25
    endloop
  endfacet
  facet normal 0 0 1
    outer loop
      vertex 31.0863 4.02696 2.25
      vertex 29.9517 2.87263 2.25
      vertex 30.3476 0.570886 2.25
    endloop
  endfacet
  facet normal -0 0 1
    outer loop
      vertex 29.7349 2.54821 2.25
      vertex 30.3476 0.570886 2.25
      vertex 29.9517 2.87263 2.25
    endloop
  endfacet
  facet normal 0 0 1
    outer loop
      vertex 23.1238 -4.65768 2.25
      vertex 30.3476 0.570886 2.25
      vertex 29.7349 2.54821 2.25
    endloop
  endfacet
  facet normal 0 0 1
    outer loop
      vertex 30.3476 0.570886 2.25
      vertex 23.1238 -4.65768 2.25
      vertex 24.2903 -6.03138 2.25
    endloop
  endfacet
  facet normal 0 0 1
    outer loop
      vertex 24.2903 -6.03138 2.25
      vertex 23.1238 -4.65768 2.25
      vertex 23.8167 -6.37545 2.25
    endloop
  endfacet
  facet normal -0 0 1
    outer loop
      vertex 22.7994 -4.87445 2.25
      vertex 23.8167 -6.37545 2.25
      vertex 23.1238 -4.65768 2.25
    endloop
  endfacet
  facet normal 0 0 1
    outer loop
      vertex 23.8167 -6.37545 2.25
      vertex 22.7994 -4.87445 2.25
      vertex 23.2819 -6.61353 2.25
    endloop
  endfacet
  facet normal 0 0 1
    outer loop
      vertex 14.9382 -7.65987 2.25
      vertex 23.2819 -6.61353 2.25
      vertex 22.7994 -4.87445 2.25
    endloop
  endfacet
  facet normal 0 0 1
    outer loop
      vertex 23.2819 -6.61353 2.25
      vertex 14.9382 -7.65987 2.25
      vertex 15.4208 -9.39895 2.25
    endloop
  endfacet
  facet normal 0 0 1
    outer loop
      vertex 14.9382 -7.65987 2.25
      vertex 14.8482 -9.52065 2.25
      vertex 15.4208 -9.39895 2.25
    endloop
  endfacet
  facet normal -0 0 1
    outer loop
      vertex 14.5555 -7.73599 2.25
      vertex 14.8482 -9.52065 2.25
      vertex 14.9382 -7.65987 2.25
    endloop
  endfacet
  facet normal 0 0 1
    outer loop
      vertex 14.5555 -7.73599 2.25
      vertex 14.2629 -9.52065 2.25
      vertex 14.8482 -9.52065 2.25
    endloop
  endfacet
  facet normal 0 0 1
    outer loop
      vertex 12.5547 -7.56128 2.25
      vertex 14.2629 -9.52065 2.25
      vertex 14.5555 -7.73599 2.25
    endloop
  endfacet
  facet normal 0 0 1
    outer loop
      vertex 12.5547 -7.56128 2.25
      vertex 12.262 -9.34594 2.25
      vertex 14.2629 -9.52065 2.25
    endloop
  endfacet
  facet normal 0 0 1
    outer loop
      vertex 12.172 -7.48516 2.25
      vertex 12.262 -9.34594 2.25
      vertex 12.5547 -7.56128 2.25
    endloop
  endfacet
  facet normal 0 0 1
    outer loop
      vertex 12.172 -7.48516 2.25
      vertex 11.6894 -9.22424 2.25
      vertex 12.262 -9.34594 2.25
    endloop
  endfacet
  facet normal 0 0 1
    outer loop
      vertex 10.166 -6.9395 2.25
      vertex 11.6894 -9.22424 2.25
      vertex 12.172 -7.48516 2.25
    endloop
  endfacet
  facet normal 0 0 1
    outer loop
      vertex 10.166 -6.9395 2.25
      vertex 9.6834 -8.67858 2.25
      vertex 11.6894 -9.22424 2.25
    endloop
  endfacet
  facet normal 0 0 1
    outer loop
      vertex 10.166 -6.9395 2.25
      vertex 9.14864 -8.44049 2.25
      vertex 9.6834 -8.67858 2.25
    endloop
  endfacet
  facet normal 0 0 1
    outer loop
      vertex 8.14948 -5.99002 2.25
      vertex 9.14864 -8.44049 2.25
      vertex 10.166 -6.9395 2.25
    endloop
  endfacet
  facet normal 0 0 1
    outer loop
      vertex 7.13216 -7.49102 2.25
      vertex 8.14948 -5.99002 2.25
      vertex 7.82506 -5.77325 2.25
    endloop
  endfacet
  facet normal 0 0 1
    outer loop
      vertex 8.14948 -5.99002 2.25
      vertex 7.13216 -7.49102 2.25
      vertex 9.14864 -8.44049 2.25
    endloop
  endfacet
  facet normal 0 0 1
    outer loop
      vertex 5.1 -6.10536 2.25
      vertex 7.82506 -5.77325 2.25
      vertex 5.7929 -4.3876 2.25
    endloop
  endfacet
  facet normal 0 0 1
    outer loop
      vertex 7.82506 -5.77325 2.25
      vertex 5.1 -6.10536 2.25
      vertex 7.13216 -7.49102 2.25
    endloop
  endfacet
  facet normal 0 0 1
    outer loop
      vertex 5.7929 -4.3876 2.25
      vertex 4.62643 -5.7613 2.25
      vertex 5.1 -6.10536 2.25
    endloop
  endfacet
  facet normal 0 0 1
    outer loop
      vertex 3.19669 -4.48536 2.25
      vertex 5.7929 -4.3876 2.25
      vertex 4.36315 -3.11166 2.25
    endloop
  endfacet
  facet normal 0 0 1
    outer loop
      vertex 5.7929 -4.3876 2.25
      vertex 3.19669 -4.48536 2.25
      vertex 4.62643 -5.7613 2.25
    endloop
  endfacet
  facet normal 0 0 1
    outer loop
      vertex 4.36315 -3.11166 2.25
      vertex 2.805 -4.05035 2.25
      vertex 3.19669 -4.48536 2.25
    endloop
  endfacet
  facet normal 0 0 1
    outer loop
      vertex 2.35533 -0.689861 2.25
      vertex 2.805 -4.05035 2.25
      vertex 4.36315 -3.11166 2.25
    endloop
  endfacet
  facet normal 0 0 1
    outer loop
      vertex 0.797192 -1.62856 2.25
      vertex 2.35533 -0.689861 2.25
      vertex 2.13856 -0.365438 2.25
    endloop
  endfacet
  facet normal 0 0 1
    outer loop
      vertex 2.35533 -0.689861 2.25
      vertex 0.797192 -1.62856 2.25
      vertex 2.805 -4.05035 2.25
    endloop
  endfacet
  facet normal 0 0 1
    outer loop
      vertex 2.13856 -0.365438 2.25
      vertex 0.504513 -1.12162 2.25
      vertex 0.797192 -1.62856 2.25
    endloop
  endfacet
  facet normal 0 0 1
    outer loop
      vertex 0.349499 3.12417 2.25
      vertex 0.504513 -1.12162 2.25
      vertex 2.13856 -0.365438 2.25
    endloop
  endfacet
  facet normal 0 0 1
    outer loop
      vertex -1.46544 2.9247 2.25
      vertex 0.349499 3.12417 2.25
      vertex 0.273376 3.50685 2.25
    endloop
  endfacet
  facet normal -0 0 1
    outer loop
      vertex -2.23881 7.40384 2.25
      vertex 0.273376 3.50685 2.25
      vertex -0.5 7.98599 2.25
    endloop
  endfacet
  facet normal 0 0 1
    outer loop
      vertex 0.349499 3.12417 2.25
      vertex -1.28455 2.36799 2.25
      vertex 0.504513 -1.12162 2.25
    endloop
  endfacet
  facet normal 0 0 1
    outer loop
      vertex -0.213855 10.7623 2.25
      vertex -2.02879 10.9618 2.25
      vertex -0.289978 10.3796 2.25
    endloop
  endfacet
  facet normal 0 0 1
    outer loop
      vertex -2.08998 10.3796 2.25
      vertex -0.289978 10.3796 2.25
      vertex -2.02879 10.9618 2.25
    endloop
  endfacet
  facet normal 0 0 1
    outer loop
      vertex 0.349499 3.12417 2.25
      vertex -1.46544 2.9247 2.25
      vertex -1.28455 2.36799 2.25
    endloop
  endfacet
  facet normal 0 0 1
    outer loop
      vertex -0.289978 10.3796 2.25
      vertex -2.08998 10.3796 2.25
      vertex -0.5 7.98599 2.25
    endloop
  endfacet
  facet normal 0 0 1
    outer loop
      vertex -2.3 7.98599 2.25
      vertex -0.5 7.98599 2.25
      vertex -2.08998 10.3796 2.25
    endloop
  endfacet
  facet normal 0 0 1
    outer loop
      vertex 0.273376 3.50685 2.25
      vertex -2.23881 7.40384 2.25
      vertex -1.46544 2.9247 2.25
    endloop
  endfacet
  facet normal 0 0 1
    outer loop
      vertex -0.5 7.98599 2.25
      vertex -2.3 7.98599 2.25
      vertex -2.23881 7.40384 2.25
    endloop
  endfacet
  facet normal 0 0 1
    outer loop
      vertex 50.4885 12.1529 2.25
      vertex 48.6885 12.1529 2.25
      vertex 48.7084 11.9035 2.25
    endloop
  endfacet
  facet normal 0 0 1
    outer loop
      vertex 50.5241 11.707 2.25
      vertex 50.4885 12.1529 2.25
      vertex 50.0863 9.94849 2.25
    endloop
  endfacet
  facet normal 0 0 1
    outer loop
      vertex -0.580371 19.8733 2.25
      vertex 0.977771 20.812 2.25
      vertex 0.760998 21.1364 2.25
    endloop
  endfacet
  facet normal 0 0 1
    outer loop
      vertex 0.977771 20.812 2.25
      vertex -0.18869 19.4383 2.25
      vertex 0.915894 18.302 2.25
    endloop
  endfacet
  facet normal 0 0 1
    outer loop
      vertex 0.977771 20.812 2.25
      vertex -0.580371 19.8733 2.25
      vertex -0.18869 19.4383 2.25
    endloop
  endfacet
  facet normal 0 0 1
    outer loop
      vertex 0.760998 21.1364 2.25
      vertex -0.87305 20.3802 2.25
      vertex -0.580371 19.8733 2.25
    endloop
  endfacet
  facet normal 0 0 1
    outer loop
      vertex -1.13915 24.5478 2.25
      vertex -0.87305 20.3802 2.25
      vertex 0.760998 21.1364 2.25
    endloop
  endfacet
  facet normal 0 0 1
    outer loop
      vertex -2.95408 24.3483 2.25
      vertex -1.13915 24.5478 2.25
      vertex -2.23729 28.376 2.25
    endloop
  endfacet
  facet normal 0 0 1
    outer loop
      vertex -4.05223 28.1765 2.25
      vertex -2.23729 28.376 2.25
      vertex -2.31342 28.7587 2.25
    endloop
  endfacet
  facet normal 0 0 1
    outer loop
      vertex -1.13915 24.5478 2.25
      vertex -2.7732 23.7916 2.25
      vertex -0.87305 20.3802 2.25
    endloop
  endfacet
  facet normal 0 0 1
    outer loop
      vertex -4.11341 28.7587 2.25
      vertex -2.31342 28.7587 2.25
      vertex -2.66675 32.8474 2.25
    endloop
  endfacet
  facet normal 0 0 1
    outer loop
      vertex 0.915894 18.302 2.25
      vertex 3.19107 18.5353 2.25
      vertex 0.977771 20.812 2.25
    endloop
  endfacet
  facet normal 0 0 1
    outer loop
      vertex 3.19107 18.5353 2.25
      vertex 0.915894 18.302 2.25
      vertex 1.6855 16.1227 2.25
    endloop
  endfacet
  facet normal -0 0 1
    outer loop
      vertex 0.344128 17.3858 2.25
      vertex 1.6855 16.1227 2.25
      vertex 0.915894 18.302 2.25
    endloop
  endfacet
  facet normal -0 0 1
    outer loop
      vertex 0.0514488 16.8789 2.25
      vertex 1.6855 16.1227 2.25
      vertex 0.344128 17.3858 2.25
    endloop
  endfacet
  facet normal 0 0 1
    outer loop
      vertex -1.16907 14.1076 2.25
      vertex 1.6855 16.1227 2.25
      vertex 0.0514488 16.8789 2.25
    endloop
  endfacet
  facet normal 0 0 1
    outer loop
      vertex 1.6855 16.1227 2.25
      vertex -1.16907 14.1076 2.25
      vertex 0.464977 13.3514 2.25
    endloop
  endfacet
  facet normal -0 0 1
    outer loop
      vertex -1.34996 13.5509 2.25
      vertex 0.464977 13.3514 2.25
      vertex -1.16907 14.1076 2.25
    endloop
  endfacet
  facet normal 0 0 1
    outer loop
      vertex 0.464977 13.3514 2.25
      vertex -1.34996 13.5509 2.25
      vertex -0.213855 10.7623 2.25
    endloop
  endfacet
  facet normal -0 0 1
    outer loop
      vertex -2.02879 10.9618 2.25
      vertex -0.213855 10.7623 2.25
      vertex -1.34996 13.5509 2.25
    endloop
  endfacet
  facet normal 0 0 1
    outer loop
      vertex 17.8915 45.9979 2.25
      vertex 18.4777 45.3489 2.25
      vertex 18.4371 45.5027 2.25
    endloop
  endfacet
  facet normal 0 0 1
    outer loop
      vertex 17.8915 45.9979 2.25
      vertex 18.4371 45.5027 2.25
      vertex 18.3317 45.7119 2.25
    endloop
  endfacet
  facet normal 0 0 1
    outer loop
      vertex 18.4777 45.3489 2.25
      vertex 17.8915 45.9979 2.25
      vertex 18.4985 45.0883 2.25
    endloop
  endfacet
  facet normal 0 0 1
    outer loop
      vertex 17.8915 45.9979 2.25
      vertex 18.3317 45.7119 2.25
      vertex 18.2506 45.8084 2.25
    endloop
  endfacet
  facet normal 0 0 1
    outer loop
      vertex 16.1813 43.9297 2.25
      vertex 18.4985 45.0883 2.25
      vertex 17.8915 45.9979 2.25
    endloop
  endfacet
  facet normal 0 0 1
    outer loop
      vertex 18.4985 45.0883 2.25
      vertex 16.1813 43.9297 2.25
      vertex 18.2819 44.073 2.25
    endloop
  endfacet
  facet normal 0 0 1
    outer loop
      vertex 16.1813 43.9297 2.25
      vertex 17.8915 45.9979 2.25
      vertex 17.2978 46.2376 2.25
    endloop
  endfacet
  facet normal 0 0 1
    outer loop
      vertex 18.2819 44.073 2.25
      vertex 16.1813 43.9297 2.25
      vertex 17.6326 42.8211 2.25
    endloop
  endfacet
  facet normal 0 0 1
    outer loop
      vertex 16.1813 43.9297 2.25
      vertex 17.2978 46.2376 2.25
      vertex 16.9692 46.3228 2.25
    endloop
  endfacet
  facet normal 0 0 1
    outer loop
      vertex 16.1813 43.9297 2.25
      vertex 16.9692 46.3228 2.25
      vertex 16.7692 46.3413 2.25
    endloop
  endfacet
  facet normal -0 0 1
    outer loop
      vertex 16.1445 43.8586 2.25
      vertex 17.6326 42.8211 2.25
      vertex 16.1813 43.9297 2.25
    endloop
  endfacet
  facet normal 0 0 1
    outer loop
      vertex 17.6326 42.8211 2.25
      vertex 16.1445 43.8586 2.25
      vertex 17.0351 41.9776 2.25
    endloop
  endfacet
  facet normal -0 0 1
    outer loop
      vertex 15.477 42.9163 2.25
      vertex 17.0351 41.9776 2.25
      vertex 16.1445 43.8586 2.25
    endloop
  endfacet
  facet normal -0 0 1
    outer loop
      vertex 13.3164 44.3827 2.25
      vertex 16.1813 43.9297 2.25
      vertex 16.7692 46.3413 2.25
    endloop
  endfacet
  facet normal 0 0 1
    outer loop
      vertex 16.1813 43.9297 2.25
      vertex 13.3164 44.3827 2.25
      vertex 14.6272 43.0482 2.25
    endloop
  endfacet
  facet normal 0 0 1
    outer loop
      vertex 10.4586 39.27 2.25
      vertex 14.6272 43.0482 2.25
      vertex 13.3164 44.3827 2.25
    endloop
  endfacet
  facet normal 0 0 1
    outer loop
      vertex 14.6272 43.0482 2.25
      vertex 10.4586 39.27 2.25
      vertex 12.1314 38.583 2.25
    endloop
  endfacet
  facet normal 0 0 1
    outer loop
      vertex 8.55583 32.7461 2.25
      vertex 12.1314 38.583 2.25
      vertex 10.4586 39.27 2.25
    endloop
  endfacet
  facet normal 0 0 1
    outer loop
      vertex 12.1314 38.583 2.25
      vertex 8.55583 32.7461 2.25
      vertex 10.3177 32.3649 2.25
    endloop
  endfacet
  facet normal 0 0 1
    outer loop
      vertex 10.3177 32.3649 2.25
      vertex 8.55583 32.7461 2.25
      vertex 9.69045 26.9089 2.25
    endloop
  endfacet
  facet normal -0 0 1
    outer loop
      vertex 7.88879 26.9444 2.25
      vertex 9.69045 26.9089 2.25
      vertex 8.55583 32.7461 2.25
    endloop
  endfacet
  facet normal 0 0 1
    outer loop
      vertex 9.69507 26.8093 2.25
      vertex 7.88879 26.9444 2.25
      vertex 7.95306 25.5609 2.25
    endloop
  endfacet
  facet normal 0 0 1
    outer loop
      vertex 9.69507 26.8093 2.25
      vertex 7.95306 25.5609 2.25
      vertex 9.59205 24.7174 2.25
    endloop
  endfacet
  facet normal -0 -0 1
    outer loop
      vertex 8.08658 24.8318 2.25
      vertex 9.59205 24.7174 2.25
      vertex 7.95306 25.5609 2.25
    endloop
  endfacet
  facet normal 0 0 1
    outer loop
      vertex 9.59205 24.7174 2.25
      vertex 8.08658 24.8318 2.25
      vertex 8.28117 24.4157 2.25
    endloop
  endfacet
  facet normal 0 0 1
    outer loop
      vertex 17.0351 41.9776 2.25
      vertex 15.477 42.9163 2.25
      vertex 16.4596 41.2626 2.25
    endloop
  endfacet
  facet normal -0 0 1
    outer loop
      vertex 14.9015 42.2013 2.25
      vertex 16.4596 41.2626 2.25
      vertex 15.477 42.9163 2.25
    endloop
  endfacet
  facet normal 0 0 1
    outer loop
      vertex 16.4596 41.2626 2.25
      vertex 14.9015 42.2013 2.25
      vertex 16.2429 40.9382 2.25
    endloop
  endfacet
  facet normal -0 0 1
    outer loop
      vertex 14.6505 41.8139 2.25
      vertex 16.2429 40.9382 2.25
      vertex 14.9015 42.2013 2.25
    endloop
  endfacet
  facet normal 0 0 1
    outer loop
      vertex 16.2429 40.9382 2.25
      vertex 14.6505 41.8139 2.25
      vertex 15.9919 40.5508 2.25
    endloop
  endfacet
  facet normal -0 0 1
    outer loop
      vertex 14.1851 40.8872 2.25
      vertex 15.9919 40.5508 2.25
      vertex 14.3578 41.307 2.25
    endloop
  endfacet
  facet normal -0 0 1
    outer loop
      vertex 14.3578 41.307 2.25
      vertex 15.9919 40.5508 2.25
      vertex 14.6505 41.8139 2.25
    endloop
  endfacet
  facet normal 0 0 1
    outer loop
      vertex 26.2944 45.9986 2.25
      vertex 24.4794 45.7992 2.25
      vertex 24.5555 45.4165 2.25
    endloop
  endfacet
  facet normal 0 0 1
    outer loop
      vertex 25.6034 49.394 2.25
      vertex 23.7885 49.1946 2.25
      vertex 24.4794 45.7992 2.25
    endloop
  endfacet
  facet normal -0 0 1
    outer loop
      vertex 22.2017 51.8671 2.25
      vertex 25.1299 50.4577 2.25
      vertex 23.5431 53.1302 2.25
    endloop
  endfacet
  facet normal 0 0 1
    outer loop
      vertex 21.9849 52.1916 2.25
      vertex 23.5431 53.1302 2.25
      vertex 23.1514 53.5653 2.25
    endloop
  endfacet
  facet normal 0 0 1
    outer loop
      vertex 25.1299 50.4577 2.25
      vertex 22.2017 51.8671 2.25
      vertex 23.7885 49.1946 2.25
    endloop
  endfacet
  facet normal 0 0 1
    outer loop
      vertex 23.5431 53.1302 2.25
      vertex 21.9849 52.1916 2.25
      vertex 22.2017 51.8671 2.25
    endloop
  endfacet
  facet normal -0 0 1
    outer loop
      vertex 20.2314 53.9657 2.25
      vertex 23.1514 53.5653 2.25
      vertex 21.3979 55.3394 2.25
    endloop
  endfacet
  facet normal 0 0 1
    outer loop
      vertex 20.2314 53.9657 2.25
      vertex 21.3979 55.3394 2.25
      vertex 20.9243 55.6835 2.25
    endloop
  endfacet
  facet normal 0 0 1
    outer loop
      vertex 23.1514 53.5653 2.25
      vertex 20.2314 53.9657 2.25
      vertex 21.9849 52.1916 2.25
    endloop
  endfacet
  facet normal 0 0 1
    outer loop
      vertex 20.9243 55.6835 2.25
      vertex 19.907 54.1825 2.25
      vertex 20.2314 53.9657 2.25
    endloop
  endfacet
  facet normal 0 0 1
    outer loop
      vertex 19.7332 56.3833 2.25
      vertex 19.907 54.1825 2.25
      vertex 20.9243 55.6835 2.25
    endloop
  endfacet
  facet normal 0 0 1
    outer loop
      vertex 18.7159 54.8823 2.25
      vertex 19.7332 56.3833 2.25
      vertex 19.1984 56.6214 2.25
    endloop
  endfacet
  facet normal 0 0 1
    outer loop
      vertex 19.7332 56.3833 2.25
      vertex 18.7159 54.8823 2.25
      vertex 19.907 54.1825 2.25
    endloop
  endfacet
  facet normal 0 0 1
    outer loop
      vertex 18.1994 56.8948 2.25
      vertex 18.7159 54.8823 2.25
      vertex 19.1984 56.6214 2.25
    endloop
  endfacet
  facet normal 0 0 1
    outer loop
      vertex 18.1994 56.8948 2.25
      vertex 17.7168 55.1557 2.25
      vertex 18.7159 54.8823 2.25
    endloop
  endfacet
  facet normal 0 0 1
    outer loop
      vertex 17.6268 57.0165 2.25
      vertex 17.7168 55.1557 2.25
      vertex 18.1994 56.8948 2.25
    endloop
  endfacet
  facet normal 0 0 1
    outer loop
      vertex 17.6268 57.0165 2.25
      vertex 17.3341 55.2318 2.25
      vertex 17.7168 55.1557 2.25
    endloop
  endfacet
  facet normal 0 0 1
    outer loop
      vertex 16.3403 55.4272 2.25
      vertex 17.6268 57.0165 2.25
      vertex 16.6329 57.2118 2.25
    endloop
  endfacet
  facet normal 0 0 1
    outer loop
      vertex 17.6268 57.0165 2.25
      vertex 16.3403 55.4272 2.25
      vertex 17.3341 55.2318 2.25
    endloop
  endfacet
  facet normal 0 0 1
    outer loop
      vertex 15.6494 57.329 2.25
      vertex 16.3403 55.4272 2.25
      vertex 16.6329 57.2118 2.25
    endloop
  endfacet
  facet normal 0 0 1
    outer loop
      vertex 15.6494 57.329 2.25
      vertex 15.3568 55.5444 2.25
      vertex 16.3403 55.4272 2.25
    endloop
  endfacet
  facet normal 0 0 1
    outer loop
      vertex 14.6815 57.3681 2.25
      vertex 15.3568 55.5444 2.25
      vertex 15.6494 57.329 2.25
    endloop
  endfacet
  facet normal 0 0 1
    outer loop
      vertex 14.6815 57.3681 2.25
      vertex 14.3888 55.5834 2.25
      vertex 15.3568 55.5444 2.25
    endloop
  endfacet
  facet normal -0 0 1
    outer loop
      vertex 14.0961 57.3681 2.25
      vertex 14.3888 55.5834 2.25
      vertex 14.6815 57.3681 2.25
    endloop
  endfacet
  facet normal 0 0 1
    outer loop
      vertex 14.0961 57.3681 2.25
      vertex 14.0061 55.5073 2.25
      vertex 14.3888 55.5834 2.25
    endloop
  endfacet
  facet normal -0 0 1
    outer loop
      vertex 13.5235 57.2464 2.25
      vertex 14.0061 55.5073 2.25
      vertex 14.0961 57.3681 2.25
    endloop
  endfacet
  facet normal 0 0 1
    outer loop
      vertex 7.03051 55.3248 2.25
      vertex 14.0061 55.5073 2.25
      vertex 13.5235 57.2464 2.25
    endloop
  endfacet
  facet normal 0 0 1
    outer loop
      vertex 14.0061 55.5073 2.25
      vertex 7.03051 55.3248 2.25
      vertex 7.51307 53.5857 2.25
    endloop
  endfacet
  facet normal -0 0 1
    outer loop
      vertex 6.49575 55.0867 2.25
      vertex 7.51307 53.5857 2.25
      vertex 7.03051 55.3248 2.25
    endloop
  endfacet
  facet normal 0 0 1
    outer loop
      vertex 7.51307 53.5857 2.25
      vertex 6.49575 55.0867 2.25
      vertex 7.18865 53.3689 2.25
    endloop
  endfacet
  facet normal -0 0 1
    outer loop
      vertex 6.02219 54.7426 2.25
      vertex 7.18865 53.3689 2.25
      vertex 6.49575 55.0867 2.25
    endloop
  endfacet
  facet normal 0 0 1
    outer loop
      vertex 0.94577 49.7285 2.25
      vertex 7.18865 53.3689 2.25
      vertex 6.02219 54.7426 2.25
    endloop
  endfacet
  facet normal 0 0 1
    outer loop
      vertex 7.18865 53.3689 2.25
      vertex 0.94577 49.7285 2.25
      vertex 2.11223 48.3548 2.25
    endloop
  endfacet
  facet normal -0 0 1
    outer loop
      vertex 0.554089 49.2935 2.25
      vertex 2.11223 48.3548 2.25
      vertex 0.94577 49.7285 2.25
    endloop
  endfacet
  facet normal 0 0 1
    outer loop
      vertex 2.11223 48.3548 2.25
      vertex 0.554089 49.2935 2.25
      vertex 1.89546 48.0304 2.25
    endloop
  endfacet
  facet normal -0 0 1
    outer loop
      vertex 0.26141 48.7866 2.25
      vertex 1.89546 48.0304 2.25
      vertex 0.554089 49.2935 2.25
    endloop
  endfacet
  facet normal 0 0 1
    outer loop
      vertex 0.26141 48.7866 2.25
      vertex -1.41008 41.0502 2.25
      vertex 1.89546 48.0304 2.25
    endloop
  endfacet
  facet normal 0 0 1
    outer loop
      vertex -1.13915 24.5478 2.25
      vertex -2.95408 24.3483 2.25
      vertex -2.7732 23.7916 2.25
    endloop
  endfacet
  facet normal -0 0 1
    outer loop
      vertex -3.04413 41.8064 2.25
      vertex -1.41008 41.0502 2.25
      vertex 0.26141 48.7866 2.25
    endloop
  endfacet
  facet normal -0 0 1
    outer loop
      vertex -3.22502 41.2496 2.25
      vertex -1.41008 41.0502 2.25
      vertex -3.04413 41.8064 2.25
    endloop
  endfacet
  facet normal 0 0 1
    outer loop
      vertex -1.41008 41.0502 2.25
      vertex -3.22502 41.2496 2.25
      vertex -1.48621 40.6675 2.25
    endloop
  endfacet
  facet normal 0 0 1
    outer loop
      vertex -4.40556 33.4296 2.25
      vertex -1.48621 40.6675 2.25
      vertex -3.22502 41.2496 2.25
    endloop
  endfacet
  facet normal 0 0 1
    outer loop
      vertex -1.48621 40.6675 2.25
      vertex -4.40556 33.4296 2.25
      vertex -2.66675 32.8474 2.25
    endloop
  endfacet
  facet normal 0 0 1
    outer loop
      vertex -4.46675 32.8474 2.25
      vertex -2.66675 32.8474 2.25
      vertex -4.40556 33.4296 2.25
    endloop
  endfacet
  facet normal 0 0 1
    outer loop
      vertex -2.23729 28.376 2.25
      vertex -4.05223 28.1765 2.25
      vertex -2.95408 24.3483 2.25
    endloop
  endfacet
  facet normal 0 0 1
    outer loop
      vertex -2.31342 28.7587 2.25
      vertex -4.11341 28.7587 2.25
      vertex -4.05223 28.1765 2.25
    endloop
  endfacet
  facet normal 0 0 1
    outer loop
      vertex -2.66675 32.8474 2.25
      vertex -4.46675 32.8474 2.25
      vertex -4.11341 28.7587 2.25
    endloop
  endfacet
  facet normal 0 0 1
    outer loop
      vertex 24.5555 45.4165 2.25
      vertex 26.3555 45.4165 2.25
      vertex 26.2944 45.9986 2.25
    endloop
  endfacet
  facet normal 0 0 1
    outer loop
      vertex 26.3555 45.4165 2.25
      vertex 24.5555 45.4165 2.25
      vertex 26.1793 43.7119 2.25
    endloop
  endfacet
  facet normal 0 0 1
    outer loop
      vertex 24.4794 45.7992 2.25
      vertex 26.2944 45.9986 2.25
      vertex 25.6034 49.394 2.25
    endloop
  endfacet
  facet normal 0 0 1
    outer loop
      vertex 24.3793 43.7119 2.25
      vertex 26.1793 43.7119 2.25
      vertex 24.5555 45.4165 2.25
    endloop
  endfacet
  facet normal 0 0 1
    outer loop
      vertex 23.7885 49.1946 2.25
      vertex 25.4226 49.9507 2.25
      vertex 25.1299 50.4577 2.25
    endloop
  endfacet
  facet normal 0 0 1
    outer loop
      vertex 26.1793 43.7119 2.25
      vertex 24.3793 43.7119 2.25
      vertex 26.1181 43.1298 2.25
    endloop
  endfacet
  facet normal 0 0 1
    outer loop
      vertex 25.4226 49.9507 2.25
      vertex 23.7885 49.1946 2.25
      vertex 25.6034 49.394 2.25
    endloop
  endfacet
  facet normal -0 0 1
    outer loop
      vertex 24.3032 43.3292 2.25
      vertex 26.1181 43.1298 2.25
      vertex 24.3793 43.7119 2.25
    endloop
  endfacet
  facet normal 0 0 1
    outer loop
      vertex 26.1181 43.1298 2.25
      vertex 24.3032 43.3292 2.25
      vertex 25.5513 41.3537 2.25
    endloop
  endfacet
  facet normal -0 0 1
    outer loop
      vertex 23.7364 41.5531 2.25
      vertex 25.5513 41.3537 2.25
      vertex 24.3032 43.3292 2.25
    endloop
  endfacet
  facet normal 0 0 1
    outer loop
      vertex 25.5513 41.3537 2.25
      vertex 23.7364 41.5531 2.25
      vertex 25.3704 40.7969 2.25
    endloop
  endfacet
  facet normal 0 0 1
    outer loop
      vertex 25.3704 40.7969 2.25
      vertex 23.7364 41.5531 2.25
      vertex 24.3557 38.9556 2.25
    endloop
  endfacet
  facet normal -0 0 1
    outer loop
      vertex 22.7216 39.7118 2.25
      vertex 24.3557 38.9556 2.25
      vertex 23.7364 41.5531 2.25
    endloop
  endfacet
  facet normal 0 0 1
    outer loop
      vertex 24.3557 38.9556 2.25
      vertex 22.7216 39.7118 2.25
      vertex 24.063 38.4487 2.25
    endloop
  endfacet
  facet normal -0 0 1
    outer loop
      vertex 22.5048 39.3873 2.25
      vertex 24.063 38.4487 2.25
      vertex 22.7216 39.7118 2.25
    endloop
  endfacet
  facet normal 0 0 1
    outer loop
      vertex 24.063 38.4487 2.25
      vertex 22.5048 39.3873 2.25
      vertex 22.5428 36.5486 2.25
    endloop
  endfacet
  facet normal -0 0 1
    outer loop
      vertex 20.9847 37.4873 2.25
      vertex 22.5428 36.5486 2.25
      vertex 22.5048 39.3873 2.25
    endloop
  endfacet
  facet normal 0 0 1
    outer loop
      vertex 22.5428 36.5486 2.25
      vertex 20.9847 37.4873 2.25
      vertex 22.003 35.9216 2.25
    endloop
  endfacet
  facet normal -0 0 1
    outer loop
      vertex 20.4448 36.8603 2.25
      vertex 22.003 35.9216 2.25
      vertex 20.9847 37.4873 2.25
    endloop
  endfacet
  facet normal 0 0 1
    outer loop
      vertex 22.003 35.9216 2.25
      vertex 20.4448 36.8603 2.25
      vertex 21.6113 35.4866 2.25
    endloop
  endfacet
  facet normal 0 0 1
    outer loop
      vertex 21.6113 35.4866 2.25
      vertex 20.4448 36.8603 2.25
      vertex 21.0818 35.0547 2.25
    endloop
  endfacet
  facet normal -0 0 1
    outer loop
      vertex 19.9154 36.4284 2.25
      vertex 21.0818 35.0547 2.25
      vertex 20.4448 36.8603 2.25
    endloop
  endfacet
  facet normal 0 0 1
    outer loop
      vertex 21.0818 35.0547 2.25
      vertex 19.9154 36.4284 2.25
      vertex 20.6083 34.7106 2.25
    endloop
  endfacet
  facet normal -0 0 1
    outer loop
      vertex 19.5909 36.2116 2.25
      vertex 20.6083 34.7106 2.25
      vertex 19.9154 36.4284 2.25
    endloop
  endfacet
  facet normal 0 0 1
    outer loop
      vertex 20.6083 34.7106 2.25
      vertex 19.5909 36.2116 2.25
      vertex 20.0996 34.461 2.25
    endloop
  endfacet
  facet normal -0 0 1
    outer loop
      vertex 19.0823 35.962 2.25
      vertex 20.0996 34.461 2.25
      vertex 19.5909 36.2116 2.25
    endloop
  endfacet
  facet normal 0 0 1
    outer loop
      vertex 20.0996 34.461 2.25
      vertex 19.0823 35.962 2.25
      vertex 19.5649 34.2229 2.25
    endloop
  endfacet
  facet normal 0 0 1
    outer loop
      vertex 19.0823 35.962 2.25
      vertex 18.9923 34.1012 2.25
      vertex 19.5649 34.2229 2.25
    endloop
  endfacet
  facet normal -0 0 1
    outer loop
      vertex 18.6996 35.8858 2.25
      vertex 18.9923 34.1012 2.25
      vertex 19.0823 35.962 2.25
    endloop
  endfacet
  facet normal 0 0 1
    outer loop
      vertex 18.6996 35.8858 2.25
      vertex 18.515 34.0208 2.25
      vertex 18.9923 34.1012 2.25
    endloop
  endfacet
  facet normal -0 0 1
    outer loop
      vertex 18.2224 35.8055 2.25
      vertex 18.515 34.0208 2.25
      vertex 18.6996 35.8858 2.25
    endloop
  endfacet
  facet normal 0 0 1
    outer loop
      vertex 18.2224 35.8055 2.25
      vertex 17.9297 34.0208 2.25
      vertex 18.515 34.0208 2.25
    endloop
  endfacet
  facet normal 0 0 1
    outer loop
      vertex 17.8397 35.8816 2.25
      vertex 17.9297 34.0208 2.25
      vertex 18.2224 35.8055 2.25
    endloop
  endfacet
  facet normal 0 0 1
    outer loop
      vertex 17.8397 35.8816 2.25
      vertex 17.3571 34.1425 2.25
      vertex 17.9297 34.0208 2.25
    endloop
  endfacet
  facet normal 0 0 1
    outer loop
      vertex 17.1893 36.0509 2.25
      vertex 17.3571 34.1425 2.25
      vertex 17.8397 35.8816 2.25
    endloop
  endfacet
  facet normal 0 0 1
    outer loop
      vertex 16.172 34.5499 2.25
      vertex 17.1893 36.0509 2.25
      vertex 16.8649 36.2677 2.25
    endloop
  endfacet
  facet normal 0 0 1
    outer loop
      vertex 17.1893 36.0509 2.25
      vertex 16.7068 34.3118 2.25
      vertex 17.3571 34.1425 2.25
    endloop
  endfacet
  facet normal 0 0 1
    outer loop
      vertex 15.1889 35.3498 2.25
      vertex 16.8649 36.2677 2.25
      vertex 16.3554 36.7235 2.25
    endloop
  endfacet
  facet normal 0 0 1
    outer loop
      vertex 17.1893 36.0509 2.25
      vertex 16.172 34.5499 2.25
      vertex 16.7068 34.3118 2.25
    endloop
  endfacet
  facet normal 0 0 1
    outer loop
      vertex 14.7973 35.7848 2.25
      vertex 16.3554 36.7235 2.25
      vertex 16.1386 37.0479 2.25
    endloop
  endfacet
  facet normal 0 0 1
    outer loop
      vertex 14.5046 36.2917 2.25
      vertex 16.1386 37.0479 2.25
      vertex 15.8062 37.712 2.25
    endloop
  endfacet
  facet normal 0 0 1
    outer loop
      vertex 13.9912 37.5126 2.25
      vertex 15.8062 37.712 2.25
      vertex 15.73 38.0947 2.25
    endloop
  endfacet
  facet normal 0 0 1
    outer loop
      vertex 16.8649 36.2677 2.25
      vertex 15.6985 34.894 2.25
      vertex 16.172 34.5499 2.25
    endloop
  endfacet
  facet normal -0 0 1
    outer loop
      vertex 13.8723 38.3068 2.25
      vertex 15.73 38.0947 2.25
      vertex 15.6111 38.8889 2.25
    endloop
  endfacet
  facet normal 0 0 1
    outer loop
      vertex 15.9919 40.5508 2.25
      vertex 14.1851 40.8872 2.25
      vertex 15.8192 40.131 2.25
    endloop
  endfacet
  facet normal -0 0 1
    outer loop
      vertex 14.0042 40.3305 2.25
      vertex 15.8192 40.131 2.25
      vertex 14.1851 40.8872 2.25
    endloop
  endfacet
  facet normal 0 0 1
    outer loop
      vertex 15.8192 40.131 2.25
      vertex 14.0042 40.3305 2.25
      vertex 15.7194 39.698 2.25
    endloop
  endfacet
  facet normal 0 0 1
    outer loop
      vertex 15.73 38.0947 2.25
      vertex 13.8723 38.3068 2.25
      vertex 13.9912 37.5126 2.25
    endloop
  endfacet
  facet normal 0 0 1
    outer loop
      vertex 16.1386 37.0479 2.25
      vertex 14.5046 36.2917 2.25
      vertex 14.7973 35.7848 2.25
    endloop
  endfacet
  facet normal 0 0 1
    outer loop
      vertex 16.3554 36.7235 2.25
      vertex 14.7973 35.7848 2.25
      vertex 15.1889 35.3498 2.25
    endloop
  endfacet
  facet normal -0 0 1
    outer loop
      vertex 13.9044 39.8975 2.25
      vertex 15.7194 39.698 2.25
      vertex 14.0042 40.3305 2.25
    endloop
  endfacet
  facet normal 0 0 1
    outer loop
      vertex 15.7194 39.698 2.25
      vertex 13.9044 39.8975 2.25
      vertex 15.6432 39.3153 2.25
    endloop
  endfacet
  facet normal 0 0 1
    outer loop
      vertex 16.8649 36.2677 2.25
      vertex 15.1889 35.3498 2.25
      vertex 15.6985 34.894 2.25
    endloop
  endfacet
  facet normal 0 0 1
    outer loop
      vertex 13.8432 39.3153 2.25
      vertex 15.6432 39.3153 2.25
      vertex 13.9044 39.8975 2.25
    endloop
  endfacet
  facet normal 0 0 1
    outer loop
      vertex 15.8062 37.712 2.25
      vertex 14.1721 36.9558 2.25
      vertex 14.5046 36.2917 2.25
    endloop
  endfacet
  facet normal 0 0 1
    outer loop
      vertex 15.6432 39.3153 2.25
      vertex 13.8432 39.3153 2.25
      vertex 15.6111 38.8889 2.25
    endloop
  endfacet
  facet normal 0 0 1
    outer loop
      vertex 15.8062 37.712 2.25
      vertex 13.9912 37.5126 2.25
      vertex 14.1721 36.9558 2.25
    endloop
  endfacet
  facet normal 0 0 1
    outer loop
      vertex 13.8111 38.8889 2.25
      vertex 15.6111 38.8889 2.25
      vertex 13.8432 39.3153 2.25
    endloop
  endfacet
  facet normal 0 0 1
    outer loop
      vertex 15.6111 38.8889 2.25
      vertex 13.8111 38.8889 2.25
      vertex 13.8723 38.3068 2.25
    endloop
  endfacet
  facet normal 0 0 1
    outer loop
      vertex 70.3016 32.3258 2.25
      vertex 72.0712 37.3004 2.25
      vertex 70.3777 32.7084 2.25
    endloop
  endfacet
  facet normal -0 0 1
    outer loop
      vertex 70.3016 32.3258 2.25
      vertex 70.1832 21.3463 2.25
      vertex 72.0712 37.3004 2.25
    endloop
  endfacet
  facet normal -0 0 1
    outer loop
      vertex 69.792 30.3976 2.25
      vertex 70.1832 21.3463 2.25
      vertex 70.3016 32.3258 2.25
    endloop
  endfacet
  facet normal 0 0 1
    outer loop
      vertex 68.9614 26.2974 2.25
      vertex 69.792 30.3976 2.25
      vertex 69.5753 30.0732 2.25
    endloop
  endfacet
  facet normal 0 0 1
    outer loop
      vertex 69.792 30.3976 2.25
      vertex 68.9614 26.2974 2.25
      vertex 70.1832 21.3463 2.25
    endloop
  endfacet
  facet normal -0 0 1
    outer loop
      vertex 68.4174 21.7003 2.25
      vertex 70.1832 21.3463 2.25
      vertex 68.9614 26.2974 2.25
    endloop
  endfacet
  facet normal -0 0 1
    outer loop
      vertex 68.3417 28.2426 2.25
      vertex 68.9614 26.2974 2.25
      vertex 69.5753 30.0732 2.25
    endloop
  endfacet
  facet normal -0 0 1
    outer loop
      vertex 66.8269 26.6594 2.25
      vertex 68.9614 26.2974 2.25
      vertex 68.3417 28.2426 2.25
    endloop
  endfacet
  facet normal 0 0 1
    outer loop
      vertex 68.9614 26.2974 2.25
      vertex 66.8269 26.6594 2.25
      vertex 67.9934 25.2857 2.25
    endloop
  endfacet
  facet normal 0 0 1
    outer loop
      vertex 67.9934 25.2857 2.25
      vertex 66.8269 26.6594 2.25
      vertex 66.8857 24.315 2.25
    endloop
  endfacet
  facet normal -0 0 1
    outer loop
      vertex 65.4764 25.4759 2.25
      vertex 66.8857 24.315 2.25
      vertex 66.8269 26.6594 2.25
    endloop
  endfacet
  facet normal 0 0 1
    outer loop
      vertex 62.7867 21.4282 2.25
      vertex 66.8857 24.315 2.25
      vertex 65.4764 25.4759 2.25
    endloop
  endfacet
  facet normal 0 0 1
    outer loop
      vertex 66.8857 24.315 2.25
      vertex 62.7867 21.4282 2.25
      vertex 64.3587 20.5122 2.25
    endloop
  endfacet
  facet normal 0 0 1
    outer loop
      vertex 62.7867 21.4282 2.25
      vertex 62.7788 16.4404 2.25
      vertex 64.3587 20.5122 2.25
    endloop
  endfacet
  facet normal -0 0 1
    outer loop
      vertex 61.0029 16.8308 2.25
      vertex 62.7788 16.4404 2.25
      vertex 62.7867 21.4282 2.25
    endloop
  endfacet
  facet normal 0 0 1
    outer loop
      vertex 62.7788 16.4404 2.25
      vertex 60.1797 12.7972 2.25
      vertex 61.9535 12.396 2.25
    endloop
  endfacet
  facet normal 0 0 1
    outer loop
      vertex 60.1797 12.7972 2.25
      vertex 62.7788 16.4404 2.25
      vertex 61.0029 16.8308 2.25
    endloop
  endfacet
  facet normal 0 0 1
    outer loop
      vertex 70.1832 21.3463 2.25
      vertex 68.4174 21.7003 2.25
      vertex 69.2609 18.5314 2.25
    endloop
  endfacet
  facet normal -0 0 1
    outer loop
      vertex 67.6269 19.2876 2.25
      vertex 69.2609 18.5314 2.25
      vertex 68.4174 21.7003 2.25
    endloop
  endfacet
  facet normal 0 0 1
    outer loop
      vertex 65.1669 13.4479 2.25
      vertex 69.2609 18.5314 2.25
      vertex 67.6269 19.2876 2.25
    endloop
  endfacet
  facet normal 0 0 1
    outer loop
      vertex 69.2609 18.5314 2.25
      vertex 65.1669 13.4479 2.25
      vertex 66.8009 12.6917 2.25
    endloop
  endfacet
  facet normal 0 0 1
    outer loop
      vertex 62.3241 8.48824 2.25
      vertex 66.8009 12.6917 2.25
      vertex 65.1669 13.4479 2.25
    endloop
  endfacet
  facet normal 0 0 1
    outer loop
      vertex 66.8009 12.6917 2.25
      vertex 62.3241 8.48824 2.25
      vertex 63.6908 7.26563 2.25
    endloop
  endfacet
  facet normal -0 0 1
    outer loop
      vertex 61.7591 8.06193 2.25
      vertex 63.6908 7.26563 2.25
      vertex 62.3241 8.48824 2.25
    endloop
  endfacet
  facet normal 0 0 1
    outer loop
      vertex 59.9333 9.02794 2.25
      vertex 61.9535 12.396 2.25
      vertex 60.1797 12.7972 2.25
    endloop
  endfacet
  facet normal 0 0 1
    outer loop
      vertex 61.7591 8.06193 2.25
      vertex 60.8202 5.09965 2.25
      vertex 63.6908 7.26563 2.25
    endloop
  endfacet
  facet normal 0 0 1
    outer loop
      vertex 61.9535 12.396 2.25
      vertex 59.9333 9.02794 2.25
      vertex 61.7333 9.02794 2.25
    endloop
  endfacet
  facet normal 0 0 1
    outer loop
      vertex 61.7333 9.02794 2.25
      vertex 59.9333 9.02794 2.25
      vertex 61.7591 8.06193 2.25
    endloop
  endfacet
  facet normal 0 -0 1
    outer loop
      vertex 59.9715 7.5988 2.25
      vertex 61.7591 8.06193 2.25
      vertex 59.9333 9.02794 2.25
    endloop
  endfacet
  facet normal 0 -0 1
    outer loop
      vertex 60.0721 6.44966 2.25
      vertex 61.7591 8.06193 2.25
      vertex 59.9715 7.5988 2.25
    endloop
  endfacet
  facet normal 0 0 1
    outer loop
      vertex 61.7591 8.06193 2.25
      vertex 60.0721 6.44966 2.25
      vertex 60.8202 5.09965 2.25
    endloop
  endfacet
  facet normal -0 -0 1
    outer loop
      vertex 60.1647 5.89703 2.25
      vertex 60.8202 5.09965 2.25
      vertex 60.0721 6.44966 2.25
    endloop
  endfacet
  facet normal -0 -0 1
    outer loop
      vertex 60.478 5.32083 2.25
      vertex 60.8202 5.09965 2.25
      vertex 60.1647 5.89703 2.25
    endloop
  endfacet
  facet normal 0 0 1
    outer loop
      vertex 60.8202 5.09965 2.25
      vertex 60.478 5.32083 2.25
      vertex 60.6818 5.16255 2.25
    endloop
  endfacet
  facet normal 0 0 1
    outer loop
      vertex 60.478 5.32083 2.25
      vertex 60.1647 5.89703 2.25
      vertex 60.2666 5.56586 2.25
    endloop
  endfacet
  facet normal 0 0 1
    outer loop
      vertex 43.571 49.6008 2.25
      vertex 45.371 49.6008 2.25
      vertex 45.3267 50.0222 2.25
    endloop
  endfacet
  facet normal 0 -0 1
    outer loop
      vertex 43.5797 49.4444 2.25
      vertex 45.371 49.6008 2.25
      vertex 43.571 49.6008 2.25
    endloop
  endfacet
  facet normal 0 0 1
    outer loop
      vertex 43.5328 49.9132 2.25
      vertex 45.3267 50.0222 2.25
      vertex 45.324 50.0694 2.25
    endloop
  endfacet
  facet normal 0 0 1
    outer loop
      vertex 43.524 50.0694 2.25
      vertex 45.324 50.0694 2.25
      vertex 45.2629 50.6516 2.25
    endloop
  endfacet
  facet normal 0 0 1
    outer loop
      vertex 45.371 49.6008 2.25
      vertex 43.5797 49.4444 2.25
      vertex 45.3797 49.4444 2.25
    endloop
  endfacet
  facet normal 0 0 1
    outer loop
      vertex 43.2941 47.8255 2.25
      vertex 45.3185 48.8623 2.25
      vertex 43.5797 49.4444 2.25
    endloop
  endfacet
  facet normal 0 0 1
    outer loop
      vertex 43.4479 50.4521 2.25
      vertex 45.2629 50.6516 2.25
      vertex 44.7984 52.5624 2.25
    endloop
  endfacet
  facet normal 0 0 1
    outer loop
      vertex 42.9834 52.3629 2.25
      vertex 44.7984 52.5624 2.25
      vertex 44.6175 53.1191 2.25
    endloop
  endfacet
  facet normal 0 0 1
    outer loop
      vertex 45.3797 49.4444 2.25
      vertex 43.5797 49.4444 2.25
      vertex 45.3185 48.8623 2.25
    endloop
  endfacet
  facet normal 0 0 1
    outer loop
      vertex 42.9834 52.3629 2.25
      vertex 44.6175 53.1191 2.25
      vertex 44.3248 53.626 2.25
    endloop
  endfacet
  facet normal 0 0 1
    outer loop
      vertex 45.3185 48.8623 2.25
      vertex 43.2941 47.8255 2.25
      vertex 45.0329 47.2434 2.25
    endloop
  endfacet
  facet normal 0 0 1
    outer loop
      vertex 45.0329 47.2434 2.25
      vertex 43.2179 47.4429 2.25
      vertex 44.852 46.6867 2.25
    endloop
  endfacet
  facet normal -0 0 1
    outer loop
      vertex 43.2179 47.4429 2.25
      vertex 45.0329 47.2434 2.25
      vertex 43.2941 47.8255 2.25
    endloop
  endfacet
  facet normal 0 0 1
    outer loop
      vertex 45.324 50.0694 2.25
      vertex 43.524 50.0694 2.25
      vertex 43.5328 49.9132 2.25
    endloop
  endfacet
  facet normal 0 0 1
    outer loop
      vertex 45.3267 50.0222 2.25
      vertex 43.5328 49.9132 2.25
      vertex 43.571 49.6008 2.25
    endloop
  endfacet
  facet normal -0 0 1
    outer loop
      vertex 42.1492 53.6552 2.25
      vertex 44.3248 53.626 2.25
      vertex 43.4906 54.9183 2.25
    endloop
  endfacet
  facet normal 0 0 1
    outer loop
      vertex 45.2629 50.6516 2.25
      vertex 43.4479 50.4521 2.25
      vertex 43.524 50.0694 2.25
    endloop
  endfacet
  facet normal 0 0 1
    outer loop
      vertex 41.9324 53.9796 2.25
      vertex 43.4906 54.9183 2.25
      vertex 43.0989 55.3533 2.25
    endloop
  endfacet
  facet normal 0 0 1
    outer loop
      vertex 44.7984 52.5624 2.25
      vertex 42.9834 52.3629 2.25
      vertex 43.4479 50.4521 2.25
    endloop
  endfacet
  facet normal 0 0 1
    outer loop
      vertex 41.9324 53.9796 2.25
      vertex 43.0989 55.3533 2.25
      vertex 42.6253 55.6973 2.25
    endloop
  endfacet
  facet normal 0 0 1
    outer loop
      vertex 44.3248 53.626 2.25
      vertex 42.1492 53.6552 2.25
      vertex 42.9834 52.3629 2.25
    endloop
  endfacet
  facet normal 0 0 1
    outer loop
      vertex 43.4906 54.9183 2.25
      vertex 41.9324 53.9796 2.25
      vertex 42.1492 53.6552 2.25
    endloop
  endfacet
  facet normal 0 0 1
    outer loop
      vertex 42.6253 55.6973 2.25
      vertex 41.608 54.1964 2.25
      vertex 41.9324 53.9796 2.25
    endloop
  endfacet
  facet normal 0 0 1
    outer loop
      vertex 41.5099 56.4297 2.25
      vertex 41.608 54.1964 2.25
      vertex 42.6253 55.6973 2.25
    endloop
  endfacet
  facet normal 0 0 1
    outer loop
      vertex 40.4926 54.9287 2.25
      vertex 41.5099 56.4297 2.25
      vertex 40.9752 56.6678 2.25
    endloop
  endfacet
  facet normal 0 0 1
    outer loop
      vertex 41.5099 56.4297 2.25
      vertex 40.4926 54.9287 2.25
      vertex 41.608 54.1964 2.25
    endloop
  endfacet
  facet normal 0 0 1
    outer loop
      vertex 40.4026 56.7895 2.25
      vertex 40.4926 54.9287 2.25
      vertex 40.9752 56.6678 2.25
    endloop
  endfacet
  facet normal 0 0 1
    outer loop
      vertex 40.4026 56.7895 2.25
      vertex 40.1099 55.0048 2.25
      vertex 40.4926 54.9287 2.25
    endloop
  endfacet
  facet normal 0 0 1
    outer loop
      vertex 38.8016 55.236 2.25
      vertex 40.4026 56.7895 2.25
      vertex 39.0943 57.0207 2.25
    endloop
  endfacet
  facet normal 0 0 1
    outer loop
      vertex 40.4026 56.7895 2.25
      vertex 38.8016 55.236 2.25
      vertex 40.1099 55.0048 2.25
    endloop
  endfacet
  facet normal -0 0 1
    outer loop
      vertex 38.509 57.0207 2.25
      vertex 38.8016 55.236 2.25
      vertex 39.0943 57.0207 2.25
    endloop
  endfacet
  facet normal 0 0 1
    outer loop
      vertex 38.8016 55.236 2.25
      vertex 38.509 57.0207 2.25
      vertex 38.5934 55.2348 2.25
    endloop
  endfacet
  facet normal 0 0 1
    outer loop
      vertex 38.509 57.0207 2.25
      vertex 38.3851 55.2273 2.25
      vertex 38.5934 55.2348 2.25
    endloop
  endfacet
  facet normal -0 0 1
    outer loop
      vertex 38.3007 57.0195 2.25
      vertex 38.3851 55.2273 2.25
      vertex 38.509 57.0207 2.25
    endloop
  endfacet
  facet normal -0 0 1
    outer loop
      vertex 38.0924 57.012 2.25
      vertex 38.3851 55.2273 2.25
      vertex 38.3007 57.0195 2.25
    endloop
  endfacet
  facet normal 0 0 1
    outer loop
      vertex 38.3851 55.2273 2.25
      vertex 38.0924 57.012 2.25
      vertex 38.1767 55.2066 2.25
    endloop
  endfacet
  facet normal -0 0 1
    outer loop
      vertex 37.884 56.9913 2.25
      vertex 38.1767 55.2066 2.25
      vertex 38.0924 57.012 2.25
    endloop
  endfacet
  facet normal -0 0 1
    outer loop
      vertex 37.6758 56.9511 2.25
      vertex 38.1767 55.2066 2.25
      vertex 37.884 56.9913 2.25
    endloop
  endfacet
  facet normal 0 0 1
    outer loop
      vertex 38.1767 55.2066 2.25
      vertex 37.6758 56.9511 2.25
      vertex 37.9684 55.1665 2.25
    endloop
  endfacet
  facet normal 0 0 1
    outer loop
      vertex 37.6758 56.9511 2.25
      vertex 37.5858 55.0904 2.25
      vertex 37.9684 55.1665 2.25
    endloop
  endfacet
  facet normal -0 0 1
    outer loop
      vertex 37.1032 56.8294 2.25
      vertex 37.5858 55.0904 2.25
      vertex 37.6758 56.9511 2.25
    endloop
  endfacet
  facet normal -0 0 1
    outer loop
      vertex 36.5684 56.5914 2.25
      vertex 37.5858 55.0904 2.25
      vertex 37.1032 56.8294 2.25
    endloop
  endfacet
  facet normal 0 0 1
    outer loop
      vertex 36.5684 56.5914 2.25
      vertex 36.4434 54.5664 2.25
      vertex 37.5858 55.0904 2.25
    endloop
  endfacet
  facet normal -0 0 1
    outer loop
      vertex 35.426 56.0674 2.25
      vertex 36.4434 54.5664 2.25
      vertex 36.5684 56.5914 2.25
    endloop
  endfacet
  facet normal 0 0 1
    outer loop
      vertex 36.4434 54.5664 2.25
      vertex 35.426 56.0674 2.25
      vertex 36.1189 54.3496 2.25
    endloop
  endfacet
  facet normal -0 0 1
    outer loop
      vertex 34.9525 55.7233 2.25
      vertex 36.1189 54.3496 2.25
      vertex 35.426 56.0674 2.25
    endloop
  endfacet
  facet normal -0 0 1
    outer loop
      vertex 33.956 54.6589 2.25
      vertex 36.1189 54.3496 2.25
      vertex 34.9525 55.7233 2.25
    endloop
  endfacet
  facet normal 0 0 1
    outer loop
      vertex 36.1189 54.3496 2.25
      vertex 33.956 54.6589 2.25
      vertex 35.1224 53.2852 2.25
    endloop
  endfacet
  facet normal -0 0 1
    outer loop
      vertex 33.5643 54.2239 2.25
      vertex 35.1224 53.2852 2.25
      vertex 33.956 54.6589 2.25
    endloop
  endfacet
  facet normal 0 0 1
    outer loop
      vertex 35.1224 53.2852 2.25
      vertex 33.5643 54.2239 2.25
      vertex 34.9057 52.9608 2.25
    endloop
  endfacet
  facet normal -0 0 1
    outer loop
      vertex 33.2716 53.717 2.25
      vertex 34.9057 52.9608 2.25
      vertex 33.5643 54.2239 2.25
    endloop
  endfacet
  facet normal 0 0 1
    outer loop
      vertex 34.9057 52.9608 2.25
      vertex 33.2716 53.717 2.25
      vertex 34.2008 51.4927 2.25
    endloop
  endfacet
  facet normal -0 0 1
    outer loop
      vertex 32.5667 52.2489 2.25
      vertex 34.2008 51.4927 2.25
      vertex 33.2716 53.717 2.25
    endloop
  endfacet
  facet normal 0 0 1
    outer loop
      vertex 44.852 46.6867 2.25
      vertex 43.2179 47.4429 2.25
      vertex 44.5593 46.1797 2.25
    endloop
  endfacet
  facet normal 0 0 1
    outer loop
      vertex 42.4687 46.1625 2.25
      vertex 44.5593 46.1797 2.25
      vertex 43.2179 47.4429 2.25
    endloop
  endfacet
  facet normal 0 0 1
    outer loop
      vertex 44.5593 46.1797 2.25
      vertex 42.4687 46.1625 2.25
      vertex 43.8101 44.8994 2.25
    endloop
  endfacet
  facet normal -0 0 1
    outer loop
      vertex 42.252 45.8381 2.25
      vertex 43.8101 44.8994 2.25
      vertex 42.4687 46.1625 2.25
    endloop
  endfacet
  facet normal 0 0 1
    outer loop
      vertex 43.8101 44.8994 2.25
      vertex 42.252 45.8381 2.25
      vertex 43.4184 44.4644 2.25
    endloop
  endfacet
  facet normal 0 0 1
    outer loop
      vertex 43.4184 44.4644 2.25
      vertex 42.252 45.8381 2.25
      vertex 42.3672 43.5746 2.25
    endloop
  endfacet
  facet normal -0 0 1
    outer loop
      vertex 41.2007 44.9483 2.25
      vertex 42.3672 43.5746 2.25
      vertex 42.252 45.8381 2.25
    endloop
  endfacet
  facet normal 0 0 1
    outer loop
      vertex 42.3672 43.5746 2.25
      vertex 41.2007 44.9483 2.25
      vertex 41.8936 43.2305 2.25
    endloop
  endfacet
  facet normal -0 0 1
    outer loop
      vertex 40.8763 44.7315 2.25
      vertex 41.8936 43.2305 2.25
      vertex 41.2007 44.9483 2.25
    endloop
  endfacet
  facet normal 0 0 1
    outer loop
      vertex 41.8936 43.2305 2.25
      vertex 40.8763 44.7315 2.25
      vertex 41.3588 42.9924 2.25
    endloop
  endfacet
  facet normal -0 0 1
    outer loop
      vertex 39.6843 44.2846 2.25
      vertex 41.3588 42.9924 2.25
      vertex 40.8763 44.7315 2.25
    endloop
  endfacet
  facet normal 0 0 1
    outer loop
      vertex 41.3588 42.9924 2.25
      vertex 39.6843 44.2846 2.25
      vertex 40.1669 42.5455 2.25
    endloop
  endfacet
  facet normal 0 0 1
    outer loop
      vertex 39.6843 44.2846 2.25
      vertex 39.5943 42.4238 2.25
      vertex 40.1669 42.5455 2.25
    endloop
  endfacet
  facet normal -0 0 1
    outer loop
      vertex 39.3016 44.2084 2.25
      vertex 39.5943 42.4238 2.25
      vertex 39.6843 44.2846 2.25
    endloop
  endfacet
  facet normal -0 0 1
    outer loop
      vertex 39.0934 44.1683 2.25
      vertex 39.5943 42.4238 2.25
      vertex 39.3016 44.2084 2.25
    endloop
  endfacet
  facet normal 0 0 1
    outer loop
      vertex 39.5943 42.4238 2.25
      vertex 39.0934 44.1683 2.25
      vertex 39.3861 42.3836 2.25
    endloop
  endfacet
  facet normal 0 0 1
    outer loop
      vertex 39.3861 42.3836 2.25
      vertex 39.0934 44.1683 2.25
      vertex 39.1777 42.363 2.25
    endloop
  endfacet
  facet normal -0 0 1
    outer loop
      vertex 38.8851 44.1476 2.25
      vertex 39.1777 42.363 2.25
      vertex 39.0934 44.1683 2.25
    endloop
  endfacet
  facet normal 0 0 1
    outer loop
      vertex 39.1777 42.363 2.25
      vertex 38.8851 44.1476 2.25
      vertex 38.9694 42.3554 2.25
    endloop
  endfacet
  facet normal 0 0 1
    outer loop
      vertex 38.8851 44.1476 2.25
      vertex 38.7611 42.3543 2.25
      vertex 38.9694 42.3554 2.25
    endloop
  endfacet
  facet normal -0 0 1
    outer loop
      vertex 38.6767 44.1401 2.25
      vertex 38.7611 42.3543 2.25
      vertex 38.8851 44.1476 2.25
    endloop
  endfacet
  facet normal -0 0 1
    outer loop
      vertex 38.4684 44.1389 2.25
      vertex 38.7611 42.3543 2.25
      vertex 38.6767 44.1401 2.25
    endloop
  endfacet
  facet normal 0 0 1
    outer loop
      vertex 38.4684 44.1389 2.25
      vertex 38.1758 42.3543 2.25
      vertex 38.7611 42.3543 2.25
    endloop
  endfacet
  facet normal 0 0 1
    outer loop
      vertex 36.9092 42.5757 2.25
      vertex 38.4684 44.1389 2.25
      vertex 37.2018 44.3603 2.25
    endloop
  endfacet
  facet normal 0 0 1
    outer loop
      vertex 38.4684 44.1389 2.25
      vertex 36.9092 42.5757 2.25
      vertex 38.1758 42.3543 2.25
    endloop
  endfacet
  facet normal 0 0 1
    outer loop
      vertex 36.8192 44.4365 2.25
      vertex 36.9092 42.5757 2.25
      vertex 37.2018 44.3603 2.25
    endloop
  endfacet
  facet normal 0 0 1
    outer loop
      vertex 36.8192 44.4365 2.25
      vertex 36.3366 42.6974 2.25
      vertex 36.9092 42.5757 2.25
    endloop
  endfacet
  facet normal 0 0 1
    outer loop
      vertex 36.8192 44.4365 2.25
      vertex 35.8018 42.9355 2.25
      vertex 36.3366 42.6974 2.25
    endloop
  endfacet
  facet normal 0 0 1
    outer loop
      vertex 35.7453 45.1004 2.25
      vertex 35.8018 42.9355 2.25
      vertex 36.8192 44.4365 2.25
    endloop
  endfacet
  facet normal 0 0 1
    outer loop
      vertex 34.728 43.5995 2.25
      vertex 35.7453 45.1004 2.25
      vertex 35.4209 45.3172 2.25
    endloop
  endfacet
  facet normal 0 0 1
    outer loop
      vertex 35.7453 45.1004 2.25
      vertex 34.728 43.5995 2.25
      vertex 35.8018 42.9355 2.25
    endloop
  endfacet
  facet normal 0 0 1
    outer loop
      vertex 33.8627 44.3785 2.25
      vertex 35.4209 45.3172 2.25
      vertex 34.6284 46.4239 2.25
    endloop
  endfacet
  facet normal 0 0 1
    outer loop
      vertex 33.0703 45.4852 2.25
      vertex 34.6284 46.4239 2.25
      vertex 34.4116 46.7484 2.25
    endloop
  endfacet
  facet normal 0 0 1
    outer loop
      vertex 35.4209 45.3172 2.25
      vertex 34.2544 43.9435 2.25
      vertex 34.728 43.5995 2.25
    endloop
  endfacet
  facet normal 0 0 1
    outer loop
      vertex 32.5967 46.5489 2.25
      vertex 34.4116 46.7484 2.25
      vertex 33.989 48.2978 2.25
    endloop
  endfacet
  facet normal 0 0 1
    outer loop
      vertex 32.174 48.0983 2.25
      vertex 33.989 48.2978 2.25
      vertex 33.9128 48.6805 2.25
    endloop
  endfacet
  facet normal 0 0 1
    outer loop
      vertex 32.1419 48.2655 2.25
      vertex 33.9128 48.6805 2.25
      vertex 33.8807 48.8477 2.25
    endloop
  endfacet
  facet normal 0 0 1
    outer loop
      vertex 32.0807 48.8477 2.25
      vertex 33.8807 48.8477 2.25
      vertex 33.8642 49.0277 2.25
    endloop
  endfacet
  facet normal 0 0 1
    outer loop
      vertex 35.4209 45.3172 2.25
      vertex 33.8627 44.3785 2.25
      vertex 34.2544 43.9435 2.25
    endloop
  endfacet
  facet normal 0 0 1
    outer loop
      vertex 32.0642 49.0277 2.25
      vertex 33.8642 49.0277 2.25
      vertex 33.8582 49.2078 2.25
    endloop
  endfacet
  facet normal 0 0 1
    outer loop
      vertex 32.0582 49.2078 2.25
      vertex 33.8582 49.2078 2.25
      vertex 33.8572 49.375 2.25
    endloop
  endfacet
  facet normal -0 0 1
    outer loop
      vertex 32.3858 51.6922 2.25
      vertex 34.2008 51.4927 2.25
      vertex 32.5667 52.2489 2.25
    endloop
  endfacet
  facet normal 0 0 1
    outer loop
      vertex 34.2008 51.4927 2.25
      vertex 32.3858 51.6922 2.25
      vertex 34.1246 51.11 2.25
    endloop
  endfacet
  facet normal 0 0 1
    outer loop
      vertex 32.0572 49.375 2.25
      vertex 33.8572 49.375 2.25
      vertex 32.1184 49.9571 2.25
    endloop
  endfacet
  facet normal 0 0 1
    outer loop
      vertex 34.6284 46.4239 2.25
      vertex 33.0703 45.4852 2.25
      vertex 33.8627 44.3785 2.25
    endloop
  endfacet
  facet normal 0 0 1
    outer loop
      vertex 34.4116 46.7484 2.25
      vertex 32.7776 45.9922 2.25
      vertex 33.0703 45.4852 2.25
    endloop
  endfacet
  facet normal 0 0 1
    outer loop
      vertex 32.1184 49.9571 2.25
      vertex 34.1246 51.11 2.25
      vertex 32.3858 51.6922 2.25
    endloop
  endfacet
  facet normal 0 0 1
    outer loop
      vertex 34.1246 51.11 2.25
      vertex 32.1184 49.9571 2.25
      vertex 33.8572 49.375 2.25
    endloop
  endfacet
  facet normal 0 0 1
    outer loop
      vertex 34.4116 46.7484 2.25
      vertex 32.5967 46.5489 2.25
      vertex 32.7776 45.9922 2.25
    endloop
  endfacet
  facet normal 0 0 1
    outer loop
      vertex 33.989 48.2978 2.25
      vertex 32.174 48.0983 2.25
      vertex 32.5967 46.5489 2.25
    endloop
  endfacet
  facet normal 0 0 1
    outer loop
      vertex 33.8807 48.8477 2.25
      vertex 32.0807 48.8477 2.25
      vertex 32.1419 48.2655 2.25
    endloop
  endfacet
  facet normal 0 0 1
    outer loop
      vertex 33.9128 48.6805 2.25
      vertex 32.1419 48.2655 2.25
      vertex 32.174 48.0983 2.25
    endloop
  endfacet
  facet normal 0 0 1
    outer loop
      vertex 33.8582 49.2078 2.25
      vertex 32.0582 49.2078 2.25
      vertex 32.0642 49.0277 2.25
    endloop
  endfacet
  facet normal 0 0 1
    outer loop
      vertex 33.8642 49.0277 2.25
      vertex 32.0642 49.0277 2.25
      vertex 32.0807 48.8477 2.25
    endloop
  endfacet
  facet normal 0 0 1
    outer loop
      vertex 33.8572 49.375 2.25
      vertex 32.0572 49.375 2.25
      vertex 32.0582 49.2078 2.25
    endloop
  endfacet
  facet normal 0.291452 -0.956585 0
    outer loop
      vertex 79.2985 -9.53796 0
      vertex 83.1127 -8.37585 2.25
      vertex 79.2985 -9.53796 2.25
    endloop
  endfacet
  facet normal 0.291452 -0.956585 0
    outer loop
      vertex 83.1127 -8.37585 2.25
      vertex 79.2985 -9.53796 0
      vertex 83.1127 -8.37585 0
    endloop
  endfacet
  facet normal 0.406774 -0.913529 0
    outer loop
      vertex 83.1127 -8.37585 0
      vertex 83.6474 -8.13776 2.25
      vertex 83.1127 -8.37585 2.25
    endloop
  endfacet
  facet normal 0.406774 -0.913529 0
    outer loop
      vertex 83.6474 -8.13776 2.25
      vertex 83.1127 -8.37585 0
      vertex 83.6474 -8.13776 0
    endloop
  endfacet
  facet normal 0.587762 -0.809034 0
    outer loop
      vertex 83.6474 -8.13776 0
      vertex 84.121 -7.79369 2.25
      vertex 83.6474 -8.13776 2.25
    endloop
  endfacet
  facet normal 0.587762 -0.809034 0
    outer loop
      vertex 84.121 -7.79369 2.25
      vertex 83.6474 -8.13776 0
      vertex 84.121 -7.79369 0
    endloop
  endfacet
  facet normal 0.697145 -0.71693 0
    outer loop
      vertex 84.121 -7.79369 0
      vertex 88.7373 -3.30479 2.25
      vertex 84.121 -7.79369 2.25
    endloop
  endfacet
  facet normal 0.697145 -0.71693 0
    outer loop
      vertex 88.7373 -3.30479 2.25
      vertex 84.121 -7.79369 0
      vertex 88.7373 -3.30479 0
    endloop
  endfacet
  facet normal 0.743132 -0.669145 0
    outer loop
      vertex 88.7373 -3.30479 2.25
      vertex 89.129 -2.86978 0
      vertex 89.129 -2.86978 2.25
    endloop
  endfacet
  facet normal 0.743132 -0.669145 0
    outer loop
      vertex 89.129 -2.86978 0
      vertex 88.7373 -3.30479 2.25
      vertex 88.7373 -3.30479 0
    endloop
  endfacet
  facet normal 0.866086 -0.499895 0
    outer loop
      vertex 89.129 -2.86978 2.25
      vertex 89.4216 -2.36284 0
      vertex 89.4216 -2.36284 2.25
    endloop
  endfacet
  facet normal 0.866086 -0.499895 0
    outer loop
      vertex 89.4216 -2.36284 0
      vertex 89.129 -2.86978 2.25
      vertex 89.129 -2.86978 0
    endloop
  endfacet
  facet normal 0.888866 -0.458167 0
    outer loop
      vertex 89.4216 -2.36284 2.25
      vertex 94.2254 6.95677 0
      vertex 94.2254 6.95677 2.25
    endloop
  endfacet
  facet normal 0.888866 -0.458167 0
    outer loop
      vertex 94.2254 6.95677 0
      vertex 89.4216 -2.36284 2.25
      vertex 89.4216 -2.36284 0
    endloop
  endfacet
  facet normal 0.95105 -0.309039 0
    outer loop
      vertex 94.2254 6.95677 2.25
      vertex 94.4063 7.51348 0
      vertex 94.4063 7.51348 2.25
    endloop
  endfacet
  facet normal 0.95105 -0.309039 0
    outer loop
      vertex 94.4063 7.51348 0
      vertex 94.2254 6.95677 2.25
      vertex 94.2254 6.95677 0
    endloop
  endfacet
  facet normal 0.96307 -0.269251 0
    outer loop
      vertex 94.4063 7.51348 2.25
      vertex 98.7829 23.1679 0
      vertex 98.7829 23.1679 2.25
    endloop
  endfacet
  facet normal 0.96307 -0.269251 0
    outer loop
      vertex 98.7829 23.1679 0
      vertex 94.4063 7.51348 2.25
      vertex 94.4063 7.51348 0
    endloop
  endfacet
  facet normal 0.987048 -0.160427 0
    outer loop
      vertex 98.7829 23.1679 2.25
      vertex 98.815 23.3654 0
      vertex 98.815 23.3654 2.25
    endloop
  endfacet
  facet normal 0.987048 -0.160427 0
    outer loop
      vertex 98.815 23.3654 0
      vertex 98.7829 23.1679 2.25
      vertex 98.7829 23.1679 0
    endloop
  endfacet
  facet normal 0.994519 -0.10456 0
    outer loop
      vertex 98.815 23.3654 2.25
      vertex 98.8762 23.9475 0
      vertex 98.8762 23.9475 2.25
    endloop
  endfacet
  facet normal 0.994519 -0.10456 0
    outer loop
      vertex 98.8762 23.9475 0
      vertex 98.815 23.3654 2.25
      vertex 98.815 23.3654 0
    endloop
  endfacet
  facet normal 0.995973 -0.0896591 0
    outer loop
      vertex 98.8762 23.9475 2.25
      vertex 98.8928 24.1319 0
      vertex 98.8928 24.1319 2.25
    endloop
  endfacet
  facet normal 0.995973 -0.0896591 0
    outer loop
      vertex 98.8928 24.1319 0
      vertex 98.8762 23.9475 2.25
      vertex 98.8762 23.9475 0
    endloop
  endfacet
  facet normal 0.999472 -0.0325031 0
    outer loop
      vertex 98.8928 24.1319 2.25
      vertex 98.8988 24.3164 0
      vertex 98.8988 24.3164 2.25
    endloop
  endfacet
  facet normal 0.999472 -0.0325031 0
    outer loop
      vertex 98.8988 24.3164 0
      vertex 98.8928 24.1319 2.25
      vertex 98.8928 24.1319 0
    endloop
  endfacet
  facet normal 0.99999 -0.00455691 0
    outer loop
      vertex 98.8988 24.3164 2.25
      vertex 98.8997 24.5139 0
      vertex 98.8997 24.5139 2.25
    endloop
  endfacet
  facet normal 0.99999 -0.00455691 0
    outer loop
      vertex 98.8997 24.5139 0
      vertex 98.8988 24.3164 2.25
      vertex 98.8988 24.3164 0
    endloop
  endfacet
  facet normal 0.99452 0.104543 0
    outer loop
      vertex 98.8997 24.5139 2.25
      vertex 98.8385 25.0961 0
      vertex 98.8385 25.0961 2.25
    endloop
  endfacet
  facet normal 0.99452 0.104543 0
    outer loop
      vertex 98.8385 25.0961 0
      vertex 98.8997 24.5139 2.25
      vertex 98.8997 24.5139 0
    endloop
  endfacet
  facet normal 0.991552 0.129707 0
    outer loop
      vertex 98.8385 25.0961 2.25
      vertex 98.6936 26.2038 0
      vertex 98.6936 26.2038 2.25
    endloop
  endfacet
  facet normal 0.991552 0.129707 0
    outer loop
      vertex 98.6936 26.2038 0
      vertex 98.8385 25.0961 2.25
      vertex 98.8385 25.0961 0
    endloop
  endfacet
  facet normal 0.951048 0.309044 0
    outer loop
      vertex 98.6936 26.2038 2.25
      vertex 98.5127 26.7605 0
      vertex 98.5127 26.7605 2.25
    endloop
  endfacet
  facet normal 0.951048 0.309044 0
    outer loop
      vertex 98.5127 26.7605 0
      vertex 98.6936 26.2038 2.25
      vertex 98.6936 26.2038 0
    endloop
  endfacet
  facet normal 0.914355 0.404914 0
    outer loop
      vertex 98.5127 26.7605 2.25
      vertex 98.123 27.6405 0
      vertex 98.123 27.6405 2.25
    endloop
  endfacet
  facet normal 0.914355 0.404914 0
    outer loop
      vertex 98.123 27.6405 0
      vertex 98.5127 26.7605 2.25
      vertex 98.5127 26.7605 0
    endloop
  endfacet
  facet normal 0.865995 0.500053 0
    outer loop
      vertex 98.123 27.6405 2.25
      vertex 97.8303 28.1474 0
      vertex 97.8303 28.1474 2.25
    endloop
  endfacet
  facet normal 0.865995 0.500053 0
    outer loop
      vertex 97.8303 28.1474 0
      vertex 98.123 27.6405 2.25
      vertex 98.123 27.6405 0
    endloop
  endfacet
  facet normal 0.743124 0.669153 0
    outer loop
      vertex 97.8303 28.1474 2.25
      vertex 97.4386 28.5824 0
      vertex 97.4386 28.5824 2.25
    endloop
  endfacet
  facet normal 0.743124 0.669153 0
    outer loop
      vertex 97.4386 28.5824 0
      vertex 97.8303 28.1474 2.25
      vertex 97.8303 28.1474 0
    endloop
  endfacet
  facet normal 0.715561 0.69855 0
    outer loop
      vertex 97.4386 28.5824 2.25
      vertex 96.8719 29.1629 0
      vertex 96.8719 29.1629 2.25
    endloop
  endfacet
  facet normal 0.715561 0.69855 0
    outer loop
      vertex 96.8719 29.1629 0
      vertex 97.4386 28.5824 2.25
      vertex 97.4386 28.5824 0
    endloop
  endfacet
  facet normal 0.587684 0.809091 -0
    outer loop
      vertex 96.8719 29.1629 0
      vertex 96.3983 29.5069 2.25
      vertex 96.8719 29.1629 2.25
    endloop
  endfacet
  facet normal 0.587684 0.809091 0
    outer loop
      vertex 96.3983 29.5069 2.25
      vertex 96.8719 29.1629 0
      vertex 96.3983 29.5069 0
    endloop
  endfacet
  facet normal 0.406725 0.913551 -0
    outer loop
      vertex 96.3983 29.5069 0
      vertex 95.8635 29.745 2.25
      vertex 96.3983 29.5069 2.25
    endloop
  endfacet
  facet normal 0.406725 0.913551 0
    outer loop
      vertex 95.8635 29.745 2.25
      vertex 96.3983 29.5069 0
      vertex 95.8635 29.745 0
    endloop
  endfacet
  facet normal 0.295813 0.955246 -0
    outer loop
      vertex 95.8635 29.745 0
      vertex 95.1873 29.9544 2.25
      vertex 95.8635 29.745 2.25
    endloop
  endfacet
  facet normal 0.295813 0.955246 0
    outer loop
      vertex 95.1873 29.9544 2.25
      vertex 95.8635 29.745 0
      vertex 95.1873 29.9544 0
    endloop
  endfacet
  facet normal 0.20793 0.978144 -0
    outer loop
      vertex 95.1873 29.9544 0
      vertex 94.6148 30.0761 2.25
      vertex 95.1873 29.9544 2.25
    endloop
  endfacet
  facet normal 0.20793 0.978144 0
    outer loop
      vertex 94.6148 30.0761 2.25
      vertex 95.1873 29.9544 0
      vertex 94.6148 30.0761 0
    endloop
  endfacet
  facet normal 0 1 -0
    outer loop
      vertex 94.6148 30.0761 0
      vertex 94.0294 30.0761 2.25
      vertex 94.6148 30.0761 2.25
    endloop
  endfacet
  facet normal 0 1 0
    outer loop
      vertex 94.0294 30.0761 2.25
      vertex 94.6148 30.0761 0
      vertex 94.0294 30.0761 0
    endloop
  endfacet
  facet normal -0.207896 0.978151 0
    outer loop
      vertex 94.0294 30.0761 0
      vertex 93.4568 29.9544 2.25
      vertex 94.0294 30.0761 2.25
    endloop
  endfacet
  facet normal -0.207896 0.978151 0
    outer loop
      vertex 93.4568 29.9544 2.25
      vertex 94.0294 30.0761 0
      vertex 93.4568 29.9544 0
    endloop
  endfacet
  facet normal -0.266467 0.963844 0
    outer loop
      vertex 93.4568 29.9544 0
      vertex 92.9117 29.8037 2.25
      vertex 93.4568 29.9544 2.25
    endloop
  endfacet
  facet normal -0.266467 0.963844 0
    outer loop
      vertex 92.9117 29.8037 2.25
      vertex 93.4568 29.9544 0
      vertex 92.9117 29.8037 0
    endloop
  endfacet
  facet normal -0.406725 0.913551 0
    outer loop
      vertex 92.9117 29.8037 0
      vertex 92.3769 29.5656 2.25
      vertex 92.9117 29.8037 2.25
    endloop
  endfacet
  facet normal -0.406725 0.913551 0
    outer loop
      vertex 92.3769 29.5656 2.25
      vertex 92.9117 29.8037 0
      vertex 92.3769 29.5656 0
    endloop
  endfacet
  facet normal -0.587877 0.80895 0
    outer loop
      vertex 92.3769 29.5656 0
      vertex 91.9034 29.2215 2.25
      vertex 92.3769 29.5656 2.25
    endloop
  endfacet
  facet normal -0.587877 0.80895 0
    outer loop
      vertex 91.9034 29.2215 2.25
      vertex 92.3769 29.5656 0
      vertex 91.9034 29.2215 0
    endloop
  endfacet
  facet normal -0.677394 0.735621 0
    outer loop
      vertex 91.9034 29.2215 0
      vertex 91.3791 28.7387 2.25
      vertex 91.9034 29.2215 2.25
    endloop
  endfacet
  facet normal -0.677394 0.735621 0
    outer loop
      vertex 91.3791 28.7387 2.25
      vertex 91.9034 29.2215 0
      vertex 91.3791 28.7387 0
    endloop
  endfacet
  facet normal -0.743124 0.669153 0
    outer loop
      vertex 90.9874 28.3037 0
      vertex 91.3791 28.7387 2.25
      vertex 91.3791 28.7387 0
    endloop
  endfacet
  facet normal -0.743124 0.669153 0
    outer loop
      vertex 91.3791 28.7387 2.25
      vertex 90.9874 28.3037 0
      vertex 90.9874 28.3037 2.25
    endloop
  endfacet
  facet normal -0.865995 0.500053 0
    outer loop
      vertex 90.6947 27.7968 0
      vertex 90.9874 28.3037 2.25
      vertex 90.9874 28.3037 0
    endloop
  endfacet
  facet normal -0.865995 0.500053 0
    outer loop
      vertex 90.9874 28.3037 2.25
      vertex 90.6947 27.7968 0
      vertex 90.6947 27.7968 2.25
    endloop
  endfacet
  facet normal -0.881151 0.472835 0
    outer loop
      vertex 90.233 26.9364 0
      vertex 90.6947 27.7968 2.25
      vertex 90.6947 27.7968 0
    endloop
  endfacet
  facet normal -0.881151 0.472835 0
    outer loop
      vertex 90.6947 27.7968 2.25
      vertex 90.233 26.9364 0
      vertex 90.233 26.9364 2.25
    endloop
  endfacet
  facet normal -0.951048 0.309044 0
    outer loop
      vertex 90.0521 26.3797 0
      vertex 90.233 26.9364 2.25
      vertex 90.233 26.9364 0
    endloop
  endfacet
  facet normal -0.951048 0.309044 0
    outer loop
      vertex 90.233 26.9364 2.25
      vertex 90.0521 26.3797 0
      vertex 90.0521 26.3797 2.25
    endloop
  endfacet
  facet normal -0.963315 0.268371 0
    outer loop
      vertex 89.6945 25.0961 0
      vertex 90.0521 26.3797 2.25
      vertex 90.0521 26.3797 0
    endloop
  endfacet
  facet normal -0.963315 0.268371 0
    outer loop
      vertex 90.0521 26.3797 2.25
      vertex 89.6945 25.0961 0
      vertex 89.6945 25.0961 2.25
    endloop
  endfacet
  facet normal -0.967967 0.251079 0
    outer loop
      vertex 87.3694 16.1323 0
      vertex 89.6945 25.0961 2.25
      vertex 89.6945 25.0961 0
    endloop
  endfacet
  facet normal -0.967967 0.251079 0
    outer loop
      vertex 89.6945 25.0961 2.25
      vertex 87.3694 16.1323 0
      vertex 87.3694 16.1323 2.25
    endloop
  endfacet
  facet normal -0.939557 0.342394 0
    outer loop
      vertex 84.6323 8.62147 0
      vertex 87.3694 16.1323 2.25
      vertex 87.3694 16.1323 0
    endloop
  endfacet
  facet normal -0.939557 0.342394 0
    outer loop
      vertex 87.3694 16.1323 2.25
      vertex 84.6323 8.62147 0
      vertex 84.6323 8.62147 2.25
    endloop
  endfacet
  facet normal -0.873298 0.487186 0
    outer loop
      vertex 82.5631 4.91236 0
      vertex 84.6323 8.62147 2.25
      vertex 84.6323 8.62147 0
    endloop
  endfacet
  facet normal -0.873298 0.487186 0
    outer loop
      vertex 84.6323 8.62147 2.25
      vertex 82.5631 4.91236 0
      vertex 82.5631 4.91236 2.25
    endloop
  endfacet
  facet normal 0.99962 0.0275628 0
    outer loop
      vertex 82.5631 4.91236 2.25
      vertex 82.5109 6.8055 0
      vertex 82.5109 6.8055 2.25
    endloop
  endfacet
  facet normal 0.99962 0.0275628 0
    outer loop
      vertex 82.5109 6.8055 0
      vertex 82.5631 4.91236 2.25
      vertex 82.5631 4.91236 0
    endloop
  endfacet
  facet normal 0.999829 -0.0185073 0
    outer loop
      vertex 82.5109 6.8055 2.25
      vertex 82.5916 11.1652 0
      vertex 82.5916 11.1652 2.25
    endloop
  endfacet
  facet normal 0.999829 -0.0185073 0
    outer loop
      vertex 82.5916 11.1652 0
      vertex 82.5109 6.8055 2.25
      vertex 82.5109 6.8055 0
    endloop
  endfacet
  facet normal 0.998902 -0.0468506 0
    outer loop
      vertex 82.5916 11.1652 2.25
      vertex 82.8651 16.9965 0
      vertex 82.8651 16.9965 2.25
    endloop
  endfacet
  facet normal 0.998902 -0.0468506 0
    outer loop
      vertex 82.8651 16.9965 0
      vertex 82.5916 11.1652 2.25
      vertex 82.5916 11.1652 0
    endloop
  endfacet
  facet normal 0.997684 -0.0680248 0
    outer loop
      vertex 82.8651 16.9965 2.25
      vertex 83.3781 24.5204 0
      vertex 83.3781 24.5204 2.25
    endloop
  endfacet
  facet normal 0.997684 -0.0680248 0
    outer loop
      vertex 83.3781 24.5204 0
      vertex 82.8651 16.9965 2.25
      vertex 82.8651 16.9965 0
    endloop
  endfacet
  facet normal 0.996431 -0.0844146 0
    outer loop
      vertex 83.3781 24.5204 2.25
      vertex 84.1572 33.7169 0
      vertex 84.1572 33.7169 2.25
    endloop
  endfacet
  facet normal 0.996431 -0.0844146 0
    outer loop
      vertex 84.1572 33.7169 0
      vertex 83.3781 24.5204 2.25
      vertex 83.3781 24.5204 0
    endloop
  endfacet
  facet normal 0.992929 -0.118713 0
    outer loop
      vertex 84.1572 33.7169 2.25
      vertex 84.573 37.1947 0
      vertex 84.573 37.1947 2.25
    endloop
  endfacet
  facet normal 0.992929 -0.118713 0
    outer loop
      vertex 84.573 37.1947 0
      vertex 84.1572 33.7169 2.25
      vertex 84.1572 33.7169 0
    endloop
  endfacet
  facet normal 0.992358 -0.123389 0
    outer loop
      vertex 84.573 37.1947 2.25
      vertex 85.1441 41.7878 0
      vertex 85.1441 41.7878 2.25
    endloop
  endfacet
  facet normal 0.992358 -0.123389 0
    outer loop
      vertex 85.1441 41.7878 0
      vertex 84.573 37.1947 2.25
      vertex 84.573 37.1947 0
    endloop
  endfacet
  facet normal 0.99452 -0.104543 0
    outer loop
      vertex 85.1441 41.7878 2.25
      vertex 85.2053 42.37 0
      vertex 85.2053 42.37 2.25
    endloop
  endfacet
  facet normal 0.99452 -0.104543 0
    outer loop
      vertex 85.2053 42.37 0
      vertex 85.1441 41.7878 2.25
      vertex 85.1441 41.7878 0
    endloop
  endfacet
  facet normal 0.995118 -0.0986904 0
    outer loop
      vertex 85.2053 42.37 2.25
      vertex 85.6931 47.2886 0
      vertex 85.6931 47.2886 2.25
    endloop
  endfacet
  facet normal 0.995118 -0.0986904 0
    outer loop
      vertex 85.6931 47.2886 0
      vertex 85.2053 42.37 2.25
      vertex 85.2053 42.37 0
    endloop
  endfacet
  facet normal 0.999073 -0.0430484 0
    outer loop
      vertex 85.6931 47.2886 2.25
      vertex 85.8997 52.0834 0
      vertex 85.8997 52.0834 2.25
    endloop
  endfacet
  facet normal 0.999073 -0.0430484 0
    outer loop
      vertex 85.8997 52.0834 0
      vertex 85.6931 47.2886 2.25
      vertex 85.6931 47.2886 0
    endloop
  endfacet
  facet normal 0.998832 0.0483095 0
    outer loop
      vertex 85.8997 52.0834 2.25
      vertex 85.7409 55.3667 0
      vertex 85.7409 55.3667 2.25
    endloop
  endfacet
  facet normal 0.998832 0.0483095 0
    outer loop
      vertex 85.7409 55.3667 0
      vertex 85.8997 52.0834 2.25
      vertex 85.8997 52.0834 0
    endloop
  endfacet
  facet normal 0.99452 0.104543 0
    outer loop
      vertex 85.7409 55.3667 2.25
      vertex 85.6797 55.9489 0
      vertex 85.6797 55.9489 2.25
    endloop
  endfacet
  facet normal 0.99452 0.104543 0
    outer loop
      vertex 85.6797 55.9489 0
      vertex 85.7409 55.3667 2.25
      vertex 85.7409 55.3667 0
    endloop
  endfacet
  facet normal 0.981681 0.190533 0
    outer loop
      vertex 85.6797 55.9489 2.25
      vertex 85.1511 58.6724 0
      vertex 85.1511 58.6724 2.25
    endloop
  endfacet
  facet normal 0.981681 0.190533 0
    outer loop
      vertex 85.1511 58.6724 0
      vertex 85.6797 55.9489 2.25
      vertex 85.6797 55.9489 0
    endloop
  endfacet
  facet normal 0.951048 0.309044 0
    outer loop
      vertex 85.1511 58.6724 2.25
      vertex 84.9702 59.2291 0
      vertex 84.9702 59.2291 2.25
    endloop
  endfacet
  facet normal 0.951048 0.309044 0
    outer loop
      vertex 84.9702 59.2291 0
      vertex 85.1511 58.6724 2.25
      vertex 85.1511 58.6724 0
    endloop
  endfacet
  facet normal 0.893459 0.449145 0
    outer loop
      vertex 84.9702 59.2291 2.25
      vertex 83.9938 61.1714 0
      vertex 83.9938 61.1714 2.25
    endloop
  endfacet
  facet normal 0.893459 0.449145 0
    outer loop
      vertex 83.9938 61.1714 0
      vertex 84.9702 59.2291 2.25
      vertex 84.9702 59.2291 0
    endloop
  endfacet
  facet normal 0.866038 0.499979 0
    outer loop
      vertex 83.9938 61.1714 2.25
      vertex 83.7011 61.6784 0
      vertex 83.7011 61.6784 2.25
    endloop
  endfacet
  facet normal 0.866038 0.499979 0
    outer loop
      vertex 83.7011 61.6784 0
      vertex 83.9938 61.1714 2.25
      vertex 83.9938 61.1714 0
    endloop
  endfacet
  facet normal 0.743124 0.669153 0
    outer loop
      vertex 83.7011 61.6784 2.25
      vertex 83.3094 62.1134 0
      vertex 83.3094 62.1134 2.25
    endloop
  endfacet
  facet normal 0.743124 0.669153 0
    outer loop
      vertex 83.3094 62.1134 0
      vertex 83.7011 61.6784 2.25
      vertex 83.7011 61.6784 0
    endloop
  endfacet
  facet normal 0.587765 0.809032 -0
    outer loop
      vertex 83.3094 62.1134 0
      vertex 82.8359 62.4574 2.25
      vertex 83.3094 62.1134 2.25
    endloop
  endfacet
  facet normal 0.587765 0.809032 0
    outer loop
      vertex 82.8359 62.4574 2.25
      vertex 83.3094 62.1134 0
      vertex 82.8359 62.4574 0
    endloop
  endfacet
  facet normal 0.530313 0.847802 -0
    outer loop
      vertex 82.8359 62.4574 0
      vertex 81.3333 63.3973 2.25
      vertex 82.8359 62.4574 2.25
    endloop
  endfacet
  facet normal 0.530313 0.847802 0
    outer loop
      vertex 81.3333 63.3973 2.25
      vertex 82.8359 62.4574 0
      vertex 81.3333 63.3973 0
    endloop
  endfacet
  facet normal 0.406725 0.913551 -0
    outer loop
      vertex 81.3333 63.3973 0
      vertex 80.7985 63.6354 2.25
      vertex 81.3333 63.3973 2.25
    endloop
  endfacet
  facet normal 0.406725 0.913551 0
    outer loop
      vertex 80.7985 63.6354 2.25
      vertex 81.3333 63.3973 0
      vertex 80.7985 63.6354 0
    endloop
  endfacet
  facet normal 0.20793 0.978144 -0
    outer loop
      vertex 80.7985 63.6354 0
      vertex 80.226 63.7571 2.25
      vertex 80.7985 63.6354 2.25
    endloop
  endfacet
  facet normal 0.20793 0.978144 0
    outer loop
      vertex 80.226 63.7571 2.25
      vertex 80.7985 63.6354 0
      vertex 80.226 63.7571 0
    endloop
  endfacet
  facet normal 0 1 -0
    outer loop
      vertex 80.226 63.7571 0
      vertex 79.4738 63.7571 2.25
      vertex 80.226 63.7571 2.25
    endloop
  endfacet
  facet normal 0 1 0
    outer loop
      vertex 79.4738 63.7571 2.25
      vertex 80.226 63.7571 0
      vertex 79.4738 63.7571 0
    endloop
  endfacet
  facet normal -0.207896 0.978151 0
    outer loop
      vertex 79.4738 63.7571 0
      vertex 78.9012 63.6354 2.25
      vertex 79.4738 63.7571 2.25
    endloop
  endfacet
  facet normal -0.207896 0.978151 0
    outer loop
      vertex 78.9012 63.6354 2.25
      vertex 79.4738 63.7571 0
      vertex 78.9012 63.6354 0
    endloop
  endfacet
  facet normal -0.406788 0.913522 0
    outer loop
      vertex 78.9012 63.6354 0
      vertex 78.3665 63.3973 2.25
      vertex 78.9012 63.6354 2.25
    endloop
  endfacet
  facet normal -0.406788 0.913522 0
    outer loop
      vertex 78.3665 63.3973 2.25
      vertex 78.9012 63.6354 0
      vertex 78.3665 63.3973 0
    endloop
  endfacet
  facet normal -0.587796 0.809009 0
    outer loop
      vertex 78.3665 63.3973 0
      vertex 77.8929 63.0532 2.25
      vertex 78.3665 63.3973 2.25
    endloop
  endfacet
  facet normal -0.587796 0.809009 0
    outer loop
      vertex 77.8929 63.0532 2.25
      vertex 78.3665 63.3973 0
      vertex 77.8929 63.0532 0
    endloop
  endfacet
  facet normal -0.741086 0.67141 0
    outer loop
      vertex 75.2584 60.1453 0
      vertex 77.8929 63.0532 2.25
      vertex 77.8929 63.0532 0
    endloop
  endfacet
  facet normal -0.741086 0.67141 0
    outer loop
      vertex 77.8929 63.0532 2.25
      vertex 75.2584 60.1453 0
      vertex 75.2584 60.1453 2.25
    endloop
  endfacet
  facet normal -0.743124 0.669153 0
    outer loop
      vertex 74.8667 59.7103 0
      vertex 75.2584 60.1453 2.25
      vertex 75.2584 60.1453 0
    endloop
  endfacet
  facet normal -0.743124 0.669153 0
    outer loop
      vertex 75.2584 60.1453 2.25
      vertex 74.8667 59.7103 0
      vertex 74.8667 59.7103 2.25
    endloop
  endfacet
  facet normal -0.865995 0.500053 0
    outer loop
      vertex 74.574 59.2034 0
      vertex 74.8667 59.7103 2.25
      vertex 74.8667 59.7103 0
    endloop
  endfacet
  facet normal -0.865995 0.500053 0
    outer loop
      vertex 74.8667 59.7103 2.25
      vertex 74.574 59.2034 0
      vertex 74.574 59.2034 2.25
    endloop
  endfacet
  facet normal -0.951064 0.308993 0
    outer loop
      vertex 74.3931 58.6466 0
      vertex 74.574 59.2034 2.25
      vertex 74.574 59.2034 0
    endloop
  endfacet
  facet normal -0.951064 0.308993 0
    outer loop
      vertex 74.574 59.2034 2.25
      vertex 74.3931 58.6466 0
      vertex 74.3931 58.6466 2.25
    endloop
  endfacet
  facet normal -0.967059 0.254551 0
    outer loop
      vertex 72.243 50.4782 0
      vertex 74.3931 58.6466 2.25
      vertex 74.3931 58.6466 0
    endloop
  endfacet
  facet normal -0.967059 0.254551 0
    outer loop
      vertex 74.3931 58.6466 2.25
      vertex 72.243 50.4782 0
      vertex 72.243 50.4782 2.25
    endloop
  endfacet
  facet normal -0.98869 0.149972 0
    outer loop
      vertex 70.3324 37.8826 0
      vertex 72.243 50.4782 2.25
      vertex 72.243 50.4782 0
    endloop
  endfacet
  facet normal -0.98869 0.149972 0
    outer loop
      vertex 72.243 50.4782 2.25
      vertex 70.3324 37.8826 0
      vertex 70.3324 37.8826 2.25
    endloop
  endfacet
  facet normal -0.993064 0.117576 0
    outer loop
      vertex 70.2172 36.9096 0
      vertex 70.3324 37.8826 2.25
      vertex 70.3324 37.8826 0
    endloop
  endfacet
  facet normal -0.993064 0.117576 0
    outer loop
      vertex 70.3324 37.8826 2.25
      vertex 70.2172 36.9096 0
      vertex 70.2172 36.9096 2.25
    endloop
  endfacet
  facet normal 0.587803 0.809004 -0
    outer loop
      vertex 70.2172 36.9096 0
      vertex 69.7871 37.2221 2.25
      vertex 70.2172 36.9096 2.25
    endloop
  endfacet
  facet normal 0.587803 0.809004 0
    outer loop
      vertex 69.7871 37.2221 2.25
      vertex 70.2172 36.9096 0
      vertex 69.7871 37.2221 0
    endloop
  endfacet
  facet normal 0.543207 0.839599 -0
    outer loop
      vertex 69.7871 37.2221 0
      vertex 68.9234 37.7809 2.25
      vertex 69.7871 37.2221 2.25
    endloop
  endfacet
  facet normal 0.543207 0.839599 0
    outer loop
      vertex 68.9234 37.7809 2.25
      vertex 69.7871 37.2221 0
      vertex 68.9234 37.7809 0
    endloop
  endfacet
  facet normal 0.406646 0.913586 -0
    outer loop
      vertex 68.9234 37.7809 0
      vertex 68.3887 38.0189 2.25
      vertex 68.9234 37.7809 2.25
    endloop
  endfacet
  facet normal 0.406646 0.913586 0
    outer loop
      vertex 68.3887 38.0189 2.25
      vertex 68.9234 37.7809 0
      vertex 68.3887 38.0189 0
    endloop
  endfacet
  facet normal 0.303401 0.952863 -0
    outer loop
      vertex 68.3887 38.0189 0
      vertex 67.4104 38.3304 2.25
      vertex 68.3887 38.0189 2.25
    endloop
  endfacet
  facet normal 0.303401 0.952863 0
    outer loop
      vertex 67.4104 38.3304 2.25
      vertex 68.3887 38.0189 0
      vertex 67.4104 38.3304 0
    endloop
  endfacet
  facet normal 0.207896 0.978151 -0
    outer loop
      vertex 67.4104 38.3304 0
      vertex 66.8378 38.4521 2.25
      vertex 67.4104 38.3304 2.25
    endloop
  endfacet
  facet normal 0.207896 0.978151 0
    outer loop
      vertex 66.8378 38.4521 2.25
      vertex 67.4104 38.3304 0
      vertex 66.8378 38.4521 0
    endloop
  endfacet
  facet normal 0.0909521 0.995855 -0
    outer loop
      vertex 66.8378 38.4521 0
      vertex 65.7812 38.5486 2.25
      vertex 66.8378 38.4521 2.25
    endloop
  endfacet
  facet normal 0.0909521 0.995855 0
    outer loop
      vertex 65.7812 38.5486 2.25
      vertex 66.8378 38.4521 0
      vertex 65.7812 38.5486 0
    endloop
  endfacet
  facet normal 0 1 -0
    outer loop
      vertex 65.7812 38.5486 0
      vertex 65.1958 38.5486 2.25
      vertex 65.7812 38.5486 2.25
    endloop
  endfacet
  facet normal 0 1 0
    outer loop
      vertex 65.1958 38.5486 2.25
      vertex 65.7812 38.5486 0
      vertex 65.1958 38.5486 0
    endloop
  endfacet
  facet normal -0.0628157 0.998025 0
    outer loop
      vertex 65.1958 38.5486 0
      vertex 64.2298 38.4878 2.25
      vertex 65.1958 38.5486 2.25
    endloop
  endfacet
  facet normal -0.0628157 0.998025 0
    outer loop
      vertex 64.2298 38.4878 2.25
      vertex 65.1958 38.5486 0
      vertex 64.2298 38.4878 0
    endloop
  endfacet
  facet normal -0.167476 0.985876 0
    outer loop
      vertex 64.2298 38.4878 0
      vertex 63.2585 38.3228 2.25
      vertex 64.2298 38.4878 2.25
    endloop
  endfacet
  facet normal -0.167476 0.985876 0
    outer loop
      vertex 63.2585 38.3228 2.25
      vertex 64.2298 38.4878 0
      vertex 63.2585 38.3228 0
    endloop
  endfacet
  facet normal -0.20793 0.978144 0
    outer loop
      vertex 63.2585 38.3228 0
      vertex 62.686 38.2011 2.25
      vertex 63.2585 38.3228 2.25
    endloop
  endfacet
  facet normal -0.20793 0.978144 0
    outer loop
      vertex 62.686 38.2011 2.25
      vertex 63.2585 38.3228 0
      vertex 62.686 38.2011 0
    endloop
  endfacet
  facet normal -0.245241 0.969462 0
    outer loop
      vertex 62.686 38.2011 0
      vertex 61.725 37.958 2.25
      vertex 62.686 38.2011 2.25
    endloop
  endfacet
  facet normal -0.245241 0.969462 0
    outer loop
      vertex 61.725 37.958 2.25
      vertex 62.686 38.2011 0
      vertex 61.725 37.958 0
    endloop
  endfacet
  facet normal -0.300917 0.95365 0
    outer loop
      vertex 61.725 37.958 0
      vertex 60.7901 37.663 2.25
      vertex 61.725 37.958 2.25
    endloop
  endfacet
  facet normal -0.300917 0.95365 0
    outer loop
      vertex 60.7901 37.663 2.25
      vertex 61.725 37.958 0
      vertex 60.7901 37.663 0
    endloop
  endfacet
  facet normal -0.406725 0.913551 0
    outer loop
      vertex 60.7901 37.663 0
      vertex 60.2553 37.4249 2.25
      vertex 60.7901 37.663 2.25
    endloop
  endfacet
  facet normal -0.406725 0.913551 0
    outer loop
      vertex 60.2553 37.4249 2.25
      vertex 60.7901 37.663 0
      vertex 60.2553 37.4249 0
    endloop
  endfacet
  facet normal -0.587877 0.80895 0
    outer loop
      vertex 60.2553 37.4249 0
      vertex 59.7818 37.0808 2.25
      vertex 60.2553 37.4249 2.25
    endloop
  endfacet
  facet normal -0.587877 0.80895 0
    outer loop
      vertex 59.7818 37.0808 2.25
      vertex 60.2553 37.4249 0
      vertex 59.7818 37.0808 0
    endloop
  endfacet
  facet normal -0.611041 0.791599 0
    outer loop
      vertex 59.7818 37.0808 0
      vertex 55.9667 34.1359 2.25
      vertex 59.7818 37.0808 2.25
    endloop
  endfacet
  facet normal -0.611041 0.791599 0
    outer loop
      vertex 55.9667 34.1359 2.25
      vertex 59.7818 37.0808 0
      vertex 55.9667 34.1359 0
    endloop
  endfacet
  facet normal -0.743124 0.669153 0
    outer loop
      vertex 55.575 33.7009 0
      vertex 55.9667 34.1359 2.25
      vertex 55.9667 34.1359 0
    endloop
  endfacet
  facet normal -0.743124 0.669153 0
    outer loop
      vertex 55.9667 34.1359 2.25
      vertex 55.575 33.7009 0
      vertex 55.575 33.7009 2.25
    endloop
  endfacet
  facet normal -0.859382 0.511334 0
    outer loop
      vertex 52.3276 28.2431 0
      vertex 55.575 33.7009 2.25
      vertex 55.575 33.7009 0
    endloop
  endfacet
  facet normal -0.859382 0.511334 0
    outer loop
      vertex 55.575 33.7009 2.25
      vertex 52.3276 28.2431 0
      vertex 52.3276 28.2431 2.25
    endloop
  endfacet
  facet normal -0.865995 0.500053 0
    outer loop
      vertex 52.0349 27.7362 0
      vertex 52.3276 28.2431 2.25
      vertex 52.3276 28.2431 0
    endloop
  endfacet
  facet normal -0.865995 0.500053 0
    outer loop
      vertex 52.3276 28.2431 2.25
      vertex 52.0349 27.7362 0
      vertex 52.0349 27.7362 2.25
    endloop
  endfacet
  facet normal -0.951064 0.308993 0
    outer loop
      vertex 51.854 27.1794 0
      vertex 52.0349 27.7362 2.25
      vertex 52.0349 27.7362 0
    endloop
  endfacet
  facet normal -0.951064 0.308993 0
    outer loop
      vertex 52.0349 27.7362 2.25
      vertex 51.854 27.1794 0
      vertex 51.854 27.1794 2.25
    endloop
  endfacet
  facet normal -0.951306 0.308247 0
    outer loop
      vertex 49.5961 20.2111 0
      vertex 51.854 27.1794 2.25
      vertex 51.854 27.1794 0
    endloop
  endfacet
  facet normal -0.951306 0.308247 0
    outer loop
      vertex 51.854 27.1794 2.25
      vertex 49.5961 20.2111 0
      vertex 49.5961 20.2111 2.25
    endloop
  endfacet
  facet normal -0.993652 0.112497 0
    outer loop
      vertex 48.7497 12.7351 0
      vertex 49.5961 20.2111 2.25
      vertex 49.5961 20.2111 0
    endloop
  endfacet
  facet normal -0.993652 0.112497 0
    outer loop
      vertex 49.5961 20.2111 2.25
      vertex 48.7497 12.7351 0
      vertex 48.7497 12.7351 2.25
    endloop
  endfacet
  facet normal -0.99452 0.104543 0
    outer loop
      vertex 48.6885 12.1529 0
      vertex 48.7497 12.7351 2.25
      vertex 48.7497 12.7351 0
    endloop
  endfacet
  facet normal -0.99452 0.104543 0
    outer loop
      vertex 48.7497 12.7351 2.25
      vertex 48.6885 12.1529 0
      vertex 48.6885 12.1529 2.25
    endloop
  endfacet
  facet normal -0.996832 -0.0795387 0
    outer loop
      vertex 48.7084 11.9035 0
      vertex 48.6885 12.1529 2.25
      vertex 48.6885 12.1529 0
    endloop
  endfacet
  facet normal -0.996832 -0.0795387 0
    outer loop
      vertex 48.6885 12.1529 2.25
      vertex 48.7084 11.9035 0
      vertex 48.7084 11.9035 2.25
    endloop
  endfacet
  facet normal -0.970374 0.241607 0
    outer loop
      vertex 48.3718 10.5516 0
      vertex 48.7084 11.9035 2.25
      vertex 48.7084 11.9035 0
    endloop
  endfacet
  facet normal -0.970374 0.241607 0
    outer loop
      vertex 48.7084 11.9035 2.25
      vertex 48.3718 10.5516 0
      vertex 48.3718 10.5516 2.25
    endloop
  endfacet
  facet normal -0.885362 0.464902 0
    outer loop
      vertex 44.9754 4.08347 0
      vertex 48.3718 10.5516 2.25
      vertex 48.3718 10.5516 0
    endloop
  endfacet
  facet normal -0.885362 0.464902 0
    outer loop
      vertex 48.3718 10.5516 2.25
      vertex 44.9754 4.08347 0
      vertex 44.9754 4.08347 2.25
    endloop
  endfacet
  facet normal -0.443514 0.896267 0
    outer loop
      vertex 44.9754 4.08347 0
      vertex 41.5722 2.39941 2.25
      vertex 44.9754 4.08347 2.25
    endloop
  endfacet
  facet normal -0.443514 0.896267 0
    outer loop
      vertex 41.5722 2.39941 2.25
      vertex 44.9754 4.08347 0
      vertex 41.5722 2.39941 0
    endloop
  endfacet
  facet normal 0.998719 0.0506042 0
    outer loop
      vertex 41.5722 2.39941 2.25
      vertex 41.546 2.91649 0
      vertex 41.546 2.91649 2.25
    endloop
  endfacet
  facet normal 0.998719 0.0506042 0
    outer loop
      vertex 41.546 2.91649 0
      vertex 41.5722 2.39941 2.25
      vertex 41.5722 2.39941 0
    endloop
  endfacet
  facet normal 0.997516 -0.07044 0
    outer loop
      vertex 41.546 2.91649 2.25
      vertex 41.938 8.46769 0
      vertex 41.938 8.46769 2.25
    endloop
  endfacet
  facet normal 0.997516 -0.07044 0
    outer loop
      vertex 41.938 8.46769 0
      vertex 41.546 2.91649 2.25
      vertex 41.546 2.91649 0
    endloop
  endfacet
  facet normal 0.992016 -0.12611 0
    outer loop
      vertex 41.938 8.46769 2.25
      vertex 42.7904 15.1729 0
      vertex 42.7904 15.1729 2.25
    endloop
  endfacet
  facet normal 0.992016 -0.12611 0
    outer loop
      vertex 42.7904 15.1729 0
      vertex 41.938 8.46769 2.25
      vertex 41.938 8.46769 0
    endloop
  endfacet
  facet normal 0.992845 -0.119407 0
    outer loop
      vertex 42.7904 15.1729 2.25
      vertex 43.6881 22.6371 0
      vertex 43.6881 22.6371 2.25
    endloop
  endfacet
  facet normal 0.992845 -0.119407 0
    outer loop
      vertex 43.6881 22.6371 0
      vertex 42.7904 15.1729 2.25
      vertex 42.7904 15.1729 0
    endloop
  endfacet
  facet normal 0.99452 -0.104543 0
    outer loop
      vertex 43.6881 22.6371 2.25
      vertex 43.7493 23.2193 0
      vertex 43.7493 23.2193 2.25
    endloop
  endfacet
  facet normal 0.99452 -0.104543 0
    outer loop
      vertex 43.7493 23.2193 0
      vertex 43.6881 22.6371 2.25
      vertex 43.6881 22.6371 0
    endloop
  endfacet
  facet normal 0.998301 -0.0582632 0
    outer loop
      vertex 43.7493 23.2193 2.25
      vertex 44.1572 30.2084 0
      vertex 44.1572 30.2084 2.25
    endloop
  endfacet
  facet normal 0.998301 -0.0582632 0
    outer loop
      vertex 44.1572 30.2084 0
      vertex 43.7493 23.2193 2.25
      vertex 43.7493 23.2193 0
    endloop
  endfacet
  facet normal 0.999784 0.0207775 0
    outer loop
      vertex 44.1572 30.2084 2.25
      vertex 44.1243 31.7915 0
      vertex 44.1243 31.7915 2.25
    endloop
  endfacet
  facet normal 0.999784 0.0207775 0
    outer loop
      vertex 44.1243 31.7915 0
      vertex 44.1572 30.2084 2.25
      vertex 44.1572 30.2084 0
    endloop
  endfacet
  facet normal 0.997507 0.0705658 0
    outer loop
      vertex 44.1243 31.7915 2.25
      vertex 44.0183 33.2899 0
      vertex 44.0183 33.2899 2.25
    endloop
  endfacet
  facet normal 0.997507 0.0705658 0
    outer loop
      vertex 44.0183 33.2899 0
      vertex 44.1243 31.7915 2.25
      vertex 44.1243 31.7915 0
    endloop
  endfacet
  facet normal 0.994519 0.10456 0
    outer loop
      vertex 44.0183 33.2899 2.25
      vertex 43.9571 33.872 0
      vertex 43.9571 33.872 2.25
    endloop
  endfacet
  facet normal 0.994519 0.10456 0
    outer loop
      vertex 43.9571 33.872 0
      vertex 44.0183 33.2899 2.25
      vertex 44.0183 33.2899 0
    endloop
  endfacet
  facet normal 0.990751 0.135696 0
    outer loop
      vertex 43.9571 33.872 2.25
      vertex 43.7679 35.2534 0
      vertex 43.7679 35.2534 2.25
    endloop
  endfacet
  facet normal 0.990751 0.135696 0
    outer loop
      vertex 43.7679 35.2534 0
      vertex 43.9571 33.872 2.25
      vertex 43.9571 33.872 0
    endloop
  endfacet
  facet normal 0.974588 0.224004 0
    outer loop
      vertex 43.7679 35.2534 2.25
      vertex 43.4848 36.4851 0
      vertex 43.4848 36.4851 2.25
    endloop
  endfacet
  facet normal 0.974588 0.224004 0
    outer loop
      vertex 43.4848 36.4851 0
      vertex 43.7679 35.2534 2.25
      vertex 43.7679 35.2534 0
    endloop
  endfacet
  facet normal 0.951098 0.308889 0
    outer loop
      vertex 43.4848 36.4851 2.25
      vertex 43.304 37.0418 0
      vertex 43.304 37.0418 2.25
    endloop
  endfacet
  facet normal 0.951098 0.308889 0
    outer loop
      vertex 43.304 37.0418 0
      vertex 43.4848 36.4851 2.25
      vertex 43.4848 36.4851 0
    endloop
  endfacet
  facet normal 0.921184 0.389126 0
    outer loop
      vertex 43.304 37.0418 2.25
      vertex 42.8145 38.2006 0
      vertex 42.8145 38.2006 2.25
    endloop
  endfacet
  facet normal 0.921184 0.389126 0
    outer loop
      vertex 42.8145 38.2006 0
      vertex 43.304 37.0418 2.25
      vertex 43.304 37.0418 0
    endloop
  endfacet
  facet normal 0.865995 0.500053 0
    outer loop
      vertex 42.8145 38.2006 2.25
      vertex 42.5218 38.7075 0
      vertex 42.5218 38.7075 2.25
    endloop
  endfacet
  facet normal 0.865995 0.500053 0
    outer loop
      vertex 42.5218 38.7075 0
      vertex 42.8145 38.2006 2.25
      vertex 42.8145 38.2006 0
    endloop
  endfacet
  facet normal 0.772287 0.635274 0
    outer loop
      vertex 42.5218 38.7075 2.25
      vertex 41.7614 39.6319 0
      vertex 41.7614 39.6319 2.25
    endloop
  endfacet
  facet normal 0.772287 0.635274 0
    outer loop
      vertex 41.7614 39.6319 0
      vertex 42.5218 38.7075 2.25
      vertex 42.5218 38.7075 0
    endloop
  endfacet
  facet normal 0.743124 0.669153 0
    outer loop
      vertex 41.7614 39.6319 2.25
      vertex 41.3697 40.0669 0
      vertex 41.3697 40.0669 2.25
    endloop
  endfacet
  facet normal 0.743124 0.669153 0
    outer loop
      vertex 41.3697 40.0669 0
      vertex 41.7614 39.6319 2.25
      vertex 41.7614 39.6319 0
    endloop
  endfacet
  facet normal 0.587877 0.80895 -0
    outer loop
      vertex 41.3697 40.0669 0
      vertex 40.8962 40.411 2.25
      vertex 41.3697 40.0669 2.25
    endloop
  endfacet
  facet normal 0.587877 0.80895 0
    outer loop
      vertex 40.8962 40.411 2.25
      vertex 41.3697 40.0669 0
      vertex 40.8962 40.411 0
    endloop
  endfacet
  facet normal 0.534111 0.845414 -0
    outer loop
      vertex 40.8962 40.411 0
      vertex 39.9275 41.023 2.25
      vertex 40.8962 40.411 2.25
    endloop
  endfacet
  facet normal 0.534111 0.845414 0
    outer loop
      vertex 39.9275 41.023 2.25
      vertex 40.8962 40.411 0
      vertex 39.9275 41.023 0
    endloop
  endfacet
  facet normal 0.406725 0.913551 -0
    outer loop
      vertex 39.9275 41.023 0
      vertex 39.3927 41.2611 2.25
      vertex 39.9275 41.023 2.25
    endloop
  endfacet
  facet normal 0.406725 0.913551 0
    outer loop
      vertex 39.3927 41.2611 2.25
      vertex 39.9275 41.023 0
      vertex 39.3927 41.2611 0
    endloop
  endfacet
  facet normal 0.207896 0.978151 -0
    outer loop
      vertex 39.3927 41.2611 0
      vertex 38.8201 41.3828 2.25
      vertex 39.3927 41.2611 2.25
    endloop
  endfacet
  facet normal 0.207896 0.978151 0
    outer loop
      vertex 38.8201 41.3828 2.25
      vertex 39.3927 41.2611 0
      vertex 38.8201 41.3828 0
    endloop
  endfacet
  facet normal 0.194745 0.980854 -0
    outer loop
      vertex 38.8201 41.3828 0
      vertex 37.7055 41.6041 2.25
      vertex 38.8201 41.3828 2.25
    endloop
  endfacet
  facet normal 0.194745 0.980854 0
    outer loop
      vertex 37.7055 41.6041 2.25
      vertex 38.8201 41.3828 0
      vertex 37.7055 41.6041 0
    endloop
  endfacet
  facet normal 0 1 -0
    outer loop
      vertex 37.7055 41.6041 0
      vertex 37.1202 41.6041 2.25
      vertex 37.7055 41.6041 2.25
    endloop
  endfacet
  facet normal 0 1 0
    outer loop
      vertex 37.1202 41.6041 2.25
      vertex 37.7055 41.6041 0
      vertex 37.1202 41.6041 0
    endloop
  endfacet
  facet normal -0.207896 0.978151 0
    outer loop
      vertex 37.1202 41.6041 0
      vertex 36.5476 41.4824 2.25
      vertex 37.1202 41.6041 2.25
    endloop
  endfacet
  facet normal -0.207896 0.978151 0
    outer loop
      vertex 36.5476 41.4824 2.25
      vertex 37.1202 41.6041 0
      vertex 36.5476 41.4824 0
    endloop
  endfacet
  facet normal -0.210501 0.977594 0
    outer loop
      vertex 36.5476 41.4824 0
      vertex 35.394 41.234 2.25
      vertex 36.5476 41.4824 2.25
    endloop
  endfacet
  facet normal -0.210501 0.977594 0
    outer loop
      vertex 35.394 41.234 2.25
      vertex 36.5476 41.4824 0
      vertex 35.394 41.234 0
    endloop
  endfacet
  facet normal -0.406725 0.913551 0
    outer loop
      vertex 35.394 41.234 0
      vertex 34.8592 40.9959 2.25
      vertex 35.394 41.234 2.25
    endloop
  endfacet
  facet normal -0.406725 0.913551 0
    outer loop
      vertex 34.8592 40.9959 2.25
      vertex 35.394 41.234 0
      vertex 34.8592 40.9959 0
    endloop
  endfacet
  facet normal -0.569011 0.82233 0
    outer loop
      vertex 34.8592 40.9959 0
      vertex 33.7003 40.194 2.25
      vertex 34.8592 40.9959 2.25
    endloop
  endfacet
  facet normal -0.569011 0.82233 0
    outer loop
      vertex 33.7003 40.194 2.25
      vertex 34.8592 40.9959 0
      vertex 33.7003 40.194 0
    endloop
  endfacet
  facet normal -0.587796 0.809009 0
    outer loop
      vertex 33.7003 40.194 0
      vertex 33.2267 39.8499 2.25
      vertex 33.7003 40.194 2.25
    endloop
  endfacet
  facet normal -0.587796 0.809009 0
    outer loop
      vertex 33.2267 39.8499 2.25
      vertex 33.7003 40.194 0
      vertex 33.2267 39.8499 0
    endloop
  endfacet
  facet normal -0.743124 0.669153 0
    outer loop
      vertex 32.835 39.4149 0
      vertex 33.2267 39.8499 2.25
      vertex 33.2267 39.8499 0
    endloop
  endfacet
  facet normal -0.743124 0.669153 0
    outer loop
      vertex 33.2267 39.8499 2.25
      vertex 32.835 39.4149 0
      vertex 32.835 39.4149 2.25
    endloop
  endfacet
  facet normal -0.798454 0.602056 0
    outer loop
      vertex 31.7492 37.9749 0
      vertex 32.835 39.4149 2.25
      vertex 32.835 39.4149 0
    endloop
  endfacet
  facet normal -0.798454 0.602056 0
    outer loop
      vertex 32.835 39.4149 2.25
      vertex 31.7492 37.9749 0
      vertex 31.7492 37.9749 2.25
    endloop
  endfacet
  facet normal -0.865995 0.500053 0
    outer loop
      vertex 31.4565 37.468 0
      vertex 31.7492 37.9749 2.25
      vertex 31.7492 37.9749 0
    endloop
  endfacet
  facet normal -0.865995 0.500053 0
    outer loop
      vertex 31.7492 37.9749 2.25
      vertex 31.4565 37.468 0
      vertex 31.4565 37.468 2.25
    endloop
  endfacet
  facet normal -0.917916 0.396776 0
    outer loop
      vertex 30.5217 35.3054 0
      vertex 31.4565 37.468 2.25
      vertex 31.4565 37.468 0
    endloop
  endfacet
  facet normal -0.917916 0.396776 0
    outer loop
      vertex 31.4565 37.468 2.25
      vertex 30.5217 35.3054 0
      vertex 30.5217 35.3054 2.25
    endloop
  endfacet
  facet normal -0.951064 0.308993 0
    outer loop
      vertex 30.3408 34.7486 0
      vertex 30.5217 35.3054 2.25
      vertex 30.5217 35.3054 0
    endloop
  endfacet
  facet normal -0.951064 0.308993 0
    outer loop
      vertex 30.5217 35.3054 2.25
      vertex 30.3408 34.7486 0
      vertex 30.3408 34.7486 2.25
    endloop
  endfacet
  facet normal -0.9671 0.254398 0
    outer loop
      vertex 29.8148 32.749 0
      vertex 30.3408 34.7486 2.25
      vertex 30.3408 34.7486 0
    endloop
  endfacet
  facet normal -0.9671 0.254398 0
    outer loop
      vertex 30.3408 34.7486 2.25
      vertex 29.8148 32.749 0
      vertex 29.8148 32.749 2.25
    endloop
  endfacet
  facet normal -0.985512 0.169605 0
    outer loop
      vertex 29.0908 28.5421 0
      vertex 29.8148 32.749 2.25
      vertex 29.8148 32.749 0
    endloop
  endfacet
  facet normal -0.985512 0.169605 0
    outer loop
      vertex 29.8148 32.749 2.25
      vertex 29.0908 28.5421 0
      vertex 29.0908 28.5421 2.25
    endloop
  endfacet
  facet normal -0.993863 0.110619 0
    outer loop
      vertex 28.4501 22.7857 0
      vertex 29.0908 28.5421 2.25
      vertex 29.0908 28.5421 0
    endloop
  endfacet
  facet normal -0.993863 0.110619 0
    outer loop
      vertex 29.0908 28.5421 2.25
      vertex 28.4501 22.7857 0
      vertex 28.4501 22.7857 2.25
    endloop
  endfacet
  facet normal -0.994519 0.10456 0
    outer loop
      vertex 28.3889 22.2036 0
      vertex 28.4501 22.7857 2.25
      vertex 28.4501 22.7857 0
    endloop
  endfacet
  facet normal -0.994519 0.10456 0
    outer loop
      vertex 28.4501 22.7857 2.25
      vertex 28.3889 22.2036 0
      vertex 28.3889 22.2036 2.25
    endloop
  endfacet
  facet normal -0.99914 0.041469 0
    outer loop
      vertex 28.2928 19.8882 0
      vertex 28.3889 22.2036 2.25
      vertex 28.3889 22.2036 0
    endloop
  endfacet
  facet normal -0.99914 0.041469 0
    outer loop
      vertex 28.3889 22.2036 2.25
      vertex 28.2928 19.8882 0
      vertex 28.2928 19.8882 2.25
    endloop
  endfacet
  facet normal -0.972562 0.232643 0
    outer loop
      vertex 27.48 16.4903 0
      vertex 28.2928 19.8882 2.25
      vertex 28.2928 19.8882 0
    endloop
  endfacet
  facet normal -0.972562 0.232643 0
    outer loop
      vertex 28.2928 19.8882 2.25
      vertex 27.48 16.4903 0
      vertex 27.48 16.4903 2.25
    endloop
  endfacet
  facet normal -0.91308 0.407781 0
    outer loop
      vertex 24.3457 9.47215 0
      vertex 27.48 16.4903 2.25
      vertex 27.48 16.4903 0
    endloop
  endfacet
  facet normal -0.91308 0.407781 0
    outer loop
      vertex 27.48 16.4903 2.25
      vertex 24.3457 9.47215 0
      vertex 24.3457 9.47215 2.25
    endloop
  endfacet
  facet normal -0.785536 0.618815 0
    outer loop
      vertex 20.6299 4.75524 0
      vertex 24.3457 9.47215 2.25
      vertex 24.3457 9.47215 0
    endloop
  endfacet
  facet normal -0.785536 0.618815 0
    outer loop
      vertex 24.3457 9.47215 2.25
      vertex 20.6299 4.75524 0
      vertex 20.6299 4.75524 2.25
    endloop
  endfacet
  facet normal -0.400326 0.916373 0
    outer loop
      vertex 20.6299 4.75524 0
      vertex 17.1434 3.23213 2.25
      vertex 20.6299 4.75524 2.25
    endloop
  endfacet
  facet normal -0.400326 0.916373 0
    outer loop
      vertex 17.1434 3.23213 2.25
      vertex 20.6299 4.75524 0
      vertex 17.1434 3.23213 0
    endloop
  endfacet
  facet normal 0.152899 0.988242 -0
    outer loop
      vertex 17.1434 3.23213 0
      vertex 16.7651 3.29066 2.25
      vertex 17.1434 3.23213 2.25
    endloop
  endfacet
  facet normal 0.152899 0.988242 0
    outer loop
      vertex 16.7651 3.29066 2.25
      vertex 17.1434 3.23213 0
      vertex 16.7651 3.29066 0
    endloop
  endfacet
  facet normal 0.430302 0.902685 -0
    outer loop
      vertex 16.7651 3.29066 0
      vertex 15.9302 3.68865 2.25
      vertex 16.7651 3.29066 2.25
    endloop
  endfacet
  facet normal 0.430302 0.902685 0
    outer loop
      vertex 15.9302 3.68865 2.25
      vertex 16.7651 3.29066 0
      vertex 15.9302 3.68865 0
    endloop
  endfacet
  facet normal 0.63669 0.77112 -0
    outer loop
      vertex 15.9302 3.68865 0
      vertex 14.8285 4.59829 2.25
      vertex 15.9302 3.68865 2.25
    endloop
  endfacet
  facet normal 0.63669 0.77112 0
    outer loop
      vertex 14.8285 4.59829 2.25
      vertex 15.9302 3.68865 0
      vertex 14.8285 4.59829 0
    endloop
  endfacet
  facet normal 0.771582 0.63613 0
    outer loop
      vertex 14.8285 4.59829 2.25
      vertex 13.6763 5.99583 0
      vertex 13.6763 5.99583 2.25
    endloop
  endfacet
  facet normal 0.771582 0.63613 0
    outer loop
      vertex 13.6763 5.99583 0
      vertex 14.8285 4.59829 2.25
      vertex 14.8285 4.59829 0
    endloop
  endfacet
  facet normal 0.886906 0.461951 0
    outer loop
      vertex 13.6763 5.99583 2.25
      vertex 13.1621 6.98305 0
      vertex 13.1621 6.98305 2.25
    endloop
  endfacet
  facet normal 0.886906 0.461951 0
    outer loop
      vertex 13.1621 6.98305 0
      vertex 13.6763 5.99583 2.25
      vertex 13.6763 5.99583 0
    endloop
  endfacet
  facet normal 0.94224 0.334938 0
    outer loop
      vertex 13.1621 6.98305 2.25
      vertex 12.7978 8.00789 0
      vertex 12.7978 8.00789 2.25
    endloop
  endfacet
  facet normal 0.94224 0.334938 0
    outer loop
      vertex 12.7978 8.00789 0
      vertex 13.1621 6.98305 2.25
      vertex 13.1621 6.98305 0
    endloop
  endfacet
  facet normal 0.978732 0.205145 0
    outer loop
      vertex 12.7978 8.00789 2.25
      vertex 12.5401 9.23736 0
      vertex 12.5401 9.23736 2.25
    endloop
  endfacet
  facet normal 0.978732 0.205145 0
    outer loop
      vertex 12.5401 9.23736 0
      vertex 12.7978 8.00789 2.25
      vertex 12.7978 8.00789 0
    endloop
  endfacet
  facet normal 0.997524 0.0703219 0
    outer loop
      vertex 12.5401 9.23736 2.25
      vertex 12.4729 10.1906 0
      vertex 12.4729 10.1906 2.25
    endloop
  endfacet
  facet normal 0.997524 0.0703219 0
    outer loop
      vertex 12.4729 10.1906 0
      vertex 12.5401 9.23736 2.25
      vertex 12.5401 9.23736 0
    endloop
  endfacet
  facet normal 0.990864 -0.134866 0
    outer loop
      vertex 12.4729 10.1906 2.25
      vertex 12.819 12.7334 0
      vertex 12.819 12.7334 2.25
    endloop
  endfacet
  facet normal 0.990864 -0.134866 0
    outer loop
      vertex 12.819 12.7334 0
      vertex 12.4729 10.1906 2.25
      vertex 12.4729 10.1906 0
    endloop
  endfacet
  facet normal 0.922855 -0.385148 0
    outer loop
      vertex 12.819 12.7334 2.25
      vertex 13.7834 15.0442 0
      vertex 13.7834 15.0442 2.25
    endloop
  endfacet
  facet normal 0.922855 -0.385148 0
    outer loop
      vertex 13.7834 15.0442 0
      vertex 12.819 12.7334 2.25
      vertex 12.819 12.7334 0
    endloop
  endfacet
  facet normal 0.793254 -0.608891 0
    outer loop
      vertex 13.7834 15.0442 2.25
      vertex 15.2587 16.9662 0
      vertex 15.2587 16.9662 2.25
    endloop
  endfacet
  facet normal 0.793254 -0.608891 0
    outer loop
      vertex 15.2587 16.9662 0
      vertex 13.7834 15.0442 2.25
      vertex 13.7834 15.0442 0
    endloop
  endfacet
  facet normal 0.592026 -0.805919 0
    outer loop
      vertex 15.2587 16.9662 0
      vertex 17.5959 18.6831 2.25
      vertex 15.2587 16.9662 2.25
    endloop
  endfacet
  facet normal 0.592026 -0.805919 0
    outer loop
      vertex 17.5959 18.6831 2.25
      vertex 15.2587 16.9662 0
      vertex 17.5959 18.6831 0
    endloop
  endfacet
  facet normal 0.627555 -0.778573 0
    outer loop
      vertex 17.5959 18.6831 0
      vertex 18.0037 19.0118 2.25
      vertex 17.5959 18.6831 2.25
    endloop
  endfacet
  facet normal 0.627555 -0.778573 0
    outer loop
      vertex 18.0037 19.0118 2.25
      vertex 17.5959 18.6831 0
      vertex 18.0037 19.0118 0
    endloop
  endfacet
  facet normal 0.743124 -0.669153 0
    outer loop
      vertex 18.0037 19.0118 2.25
      vertex 18.3954 19.4468 0
      vertex 18.3954 19.4468 2.25
    endloop
  endfacet
  facet normal 0.743124 -0.669153 0
    outer loop
      vertex 18.3954 19.4468 0
      vertex 18.0037 19.0118 2.25
      vertex 18.0037 19.0118 0
    endloop
  endfacet
  facet normal 0.830554 -0.556938 0
    outer loop
      vertex 18.3954 19.4468 2.25
      vertex 18.7512 19.9774 0
      vertex 18.7512 19.9774 2.25
    endloop
  endfacet
  facet normal 0.830554 -0.556938 0
    outer loop
      vertex 18.7512 19.9774 0
      vertex 18.3954 19.4468 2.25
      vertex 18.3954 19.4468 0
    endloop
  endfacet
  facet normal 0.866038 -0.499979 0
    outer loop
      vertex 18.7512 19.9774 2.25
      vertex 19.0439 20.4844 0
      vertex 19.0439 20.4844 2.25
    endloop
  endfacet
  facet normal 0.866038 -0.499979 0
    outer loop
      vertex 19.0439 20.4844 0
      vertex 18.7512 19.9774 2.25
      vertex 18.7512 19.9774 0
    endloop
  endfacet
  facet normal 0.936774 -0.349935 0
    outer loop
      vertex 19.0439 20.4844 2.25
      vertex 19.2956 21.1582 0
      vertex 19.2956 21.1582 2.25
    endloop
  endfacet
  facet normal 0.936774 -0.349935 0
    outer loop
      vertex 19.2956 21.1582 0
      vertex 19.0439 20.4844 2.25
      vertex 19.0439 20.4844 0
    endloop
  endfacet
  facet normal 0.951048 -0.309044 0
    outer loop
      vertex 19.2956 21.1582 2.25
      vertex 19.4765 21.7149 0
      vertex 19.4765 21.7149 2.25
    endloop
  endfacet
  facet normal 0.951048 -0.309044 0
    outer loop
      vertex 19.4765 21.7149 0
      vertex 19.2956 21.1582 2.25
      vertex 19.2956 21.1582 0
    endloop
  endfacet
  facet normal 0.992165 -0.124936 0
    outer loop
      vertex 19.4765 21.7149 2.25
      vertex 19.572 22.4733 0
      vertex 19.572 22.4733 2.25
    endloop
  endfacet
  facet normal 0.992165 -0.124936 0
    outer loop
      vertex 19.572 22.4733 0
      vertex 19.4765 21.7149 2.25
      vertex 19.4765 21.7149 0
    endloop
  endfacet
  facet normal 0.99452 -0.104543 0
    outer loop
      vertex 19.572 22.4733 2.25
      vertex 19.6332 23.0555 0
      vertex 19.6332 23.0555 2.25
    endloop
  endfacet
  facet normal 0.99452 -0.104543 0
    outer loop
      vertex 19.6332 23.0555 0
      vertex 19.572 22.4733 2.25
      vertex 19.572 22.4733 0
    endloop
  endfacet
  facet normal 0.994519 0.10456 0
    outer loop
      vertex 19.6332 23.0555 2.25
      vertex 19.572 23.6376 0
      vertex 19.572 23.6376 2.25
    endloop
  endfacet
  facet normal 0.994519 0.10456 0
    outer loop
      vertex 19.572 23.6376 0
      vertex 19.6332 23.0555 2.25
      vertex 19.6332 23.0555 0
    endloop
  endfacet
  facet normal 0.994434 0.105358 0
    outer loop
      vertex 19.572 23.6376 2.25
      vertex 19.5052 24.2681 0
      vertex 19.5052 24.2681 2.25
    endloop
  endfacet
  facet normal 0.994434 0.105358 0
    outer loop
      vertex 19.5052 24.2681 0
      vertex 19.572 23.6376 2.25
      vertex 19.572 23.6376 0
    endloop
  endfacet
  facet normal 0.951048 0.309044 0
    outer loop
      vertex 19.5052 24.2681 2.25
      vertex 19.3243 24.8248 0
      vertex 19.3243 24.8248 2.25
    endloop
  endfacet
  facet normal 0.951048 0.309044 0
    outer loop
      vertex 19.3243 24.8248 0
      vertex 19.5052 24.2681 2.25
      vertex 19.5052 24.2681 0
    endloop
  endfacet
  facet normal 0.941878 0.335955 0
    outer loop
      vertex 19.3243 24.8248 2.25
      vertex 19.1064 25.4357 0
      vertex 19.1064 25.4357 2.25
    endloop
  endfacet
  facet normal 0.941878 0.335955 0
    outer loop
      vertex 19.1064 25.4357 0
      vertex 19.3243 24.8248 2.25
      vertex 19.3243 24.8248 0
    endloop
  endfacet
  facet normal 0.866112 0.499851 0
    outer loop
      vertex 19.1064 25.4357 2.25
      vertex 18.8138 25.9427 0
      vertex 18.8138 25.9427 2.25
    endloop
  endfacet
  facet normal 0.866112 0.499851 0
    outer loop
      vertex 18.8138 25.9427 0
      vertex 19.1064 25.4357 2.25
      vertex 19.1064 25.4357 0
    endloop
  endfacet
  facet normal 0.810178 0.586184 0
    outer loop
      vertex 18.8138 25.9427 2.25
      vertex 18.4189 26.4885 0
      vertex 18.4189 26.4885 2.25
    endloop
  endfacet
  facet normal 0.810178 0.586184 0
    outer loop
      vertex 18.4189 26.4885 0
      vertex 18.8138 25.9427 2.25
      vertex 18.8138 25.9427 0
    endloop
  endfacet
  facet normal 0.743124 0.669153 0
    outer loop
      vertex 18.4189 26.4885 2.25
      vertex 18.0272 26.9235 0
      vertex 18.0272 26.9235 2.25
    endloop
  endfacet
  facet normal 0.743124 0.669153 0
    outer loop
      vertex 18.0272 26.9235 0
      vertex 18.4189 26.4885 2.25
      vertex 18.4189 26.4885 0
    endloop
  endfacet
  facet normal 0.588419 0.808556 -0
    outer loop
      vertex 18.0272 26.9235 0
      vertex 17.4645 27.333 2.25
      vertex 18.0272 26.9235 2.25
    endloop
  endfacet
  facet normal 0.588419 0.808556 0
    outer loop
      vertex 17.4645 27.333 2.25
      vertex 18.0272 26.9235 0
      vertex 17.4645 27.333 0
    endloop
  endfacet
  facet normal 0.743125 0.669152 0
    outer loop
      vertex 17.4645 27.333 2.25
      vertex 17.1687 27.6615 0
      vertex 17.1687 27.6615 2.25
    endloop
  endfacet
  facet normal 0.743125 0.669152 0
    outer loop
      vertex 17.1687 27.6615 0
      vertex 17.4645 27.333 2.25
      vertex 17.4645 27.333 0
    endloop
  endfacet
  facet normal 0.587765 0.809032 -0
    outer loop
      vertex 17.1687 27.6615 0
      vertex 16.6952 28.0055 2.25
      vertex 17.1687 27.6615 2.25
    endloop
  endfacet
  facet normal 0.587765 0.809032 0
    outer loop
      vertex 16.6952 28.0055 2.25
      vertex 17.1687 27.6615 0
      vertex 16.6952 28.0055 0
    endloop
  endfacet
  facet normal 0.563947 0.825811 -0
    outer loop
      vertex 16.6952 28.0055 0
      vertex 16.4139 28.1976 2.25
      vertex 16.6952 28.0055 2.25
    endloop
  endfacet
  facet normal 0.563947 0.825811 0
    outer loop
      vertex 16.4139 28.1976 2.25
      vertex 16.6952 28.0055 0
      vertex 16.4139 28.1976 0
    endloop
  endfacet
  facet normal 0.406725 0.913551 -0
    outer loop
      vertex 16.4139 28.1976 0
      vertex 15.8791 28.4357 2.25
      vertex 16.4139 28.1976 2.25
    endloop
  endfacet
  facet normal 0.406725 0.913551 0
    outer loop
      vertex 15.8791 28.4357 2.25
      vertex 16.4139 28.1976 0
      vertex 15.8791 28.4357 0
    endloop
  endfacet
  facet normal 0.316793 0.948495 -0
    outer loop
      vertex 15.8791 28.4357 0
      vertex 15.577 28.5366 2.25
      vertex 15.8791 28.4357 2.25
    endloop
  endfacet
  facet normal 0.316793 0.948495 0
    outer loop
      vertex 15.577 28.5366 2.25
      vertex 15.8791 28.4357 0
      vertex 15.577 28.5366 0
    endloop
  endfacet
  facet normal 0.207896 0.978151 -0
    outer loop
      vertex 15.577 28.5366 0
      vertex 15.0044 28.6583 2.25
      vertex 15.577 28.5366 2.25
    endloop
  endfacet
  facet normal 0.207896 0.978151 0
    outer loop
      vertex 15.0044 28.6583 2.25
      vertex 15.577 28.5366 0
      vertex 15.0044 28.6583 0
    endloop
  endfacet
  facet normal 0.0903689 0.995908 -0
    outer loop
      vertex 15.0044 28.6583 0
      vertex 14.6815 28.6876 2.25
      vertex 15.0044 28.6583 2.25
    endloop
  endfacet
  facet normal 0.0903689 0.995908 0
    outer loop
      vertex 14.6815 28.6876 2.25
      vertex 15.0044 28.6583 0
      vertex 14.6815 28.6876 0
    endloop
  endfacet
  facet normal 0 1 -0
    outer loop
      vertex 14.6815 28.6876 0
      vertex 14.0961 28.6876 2.25
      vertex 14.6815 28.6876 2.25
    endloop
  endfacet
  facet normal 0 1 0
    outer loop
      vertex 14.0961 28.6876 2.25
      vertex 14.6815 28.6876 0
      vertex 14.0961 28.6876 0
    endloop
  endfacet
  facet normal -0.207896 0.978151 0
    outer loop
      vertex 14.0961 28.6876 0
      vertex 13.5235 28.5659 2.25
      vertex 14.0961 28.6876 2.25
    endloop
  endfacet
  facet normal -0.207896 0.978151 0
    outer loop
      vertex 13.5235 28.5659 2.25
      vertex 14.0961 28.6876 0
      vertex 13.5235 28.5659 0
    endloop
  endfacet
  facet normal -0.289633 0.957138 0
    outer loop
      vertex 13.5235 28.5659 0
      vertex 12.2327 28.1753 2.25
      vertex 13.5235 28.5659 2.25
    endloop
  endfacet
  facet normal -0.289633 0.957138 0
    outer loop
      vertex 12.2327 28.1753 2.25
      vertex 13.5235 28.5659 0
      vertex 12.2327 28.1753 0
    endloop
  endfacet
  facet normal -0.406788 0.913522 0
    outer loop
      vertex 12.2327 28.1753 0
      vertex 11.698 27.9372 2.25
      vertex 12.2327 28.1753 2.25
    endloop
  endfacet
  facet normal -0.406788 0.913522 0
    outer loop
      vertex 11.698 27.9372 2.25
      vertex 12.2327 28.1753 0
      vertex 11.698 27.9372 0
    endloop
  endfacet
  facet normal -0.498649 0.866804 0
    outer loop
      vertex 11.698 27.9372 0
      vertex 10.2041 27.0778 2.25
      vertex 11.698 27.9372 2.25
    endloop
  endfacet
  facet normal -0.498649 0.866804 0
    outer loop
      vertex 10.2041 27.0778 2.25
      vertex 11.698 27.9372 0
      vertex 10.2041 27.0778 0
    endloop
  endfacet
  facet normal -0.466548 0.884496 0
    outer loop
      vertex 10.2041 27.0778 0
      vertex 9.69507 26.8093 2.25
      vertex 10.2041 27.0778 2.25
    endloop
  endfacet
  facet normal -0.466548 0.884496 0
    outer loop
      vertex 9.69507 26.8093 2.25
      vertex 10.2041 27.0778 0
      vertex 9.69507 26.8093 0
    endloop
  endfacet
  facet normal 0.998926 0.0463357 0
    outer loop
      vertex 9.69507 26.8093 2.25
      vertex 9.69045 26.9089 0
      vertex 9.69045 26.9089 2.25
    endloop
  endfacet
  facet normal 0.998926 0.0463357 0
    outer loop
      vertex 9.69045 26.9089 0
      vertex 9.69507 26.8093 2.25
      vertex 9.69507 26.8093 0
    endloop
  endfacet
  facet normal 0.993456 -0.114213 0
    outer loop
      vertex 9.69045 26.9089 2.25
      vertex 10.3177 32.3649 0
      vertex 10.3177 32.3649 2.25
    endloop
  endfacet
  facet normal 0.993456 -0.114213 0
    outer loop
      vertex 10.3177 32.3649 0
      vertex 9.69045 26.9089 2.25
      vertex 9.69045 26.9089 0
    endloop
  endfacet
  facet normal 0.959996 -0.280012 0
    outer loop
      vertex 10.3177 32.3649 2.25
      vertex 12.1314 38.583 0
      vertex 12.1314 38.583 2.25
    endloop
  endfacet
  facet normal 0.959996 -0.280012 0
    outer loop
      vertex 12.1314 38.583 0
      vertex 10.3177 32.3649 2.25
      vertex 10.3177 32.3649 0
    endloop
  endfacet
  facet normal 0.872898 -0.487902 0
    outer loop
      vertex 12.1314 38.583 2.25
      vertex 14.6272 43.0482 0
      vertex 14.6272 43.0482 2.25
    endloop
  endfacet
  facet normal 0.872898 -0.487902 0
    outer loop
      vertex 14.6272 43.0482 0
      vertex 12.1314 38.583 2.25
      vertex 12.1314 38.583 0
    endloop
  endfacet
  facet normal 0.49337 -0.86982 0
    outer loop
      vertex 14.6272 43.0482 0
      vertex 16.1813 43.9297 2.25
      vertex 14.6272 43.0482 2.25
    endloop
  endfacet
  facet normal 0.49337 -0.86982 0
    outer loop
      vertex 16.1813 43.9297 2.25
      vertex 14.6272 43.0482 0
      vertex 16.1813 43.9297 0
    endloop
  endfacet
  facet normal -0.888095 0.459661 0
    outer loop
      vertex 16.1445 43.8586 0
      vertex 16.1813 43.9297 2.25
      vertex 16.1813 43.9297 0
    endloop
  endfacet
  facet normal -0.888095 0.459661 0
    outer loop
      vertex 16.1813 43.9297 2.25
      vertex 16.1445 43.8586 0
      vertex 16.1445 43.8586 2.25
    endloop
  endfacet
  facet normal -0.816009 0.578039 0
    outer loop
      vertex 15.477 42.9163 0
      vertex 16.1445 43.8586 2.25
      vertex 16.1445 43.8586 0
    endloop
  endfacet
  facet normal -0.816009 0.578039 0
    outer loop
      vertex 16.1445 43.8586 2.25
      vertex 15.477 42.9163 0
      vertex 15.477 42.9163 2.25
    endloop
  endfacet
  facet normal -0.779005 0.627017 0
    outer loop
      vertex 14.9015 42.2013 0
      vertex 15.477 42.9163 2.25
      vertex 15.477 42.9163 0
    endloop
  endfacet
  facet normal -0.779005 0.627017 0
    outer loop
      vertex 15.477 42.9163 2.25
      vertex 14.9015 42.2013 0
      vertex 14.9015 42.2013 2.25
    endloop
  endfacet
  facet normal -0.839245 0.543754 0
    outer loop
      vertex 14.6505 41.8139 0
      vertex 14.9015 42.2013 2.25
      vertex 14.9015 42.2013 0
    endloop
  endfacet
  facet normal -0.839245 0.543754 0
    outer loop
      vertex 14.9015 42.2013 2.25
      vertex 14.6505 41.8139 0
      vertex 14.6505 41.8139 2.25
    endloop
  endfacet
  facet normal -0.865995 0.500053 0
    outer loop
      vertex 14.3578 41.307 0
      vertex 14.6505 41.8139 2.25
      vertex 14.6505 41.8139 0
    endloop
  endfacet
  facet normal -0.865995 0.500053 0
    outer loop
      vertex 14.6505 41.8139 2.25
      vertex 14.3578 41.307 0
      vertex 14.3578 41.307 2.25
    endloop
  endfacet
  facet normal -0.924801 0.380451 0
    outer loop
      vertex 14.1851 40.8872 0
      vertex 14.3578 41.307 2.25
      vertex 14.3578 41.307 0
    endloop
  endfacet
  facet normal -0.924801 0.380451 0
    outer loop
      vertex 14.3578 41.307 2.25
      vertex 14.1851 40.8872 0
      vertex 14.1851 40.8872 2.25
    endloop
  endfacet
  facet normal -0.951048 0.309044 0
    outer loop
      vertex 14.0042 40.3305 0
      vertex 14.1851 40.8872 2.25
      vertex 14.1851 40.8872 0
    endloop
  endfacet
  facet normal -0.951048 0.309044 0
    outer loop
      vertex 14.1851 40.8872 2.25
      vertex 14.0042 40.3305 0
      vertex 14.0042 40.3305 2.25
    endloop
  endfacet
  facet normal -0.974452 0.224597 0
    outer loop
      vertex 13.9044 39.8975 0
      vertex 14.0042 40.3305 2.25
      vertex 14.0042 40.3305 0
    endloop
  endfacet
  facet normal -0.974452 0.224597 0
    outer loop
      vertex 14.0042 40.3305 2.25
      vertex 13.9044 39.8975 0
      vertex 13.9044 39.8975 2.25
    endloop
  endfacet
  facet normal -0.99452 0.104543 0
    outer loop
      vertex 13.8432 39.3153 0
      vertex 13.9044 39.8975 2.25
      vertex 13.9044 39.8975 0
    endloop
  endfacet
  facet normal -0.99452 0.104543 0
    outer loop
      vertex 13.9044 39.8975 2.25
      vertex 13.8432 39.3153 0
      vertex 13.8432 39.3153 2.25
    endloop
  endfacet
  facet normal -0.997178 0.075069 0
    outer loop
      vertex 13.8111 38.8889 0
      vertex 13.8432 39.3153 2.25
      vertex 13.8432 39.3153 0
    endloop
  endfacet
  facet normal -0.997178 0.075069 0
    outer loop
      vertex 13.8432 39.3153 2.25
      vertex 13.8111 38.8889 0
      vertex 13.8111 38.8889 2.25
    endloop
  endfacet
  facet normal -0.994519 -0.10456 0
    outer loop
      vertex 13.8723 38.3068 0
      vertex 13.8111 38.8889 2.25
      vertex 13.8111 38.8889 0
    endloop
  endfacet
  facet normal -0.994519 -0.10456 0
    outer loop
      vertex 13.8111 38.8889 2.25
      vertex 13.8723 38.3068 0
      vertex 13.8723 38.3068 2.25
    endloop
  endfacet
  facet normal -0.988978 -0.14806 0
    outer loop
      vertex 13.9912 37.5126 0
      vertex 13.8723 38.3068 2.25
      vertex 13.8723 38.3068 0
    endloop
  endfacet
  facet normal -0.988978 -0.14806 0
    outer loop
      vertex 13.8723 38.3068 2.25
      vertex 13.9912 37.5126 0
      vertex 13.9912 37.5126 2.25
    endloop
  endfacet
  facet normal -0.951064 -0.308993 0
    outer loop
      vertex 14.1721 36.9558 0
      vertex 13.9912 37.5126 2.25
      vertex 13.9912 37.5126 0
    endloop
  endfacet
  facet normal -0.951064 -0.308993 0
    outer loop
      vertex 13.9912 37.5126 2.25
      vertex 14.1721 36.9558 0
      vertex 14.1721 36.9558 2.25
    endloop
  endfacet
  facet normal -0.894185 -0.447698 0
    outer loop
      vertex 14.5046 36.2917 0
      vertex 14.1721 36.9558 2.25
      vertex 14.1721 36.9558 0
    endloop
  endfacet
  facet normal -0.894185 -0.447698 0
    outer loop
      vertex 14.1721 36.9558 2.25
      vertex 14.5046 36.2917 0
      vertex 14.5046 36.2917 2.25
    endloop
  endfacet
  facet normal -0.865995 -0.500053 0
    outer loop
      vertex 14.7973 35.7848 0
      vertex 14.5046 36.2917 2.25
      vertex 14.5046 36.2917 0
    endloop
  endfacet
  facet normal -0.865995 -0.500053 0
    outer loop
      vertex 14.5046 36.2917 2.25
      vertex 14.7973 35.7848 0
      vertex 14.7973 35.7848 2.25
    endloop
  endfacet
  facet normal -0.743209 -0.669059 0
    outer loop
      vertex 15.1889 35.3498 0
      vertex 14.7973 35.7848 2.25
      vertex 14.7973 35.7848 0
    endloop
  endfacet
  facet normal -0.743209 -0.669059 0
    outer loop
      vertex 14.7973 35.7848 2.25
      vertex 15.1889 35.3498 0
      vertex 15.1889 35.3498 2.25
    endloop
  endfacet
  facet normal -0.666667 -0.745356 0
    outer loop
      vertex 15.1889 35.3498 0
      vertex 15.6985 34.894 2.25
      vertex 15.1889 35.3498 2.25
    endloop
  endfacet
  facet normal -0.666667 -0.745356 -0
    outer loop
      vertex 15.6985 34.894 2.25
      vertex 15.1889 35.3498 0
      vertex 15.6985 34.894 0
    endloop
  endfacet
  facet normal -0.587877 -0.80895 0
    outer loop
      vertex 15.6985 34.894 0
      vertex 16.172 34.5499 2.25
      vertex 15.6985 34.894 2.25
    endloop
  endfacet
  facet normal -0.587877 -0.80895 -0
    outer loop
      vertex 16.172 34.5499 2.25
      vertex 15.6985 34.894 0
      vertex 16.172 34.5499 0
    endloop
  endfacet
  facet normal -0.406725 -0.913551 0
    outer loop
      vertex 16.172 34.5499 0
      vertex 16.7068 34.3118 2.25
      vertex 16.172 34.5499 2.25
    endloop
  endfacet
  facet normal -0.406725 -0.913551 -0
    outer loop
      vertex 16.7068 34.3118 2.25
      vertex 16.172 34.5499 0
      vertex 16.7068 34.3118 0
    endloop
  endfacet
  facet normal -0.251943 -0.967742 0
    outer loop
      vertex 16.7068 34.3118 0
      vertex 17.3571 34.1425 2.25
      vertex 16.7068 34.3118 2.25
    endloop
  endfacet
  facet normal -0.251943 -0.967742 -0
    outer loop
      vertex 17.3571 34.1425 2.25
      vertex 16.7068 34.3118 0
      vertex 17.3571 34.1425 0
    endloop
  endfacet
  facet normal -0.207896 -0.978151 0
    outer loop
      vertex 17.3571 34.1425 0
      vertex 17.9297 34.0208 2.25
      vertex 17.3571 34.1425 2.25
    endloop
  endfacet
  facet normal -0.207896 -0.978151 -0
    outer loop
      vertex 17.9297 34.0208 2.25
      vertex 17.3571 34.1425 0
      vertex 17.9297 34.0208 0
    endloop
  endfacet
  facet normal 0 -1 0
    outer loop
      vertex 17.9297 34.0208 0
      vertex 18.515 34.0208 2.25
      vertex 17.9297 34.0208 2.25
    endloop
  endfacet
  facet normal 0 -1 -0
    outer loop
      vertex 18.515 34.0208 2.25
      vertex 17.9297 34.0208 0
      vertex 18.515 34.0208 0
    endloop
  endfacet
  facet normal 0.166107 -0.986108 0
    outer loop
      vertex 18.515 34.0208 0
      vertex 18.9923 34.1012 2.25
      vertex 18.515 34.0208 2.25
    endloop
  endfacet
  facet normal 0.166107 -0.986108 0
    outer loop
      vertex 18.9923 34.1012 2.25
      vertex 18.515 34.0208 0
      vertex 18.9923 34.1012 0
    endloop
  endfacet
  facet normal 0.207896 -0.978151 0
    outer loop
      vertex 18.9923 34.1012 0
      vertex 19.5649 34.2229 2.25
      vertex 18.9923 34.1012 2.25
    endloop
  endfacet
  facet normal 0.207896 -0.978151 0
    outer loop
      vertex 19.5649 34.2229 2.25
      vertex 18.9923 34.1012 0
      vertex 19.5649 34.2229 0
    endloop
  endfacet
  facet normal 0.406788 -0.913522 0
    outer loop
      vertex 19.5649 34.2229 0
      vertex 20.0996 34.461 2.25
      vertex 19.5649 34.2229 2.25
    endloop
  endfacet
  facet normal 0.406788 -0.913522 0
    outer loop
      vertex 20.0996 34.461 2.25
      vertex 19.5649 34.2229 0
      vertex 20.0996 34.461 0
    endloop
  endfacet
  facet normal 0.440495 -0.897755 0
    outer loop
      vertex 20.0996 34.461 0
      vertex 20.6083 34.7106 2.25
      vertex 20.0996 34.461 2.25
    endloop
  endfacet
  facet normal 0.440495 -0.897755 0
    outer loop
      vertex 20.6083 34.7106 2.25
      vertex 20.0996 34.461 0
      vertex 20.6083 34.7106 0
    endloop
  endfacet
  facet normal 0.587877 -0.80895 0
    outer loop
      vertex 20.6083 34.7106 0
      vertex 21.0818 35.0547 2.25
      vertex 20.6083 34.7106 2.25
    endloop
  endfacet
  facet normal 0.587877 -0.80895 0
    outer loop
      vertex 21.0818 35.0547 2.25
      vertex 20.6083 34.7106 0
      vertex 21.0818 35.0547 0
    endloop
  endfacet
  facet normal 0.632074 -0.774908 0
    outer loop
      vertex 21.0818 35.0547 0
      vertex 21.6113 35.4866 2.25
      vertex 21.0818 35.0547 2.25
    endloop
  endfacet
  facet normal 0.632074 -0.774908 0
    outer loop
      vertex 21.6113 35.4866 2.25
      vertex 21.0818 35.0547 0
      vertex 21.6113 35.4866 0
    endloop
  endfacet
  facet normal 0.743124 -0.669153 0
    outer loop
      vertex 21.6113 35.4866 2.25
      vertex 22.003 35.9216 0
      vertex 22.003 35.9216 2.25
    endloop
  endfacet
  facet normal 0.743124 -0.669153 0
    outer loop
      vertex 22.003 35.9216 0
      vertex 21.6113 35.4866 2.25
      vertex 21.6113 35.4866 0
    endloop
  endfacet
  facet normal 0.757839 -0.652442 0
    outer loop
      vertex 22.003 35.9216 2.25
      vertex 22.5428 36.5486 0
      vertex 22.5428 36.5486 2.25
    endloop
  endfacet
  facet normal 0.757839 -0.652442 0
    outer loop
      vertex 22.5428 36.5486 0
      vertex 22.003 35.9216 2.25
      vertex 22.003 35.9216 0
    endloop
  endfacet
  facet normal 0.780845 -0.624725 0
    outer loop
      vertex 22.5428 36.5486 2.25
      vertex 24.063 38.4487 0
      vertex 24.063 38.4487 2.25
    endloop
  endfacet
  facet normal 0.780845 -0.624725 0
    outer loop
      vertex 24.063 38.4487 0
      vertex 22.5428 36.5486 2.25
      vertex 22.5428 36.5486 0
    endloop
  endfacet
  facet normal 0.865995 -0.500053 0
    outer loop
      vertex 24.063 38.4487 2.25
      vertex 24.3557 38.9556 0
      vertex 24.3557 38.9556 2.25
    endloop
  endfacet
  facet normal 0.865995 -0.500053 0
    outer loop
      vertex 24.3557 38.9556 0
      vertex 24.063 38.4487 2.25
      vertex 24.063 38.4487 0
    endloop
  endfacet
  facet normal 0.875817 -0.482643 0
    outer loop
      vertex 24.3557 38.9556 2.25
      vertex 25.3704 40.7969 0
      vertex 25.3704 40.7969 2.25
    endloop
  endfacet
  facet normal 0.875817 -0.482643 0
    outer loop
      vertex 25.3704 40.7969 0
      vertex 24.3557 38.9556 2.25
      vertex 24.3557 38.9556 0
    endloop
  endfacet
  facet normal 0.951064 -0.308993 0
    outer loop
      vertex 25.3704 40.7969 2.25
      vertex 25.5513 41.3537 0
      vertex 25.5513 41.3537 2.25
    endloop
  endfacet
  facet normal 0.951064 -0.308993 0
    outer loop
      vertex 25.5513 41.3537 0
      vertex 25.3704 40.7969 2.25
      vertex 25.3704 40.7969 0
    endloop
  endfacet
  facet normal 0.952665 -0.30402 0
    outer loop
      vertex 25.5513 41.3537 2.25
      vertex 26.1181 43.1298 0
      vertex 26.1181 43.1298 2.25
    endloop
  endfacet
  facet normal 0.952665 -0.30402 0
    outer loop
      vertex 26.1181 43.1298 0
      vertex 25.5513 41.3537 2.25
      vertex 25.5513 41.3537 0
    endloop
  endfacet
  facet normal 0.994519 -0.10456 0
    outer loop
      vertex 26.1181 43.1298 2.25
      vertex 26.1793 43.7119 0
      vertex 26.1793 43.7119 2.25
    endloop
  endfacet
  facet normal 0.994519 -0.10456 0
    outer loop
      vertex 26.1793 43.7119 0
      vertex 26.1181 43.1298 2.25
      vertex 26.1181 43.1298 0
    endloop
  endfacet
  facet normal 0.9947 -0.10282 0
    outer loop
      vertex 26.1793 43.7119 2.25
      vertex 26.3555 45.4165 0
      vertex 26.3555 45.4165 2.25
    endloop
  endfacet
  facet normal 0.9947 -0.10282 0
    outer loop
      vertex 26.3555 45.4165 0
      vertex 26.1793 43.7119 2.25
      vertex 26.1793 43.7119 0
    endloop
  endfacet
  facet normal 0.994536 0.104391 0
    outer loop
      vertex 26.3555 45.4165 2.25
      vertex 26.2944 45.9986 0
      vertex 26.2944 45.9986 2.25
    endloop
  endfacet
  facet normal 0.994536 0.104391 0
    outer loop
      vertex 26.2944 45.9986 0
      vertex 26.3555 45.4165 2.25
      vertex 26.3555 45.4165 0
    endloop
  endfacet
  facet normal 0.979914 0.199423 0
    outer loop
      vertex 26.2944 45.9986 2.25
      vertex 25.6034 49.394 0
      vertex 25.6034 49.394 2.25
    endloop
  endfacet
  facet normal 0.979914 0.199423 0
    outer loop
      vertex 25.6034 49.394 0
      vertex 26.2944 45.9986 2.25
      vertex 26.2944 45.9986 0
    endloop
  endfacet
  facet normal 0.951098 0.308889 0
    outer loop
      vertex 25.6034 49.394 2.25
      vertex 25.4226 49.9507 0
      vertex 25.4226 49.9507 2.25
    endloop
  endfacet
  facet normal 0.951098 0.308889 0
    outer loop
      vertex 25.4226 49.9507 0
      vertex 25.6034 49.394 2.25
      vertex 25.6034 49.394 0
    endloop
  endfacet
  facet normal 0.866038 0.499979 0
    outer loop
      vertex 25.4226 49.9507 2.25
      vertex 25.1299 50.4577 0
      vertex 25.1299 50.4577 2.25
    endloop
  endfacet
  facet normal 0.866038 0.499979 0
    outer loop
      vertex 25.1299 50.4577 0
      vertex 25.4226 49.9507 2.25
      vertex 25.4226 49.9507 0
    endloop
  endfacet
  facet normal 0.859854 0.510539 0
    outer loop
      vertex 25.1299 50.4577 2.25
      vertex 23.5431 53.1302 0
      vertex 23.5431 53.1302 2.25
    endloop
  endfacet
  facet normal 0.859854 0.510539 0
    outer loop
      vertex 23.5431 53.1302 0
      vertex 25.1299 50.4577 2.25
      vertex 25.1299 50.4577 0
    endloop
  endfacet
  facet normal 0.743201 0.669069 0
    outer loop
      vertex 23.5431 53.1302 2.25
      vertex 23.1514 53.5653 0
      vertex 23.1514 53.5653 2.25
    endloop
  endfacet
  facet normal 0.743201 0.669069 0
    outer loop
      vertex 23.1514 53.5653 0
      vertex 23.5431 53.1302 2.25
      vertex 23.5431 53.1302 0
    endloop
  endfacet
  facet normal 0.711224 0.702966 0
    outer loop
      vertex 23.1514 53.5653 2.25
      vertex 21.3979 55.3394 0
      vertex 21.3979 55.3394 2.25
    endloop
  endfacet
  facet normal 0.711224 0.702966 0
    outer loop
      vertex 21.3979 55.3394 0
      vertex 23.1514 53.5653 2.25
      vertex 23.1514 53.5653 0
    endloop
  endfacet
  facet normal 0.587796 0.809009 -0
    outer loop
      vertex 21.3979 55.3394 0
      vertex 20.9243 55.6835 2.25
      vertex 21.3979 55.3394 2.25
    endloop
  endfacet
  facet normal 0.587796 0.809009 0
    outer loop
      vertex 20.9243 55.6835 2.25
      vertex 21.3979 55.3394 0
      vertex 20.9243 55.6835 0
    endloop
  endfacet
  facet normal 0.506565 0.862202 -0
    outer loop
      vertex 20.9243 55.6835 0
      vertex 19.7332 56.3833 2.25
      vertex 20.9243 55.6835 2.25
    endloop
  endfacet
  facet normal 0.506565 0.862202 0
    outer loop
      vertex 19.7332 56.3833 2.25
      vertex 20.9243 55.6835 0
      vertex 19.7332 56.3833 0
    endloop
  endfacet
  facet normal 0.406725 0.913551 -0
    outer loop
      vertex 19.7332 56.3833 0
      vertex 19.1984 56.6214 2.25
      vertex 19.7332 56.3833 2.25
    endloop
  endfacet
  facet normal 0.406725 0.913551 0
    outer loop
      vertex 19.1984 56.6214 2.25
      vertex 19.7332 56.3833 0
      vertex 19.1984 56.6214 0
    endloop
  endfacet
  facet normal 0.263967 0.964532 -0
    outer loop
      vertex 19.1984 56.6214 0
      vertex 18.1994 56.8948 2.25
      vertex 19.1984 56.6214 2.25
    endloop
  endfacet
  facet normal 0.263967 0.964532 0
    outer loop
      vertex 18.1994 56.8948 2.25
      vertex 19.1984 56.6214 0
      vertex 18.1994 56.8948 0
    endloop
  endfacet
  facet normal 0.207896 0.978151 -0
    outer loop
      vertex 18.1994 56.8948 0
      vertex 17.6268 57.0165 2.25
      vertex 18.1994 56.8948 2.25
    endloop
  endfacet
  facet normal 0.207896 0.978151 0
    outer loop
      vertex 17.6268 57.0165 2.25
      vertex 18.1994 56.8948 0
      vertex 17.6268 57.0165 0
    endloop
  endfacet
  facet normal 0.192812 0.981236 -0
    outer loop
      vertex 17.6268 57.0165 0
      vertex 16.6329 57.2118 2.25
      vertex 17.6268 57.0165 2.25
    endloop
  endfacet
  facet normal 0.192812 0.981236 0
    outer loop
      vertex 16.6329 57.2118 2.25
      vertex 17.6268 57.0165 0
      vertex 16.6329 57.2118 0
    endloop
  endfacet
  facet normal 0.118329 0.992974 -0
    outer loop
      vertex 16.6329 57.2118 0
      vertex 15.6494 57.329 2.25
      vertex 16.6329 57.2118 2.25
    endloop
  endfacet
  facet normal 0.118329 0.992974 0
    outer loop
      vertex 15.6494 57.329 2.25
      vertex 16.6329 57.2118 0
      vertex 15.6494 57.329 0
    endloop
  endfacet
  facet normal 0.0403638 0.999185 -0
    outer loop
      vertex 15.6494 57.329 0
      vertex 14.6815 57.3681 2.25
      vertex 15.6494 57.329 2.25
    endloop
  endfacet
  facet normal 0.0403638 0.999185 0
    outer loop
      vertex 14.6815 57.3681 2.25
      vertex 15.6494 57.329 0
      vertex 14.6815 57.3681 0
    endloop
  endfacet
  facet normal 0 1 -0
    outer loop
      vertex 14.6815 57.3681 0
      vertex 14.0961 57.3681 2.25
      vertex 14.6815 57.3681 2.25
    endloop
  endfacet
  facet normal 0 1 0
    outer loop
      vertex 14.0961 57.3681 2.25
      vertex 14.6815 57.3681 0
      vertex 14.0961 57.3681 0
    endloop
  endfacet
  facet normal -0.207896 0.978151 0
    outer loop
      vertex 14.0961 57.3681 0
      vertex 13.5235 57.2464 2.25
      vertex 14.0961 57.3681 2.25
    endloop
  endfacet
  facet normal -0.207896 0.978151 0
    outer loop
      vertex 13.5235 57.2464 2.25
      vertex 14.0961 57.3681 0
      vertex 13.5235 57.2464 0
    endloop
  endfacet
  facet normal -0.283783 0.958889 0
    outer loop
      vertex 13.5235 57.2464 0
      vertex 7.03051 55.3248 2.25
      vertex 13.5235 57.2464 2.25
    endloop
  endfacet
  facet normal -0.283783 0.958889 0
    outer loop
      vertex 7.03051 55.3248 2.25
      vertex 13.5235 57.2464 0
      vertex 7.03051 55.3248 0
    endloop
  endfacet
  facet normal -0.40675 0.913539 0
    outer loop
      vertex 7.03051 55.3248 0
      vertex 6.49575 55.0867 2.25
      vertex 7.03051 55.3248 2.25
    endloop
  endfacet
  facet normal -0.40675 0.913539 0
    outer loop
      vertex 6.49575 55.0867 2.25
      vertex 7.03051 55.3248 0
      vertex 6.49575 55.0867 0
    endloop
  endfacet
  facet normal -0.587828 0.808986 0
    outer loop
      vertex 6.49575 55.0867 0
      vertex 6.02219 54.7426 2.25
      vertex 6.49575 55.0867 2.25
    endloop
  endfacet
  facet normal -0.587828 0.808986 0
    outer loop
      vertex 6.02219 54.7426 2.25
      vertex 6.49575 55.0867 0
      vertex 6.02219 54.7426 0
    endloop
  endfacet
  facet normal -0.702726 0.71146 0
    outer loop
      vertex 6.02219 54.7426 0
      vertex 0.94577 49.7285 2.25
      vertex 6.02219 54.7426 2.25
    endloop
  endfacet
  facet normal -0.702726 0.71146 0
    outer loop
      vertex 0.94577 49.7285 2.25
      vertex 6.02219 54.7426 0
      vertex 0.94577 49.7285 0
    endloop
  endfacet
  facet normal -0.74314 0.669136 0
    outer loop
      vertex 0.554089 49.2935 0
      vertex 0.94577 49.7285 2.25
      vertex 0.94577 49.7285 0
    endloop
  endfacet
  facet normal -0.74314 0.669136 0
    outer loop
      vertex 0.94577 49.7285 2.25
      vertex 0.554089 49.2935 0
      vertex 0.554089 49.2935 2.25
    endloop
  endfacet
  facet normal -0.86601 0.500026 0
    outer loop
      vertex 0.26141 48.7866 0
      vertex 0.554089 49.2935 2.25
      vertex 0.554089 49.2935 0
    endloop
  endfacet
  facet normal -0.86601 0.500026 0
    outer loop
      vertex 0.554089 49.2935 2.25
      vertex 0.26141 48.7866 0
      vertex 0.26141 48.7866 2.25
    endloop
  endfacet
  facet normal -0.903781 0.427994 0
    outer loop
      vertex -3.04413 41.8064 0
      vertex 0.26141 48.7866 2.25
      vertex 0.26141 48.7866 0
    endloop
  endfacet
  facet normal -0.903781 0.427994 0
    outer loop
      vertex 0.26141 48.7866 2.25
      vertex -3.04413 41.8064 0
      vertex -3.04413 41.8064 2.25
    endloop
  endfacet
  facet normal -0.951069 0.308978 0
    outer loop
      vertex -3.22502 41.2496 0
      vertex -3.04413 41.8064 2.25
      vertex -3.04413 41.8064 0
    endloop
  endfacet
  facet normal -0.951069 0.308978 0
    outer loop
      vertex -3.04413 41.8064 2.25
      vertex -3.22502 41.2496 0
      vertex -3.22502 41.2496 2.25
    endloop
  endfacet
  facet normal -0.988796 0.149273 0
    outer loop
      vertex -4.40556 33.4296 0
      vertex -3.22502 41.2496 2.25
      vertex -3.22502 41.2496 0
    endloop
  endfacet
  facet normal -0.988796 0.149273 0
    outer loop
      vertex -3.22502 41.2496 2.25
      vertex -4.40556 33.4296 0
      vertex -4.40556 33.4296 2.25
    endloop
  endfacet
  facet normal -0.994522 0.104526 0
    outer loop
      vertex -4.46675 32.8474 0
      vertex -4.40556 33.4296 2.25
      vertex -4.40556 33.4296 0
    endloop
  endfacet
  facet normal -0.994522 0.104526 0
    outer loop
      vertex -4.40556 33.4296 2.25
      vertex -4.46675 32.8474 0
      vertex -4.46675 32.8474 2.25
    endloop
  endfacet
  facet normal -0.996287 -0.0860978 0
    outer loop
      vertex -4.11341 28.7587 0
      vertex -4.46675 32.8474 2.25
      vertex -4.46675 32.8474 0
    endloop
  endfacet
  facet normal -0.996287 -0.0860978 0
    outer loop
      vertex -4.46675 32.8474 2.25
      vertex -4.11341 28.7587 0
      vertex -4.11341 28.7587 2.25
    endloop
  endfacet
  facet normal -0.994524 -0.104509 0
    outer loop
      vertex -4.05223 28.1765 0
      vertex -4.11341 28.7587 2.25
      vertex -4.11341 28.7587 0
    endloop
  endfacet
  facet normal -0.994524 -0.104509 0
    outer loop
      vertex -4.11341 28.7587 2.25
      vertex -4.05223 28.1765 0
      vertex -4.05223 28.1765 2.25
    endloop
  endfacet
  facet normal -0.961233 -0.275737 0
    outer loop
      vertex -2.95408 24.3483 0
      vertex -4.05223 28.1765 2.25
      vertex -4.05223 28.1765 0
    endloop
  endfacet
  facet normal -0.961233 -0.275737 0
    outer loop
      vertex -4.05223 28.1765 2.25
      vertex -2.95408 24.3483 0
      vertex -2.95408 24.3483 2.25
    endloop
  endfacet
  facet normal -0.951058 -0.309013 0
    outer loop
      vertex -2.7732 23.7916 0
      vertex -2.95408 24.3483 2.25
      vertex -2.95408 24.3483 0
    endloop
  endfacet
  facet normal -0.951058 -0.309013 0
    outer loop
      vertex -2.95408 24.3483 2.25
      vertex -2.7732 23.7916 0
      vertex -2.7732 23.7916 2.25
    endloop
  endfacet
  facet normal -0.873621 -0.486607 0
    outer loop
      vertex -0.87305 20.3802 0
      vertex -2.7732 23.7916 2.25
      vertex -2.7732 23.7916 0
    endloop
  endfacet
  facet normal -0.873621 -0.486607 0
    outer loop
      vertex -2.7732 23.7916 2.25
      vertex -0.87305 20.3802 0
      vertex -0.87305 20.3802 2.25
    endloop
  endfacet
  facet normal -0.86601 -0.500026 0
    outer loop
      vertex -0.580371 19.8733 0
      vertex -0.87305 20.3802 2.25
      vertex -0.87305 20.3802 0
    endloop
  endfacet
  facet normal -0.86601 -0.500026 0
    outer loop
      vertex -0.87305 20.3802 2.25
      vertex -0.580371 19.8733 0
      vertex -0.580371 19.8733 2.25
    endloop
  endfacet
  facet normal -0.74314 -0.669136 0
    outer loop
      vertex -0.18869 19.4383 0
      vertex -0.580371 19.8733 2.25
      vertex -0.580371 19.8733 0
    endloop
  endfacet
  facet normal -0.74314 -0.669136 0
    outer loop
      vertex -0.580371 19.8733 2.25
      vertex -0.18869 19.4383 0
      vertex -0.18869 19.4383 2.25
    endloop
  endfacet
  facet normal -0.717043 -0.697029 0
    outer loop
      vertex 0.915894 18.302 0
      vertex -0.18869 19.4383 2.25
      vertex -0.18869 19.4383 0
    endloop
  endfacet
  facet normal -0.717043 -0.697029 0
    outer loop
      vertex -0.18869 19.4383 2.25
      vertex 0.915894 18.302 0
      vertex 0.915894 18.302 2.25
    endloop
  endfacet
  facet normal -0.848356 0.529427 0
    outer loop
      vertex 0.344128 17.3858 0
      vertex 0.915894 18.302 2.25
      vertex 0.915894 18.302 0
    endloop
  endfacet
  facet normal -0.848356 0.529427 0
    outer loop
      vertex 0.915894 18.302 2.25
      vertex 0.344128 17.3858 0
      vertex 0.344128 17.3858 2.25
    endloop
  endfacet
  facet normal -0.86601 0.500026 0
    outer loop
      vertex 0.0514488 16.8789 0
      vertex 0.344128 17.3858 2.25
      vertex 0.344128 17.3858 0
    endloop
  endfacet
  facet normal -0.86601 0.500026 0
    outer loop
      vertex 0.344128 17.3858 2.25
      vertex 0.0514488 16.8789 0
      vertex 0.0514488 16.8789 2.25
    endloop
  endfacet
  facet normal -0.915175 0.403056 0
    outer loop
      vertex -1.16907 14.1076 0
      vertex 0.0514488 16.8789 2.25
      vertex 0.0514488 16.8789 0
    endloop
  endfacet
  facet normal -0.915175 0.403056 0
    outer loop
      vertex 0.0514488 16.8789 2.25
      vertex -1.16907 14.1076 0
      vertex -1.16907 14.1076 2.25
    endloop
  endfacet
  facet normal -0.951053 0.309028 0
    outer loop
      vertex -1.34996 13.5509 0
      vertex -1.16907 14.1076 2.25
      vertex -1.16907 14.1076 0
    endloop
  endfacet
  facet normal -0.951053 0.309028 0
    outer loop
      vertex -1.16907 14.1076 2.25
      vertex -1.34996 13.5509 0
      vertex -1.34996 13.5509 2.25
    endloop
  endfacet
  facet normal -0.967305 0.253615 0
    outer loop
      vertex -2.02879 10.9618 0
      vertex -1.34996 13.5509 2.25
      vertex -1.34996 13.5509 0
    endloop
  endfacet
  facet normal -0.967305 0.253615 0
    outer loop
      vertex -1.34996 13.5509 2.25
      vertex -2.02879 10.9618 0
      vertex -2.02879 10.9618 2.25
    endloop
  endfacet
  facet normal -0.994522 0.104526 0
    outer loop
      vertex -2.08998 10.3796 0
      vertex -2.02879 10.9618 2.25
      vertex -2.02879 10.9618 0
    endloop
  endfacet
  facet normal -0.994522 0.104526 0
    outer loop
      vertex -2.02879 10.9618 2.25
      vertex -2.08998 10.3796 0
      vertex -2.08998 10.3796 2.25
    endloop
  endfacet
  facet normal -0.996173 0.0874061 0
    outer loop
      vertex -2.3 7.98599 0
      vertex -2.08998 10.3796 2.25
      vertex -2.08998 10.3796 0
    endloop
  endfacet
  facet normal -0.996173 0.0874061 0
    outer loop
      vertex -2.08998 10.3796 2.25
      vertex -2.3 7.98599 0
      vertex -2.3 7.98599 2.25
    endloop
  endfacet
  facet normal -0.994521 -0.104534 0
    outer loop
      vertex -2.23881 7.40384 0
      vertex -2.3 7.98599 2.25
      vertex -2.3 7.98599 0
    endloop
  endfacet
  facet normal -0.994521 -0.104534 0
    outer loop
      vertex -2.3 7.98599 2.25
      vertex -2.23881 7.40384 0
      vertex -2.23881 7.40384 2.25
    endloop
  endfacet
  facet normal -0.985419 -0.170143 0
    outer loop
      vertex -1.46544 2.9247 0
      vertex -2.23881 7.40384 2.25
      vertex -2.23881 7.40384 0
    endloop
  endfacet
  facet normal -0.985419 -0.170143 0
    outer loop
      vertex -2.23881 7.40384 2.25
      vertex -1.46544 2.9247 0
      vertex -1.46544 2.9247 2.25
    endloop
  endfacet
  facet normal -0.951055 -0.309023 0
    outer loop
      vertex -1.28455 2.36799 0
      vertex -1.46544 2.9247 2.25
      vertex -1.46544 2.9247 0
    endloop
  endfacet
  facet normal -0.951055 -0.309023 0
    outer loop
      vertex -1.46544 2.9247 2.25
      vertex -1.28455 2.36799 0
      vertex -1.28455 2.36799 2.25
    endloop
  endfacet
  facet normal -0.889867 -0.45622 0
    outer loop
      vertex 0.504513 -1.12162 0
      vertex -1.28455 2.36799 2.25
      vertex -1.28455 2.36799 0
    endloop
  endfacet
  facet normal -0.889867 -0.45622 0
    outer loop
      vertex -1.28455 2.36799 2.25
      vertex 0.504513 -1.12162 0
      vertex 0.504513 -1.12162 2.25
    endloop
  endfacet
  facet normal -0.866028 -0.499996 0
    outer loop
      vertex 0.797192 -1.62856 0
      vertex 0.504513 -1.12162 2.25
      vertex 0.504513 -1.12162 0
    endloop
  endfacet
  facet normal -0.866028 -0.499996 0
    outer loop
      vertex 0.504513 -1.12162 2.25
      vertex 0.797192 -1.62856 0
      vertex 0.797192 -1.62856 2.25
    endloop
  endfacet
  facet normal -0.769837 -0.638241 0
    outer loop
      vertex 2.805 -4.05035 0
      vertex 0.797192 -1.62856 2.25
      vertex 0.797192 -1.62856 0
    endloop
  endfacet
  facet normal -0.769837 -0.638241 0
    outer loop
      vertex 0.797192 -1.62856 2.25
      vertex 2.805 -4.05035 0
      vertex 2.805 -4.05035 2.25
    endloop
  endfacet
  facet normal -0.74314 -0.669136 0
    outer loop
      vertex 3.19669 -4.48536 0
      vertex 2.805 -4.05035 2.25
      vertex 2.805 -4.05035 0
    endloop
  endfacet
  facet normal -0.74314 -0.669136 0
    outer loop
      vertex 2.805 -4.05035 2.25
      vertex 3.19669 -4.48536 0
      vertex 3.19669 -4.48536 2.25
    endloop
  endfacet
  facet normal -0.665838 -0.746097 0
    outer loop
      vertex 3.19669 -4.48536 0
      vertex 4.62643 -5.7613 2.25
      vertex 3.19669 -4.48536 2.25
    endloop
  endfacet
  facet normal -0.665838 -0.746097 -0
    outer loop
      vertex 4.62643 -5.7613 2.25
      vertex 3.19669 -4.48536 0
      vertex 4.62643 -5.7613 0
    endloop
  endfacet
  facet normal -0.587775 -0.809024 0
    outer loop
      vertex 4.62643 -5.7613 0
      vertex 5.1 -6.10536 2.25
      vertex 4.62643 -5.7613 2.25
    endloop
  endfacet
  facet normal -0.587775 -0.809024 -0
    outer loop
      vertex 5.1 -6.10536 2.25
      vertex 4.62643 -5.7613 0
      vertex 5.1 -6.10536 0
    endloop
  endfacet
  facet normal -0.563364 -0.826209 0
    outer loop
      vertex 5.1 -6.10536 0
      vertex 7.13216 -7.49102 2.25
      vertex 5.1 -6.10536 2.25
    endloop
  endfacet
  facet normal -0.563364 -0.826209 -0
    outer loop
      vertex 7.13216 -7.49102 2.25
      vertex 5.1 -6.10536 0
      vertex 7.13216 -7.49102 0
    endloop
  endfacet
  facet normal -0.425995 -0.904726 0
    outer loop
      vertex 7.13216 -7.49102 0
      vertex 9.14864 -8.44049 2.25
      vertex 7.13216 -7.49102 2.25
    endloop
  endfacet
  facet normal -0.425995 -0.904726 -0
    outer loop
      vertex 9.14864 -8.44049 2.25
      vertex 7.13216 -7.49102 0
      vertex 9.14864 -8.44049 0
    endloop
  endfacet
  facet normal -0.406736 -0.913546 0
    outer loop
      vertex 9.14864 -8.44049 0
      vertex 9.6834 -8.67858 2.25
      vertex 9.14864 -8.44049 2.25
    endloop
  endfacet
  facet normal -0.406736 -0.913546 -0
    outer loop
      vertex 9.6834 -8.67858 2.25
      vertex 9.14864 -8.44049 0
      vertex 9.6834 -8.67858 0
    endloop
  endfacet
  facet normal -0.262477 -0.964938 0
    outer loop
      vertex 9.6834 -8.67858 0
      vertex 11.6894 -9.22424 2.25
      vertex 9.6834 -8.67858 2.25
    endloop
  endfacet
  facet normal -0.262477 -0.964938 -0
    outer loop
      vertex 11.6894 -9.22424 2.25
      vertex 9.6834 -8.67858 0
      vertex 11.6894 -9.22424 0
    endloop
  endfacet
  facet normal -0.207896 -0.978151 0
    outer loop
      vertex 11.6894 -9.22424 0
      vertex 12.262 -9.34594 2.25
      vertex 11.6894 -9.22424 2.25
    endloop
  endfacet
  facet normal -0.207896 -0.978151 -0
    outer loop
      vertex 12.262 -9.34594 2.25
      vertex 11.6894 -9.22424 0
      vertex 12.262 -9.34594 0
    endloop
  endfacet
  facet normal -0.0869848 -0.99621 0
    outer loop
      vertex 12.262 -9.34594 0
      vertex 14.2629 -9.52065 2.25
      vertex 12.262 -9.34594 2.25
    endloop
  endfacet
  facet normal -0.0869848 -0.99621 -0
    outer loop
      vertex 14.2629 -9.52065 2.25
      vertex 12.262 -9.34594 0
      vertex 14.2629 -9.52065 0
    endloop
  endfacet
  facet normal 0 -1 0
    outer loop
      vertex 14.2629 -9.52065 0
      vertex 14.8482 -9.52065 2.25
      vertex 14.2629 -9.52065 2.25
    endloop
  endfacet
  facet normal 0 -1 -0
    outer loop
      vertex 14.8482 -9.52065 2.25
      vertex 14.2629 -9.52065 0
      vertex 14.8482 -9.52065 0
    endloop
  endfacet
  facet normal 0.207896 -0.978151 0
    outer loop
      vertex 14.8482 -9.52065 0
      vertex 15.4208 -9.39895 2.25
      vertex 14.8482 -9.52065 2.25
    endloop
  endfacet
  facet normal 0.207896 -0.978151 0
    outer loop
      vertex 15.4208 -9.39895 2.25
      vertex 14.8482 -9.52065 0
      vertex 15.4208 -9.39895 0
    endloop
  endfacet
  facet normal 0.333984 -0.942579 0
    outer loop
      vertex 15.4208 -9.39895 0
      vertex 23.2819 -6.61353 2.25
      vertex 15.4208 -9.39895 2.25
    endloop
  endfacet
  facet normal 0.333984 -0.942579 0
    outer loop
      vertex 23.2819 -6.61353 2.25
      vertex 15.4208 -9.39895 0
      vertex 23.2819 -6.61353 0
    endloop
  endfacet
  facet normal 0.406696 -0.913563 0
    outer loop
      vertex 23.2819 -6.61353 0
      vertex 23.8167 -6.37545 2.25
      vertex 23.2819 -6.61353 2.25
    endloop
  endfacet
  facet normal 0.406696 -0.913563 0
    outer loop
      vertex 23.8167 -6.37545 2.25
      vertex 23.2819 -6.61353 0
      vertex 23.8167 -6.37545 0
    endloop
  endfacet
  facet normal 0.587762 -0.809034 0
    outer loop
      vertex 23.8167 -6.37545 0
      vertex 24.2903 -6.03138 2.25
      vertex 23.8167 -6.37545 2.25
    endloop
  endfacet
  facet normal 0.587762 -0.809034 0
    outer loop
      vertex 24.2903 -6.03138 2.25
      vertex 23.8167 -6.37545 0
      vertex 24.2903 -6.03138 0
    endloop
  endfacet
  facet normal 0.736864 -0.676041 0
    outer loop
      vertex 24.2903 -6.03138 2.25
      vertex 30.3476 0.570886 0
      vertex 30.3476 0.570886 2.25
    endloop
  endfacet
  facet normal 0.736864 -0.676041 0
    outer loop
      vertex 30.3476 0.570886 0
      vertex 24.2903 -6.03138 2.25
      vertex 24.2903 -6.03138 0
    endloop
  endfacet
  facet normal -0.94916 -0.314793 0
    outer loop
      vertex 31.0737 -1.61844 0
      vertex 30.3476 0.570886 2.25
      vertex 30.3476 0.570886 0
    endloop
  endfacet
  facet normal -0.94916 -0.314793 0
    outer loop
      vertex 30.3476 0.570886 2.25
      vertex 31.0737 -1.61844 0
      vertex 31.0737 -1.61844 2.25
    endloop
  endfacet
  facet normal -0.866086 -0.499895 0
    outer loop
      vertex 31.3663 -2.12538 0
      vertex 31.0737 -1.61844 2.25
      vertex 31.0737 -1.61844 0
    endloop
  endfacet
  facet normal -0.866086 -0.499895 0
    outer loop
      vertex 31.0737 -1.61844 2.25
      vertex 31.3663 -2.12538 0
      vertex 31.3663 -2.12538 2.25
    endloop
  endfacet
  facet normal -0.840207 -0.542266 0
    outer loop
      vertex 33.9252 -6.09023 0
      vertex 31.3663 -2.12538 2.25
      vertex 31.3663 -2.12538 0
    endloop
  endfacet
  facet normal -0.840207 -0.542266 0
    outer loop
      vertex 31.3663 -2.12538 2.25
      vertex 33.9252 -6.09023 0
      vertex 33.9252 -6.09023 2.25
    endloop
  endfacet
  facet normal -0.743124 -0.669153 0
    outer loop
      vertex 34.3169 -6.52523 0
      vertex 33.9252 -6.09023 2.25
      vertex 33.9252 -6.09023 0
    endloop
  endfacet
  facet normal -0.743124 -0.669153 0
    outer loop
      vertex 33.9252 -6.09023 2.25
      vertex 34.3169 -6.52523 0
      vertex 34.3169 -6.52523 2.25
    endloop
  endfacet
  facet normal -0.61227 -0.790648 0
    outer loop
      vertex 34.3169 -6.52523 0
      vertex 34.9237 -6.99513 2.25
      vertex 34.3169 -6.52523 2.25
    endloop
  endfacet
  facet normal -0.61227 -0.790648 -0
    outer loop
      vertex 34.9237 -6.99513 2.25
      vertex 34.3169 -6.52523 0
      vertex 34.9237 -6.99513 0
    endloop
  endfacet
  facet normal -0.587751 -0.809042 0
    outer loop
      vertex 34.9237 -6.99513 0
      vertex 35.3973 -7.33919 2.25
      vertex 34.9237 -6.99513 2.25
    endloop
  endfacet
  facet normal -0.587751 -0.809042 -0
    outer loop
      vertex 35.3973 -7.33919 2.25
      vertex 34.9237 -6.99513 0
      vertex 35.3973 -7.33919 0
    endloop
  endfacet
  facet normal -0.406711 -0.913557 0
    outer loop
      vertex 35.3973 -7.33919 0
      vertex 35.9321 -7.57728 2.25
      vertex 35.3973 -7.33919 2.25
    endloop
  endfacet
  facet normal -0.406711 -0.913557 -0
    outer loop
      vertex 35.9321 -7.57728 2.25
      vertex 35.3973 -7.33919 0
      vertex 35.9321 -7.57728 0
    endloop
  endfacet
  facet normal -0.405751 -0.913984 0
    outer loop
      vertex 35.9321 -7.57728 0
      vertex 36.8878 -8.00155 2.25
      vertex 35.9321 -7.57728 2.25
    endloop
  endfacet
  facet normal -0.405751 -0.913984 -0
    outer loop
      vertex 36.8878 -8.00155 2.25
      vertex 35.9321 -7.57728 0
      vertex 36.8878 -8.00155 0
    endloop
  endfacet
  facet normal -0.237157 -0.971471 0
    outer loop
      vertex 36.8878 -8.00155 0
      vertex 38.1457 -8.30863 2.25
      vertex 36.8878 -8.00155 2.25
    endloop
  endfacet
  facet normal -0.237157 -0.971471 -0
    outer loop
      vertex 38.1457 -8.30863 2.25
      vertex 36.8878 -8.00155 0
      vertex 38.1457 -8.30863 0
    endloop
  endfacet
  facet normal -0.20793 -0.978144 0
    outer loop
      vertex 38.1457 -8.30863 0
      vertex 38.7182 -8.43033 2.25
      vertex 38.1457 -8.30863 2.25
    endloop
  endfacet
  facet normal -0.20793 -0.978144 -0
    outer loop
      vertex 38.7182 -8.43033 2.25
      vertex 38.1457 -8.30863 0
      vertex 38.7182 -8.43033 0
    endloop
  endfacet
  facet normal -0.0779147 -0.99696 0
    outer loop
      vertex 38.7182 -8.43033 0
      vertex 40.2314 -8.54859 2.25
      vertex 38.7182 -8.43033 2.25
    endloop
  endfacet
  facet normal -0.0779147 -0.99696 -0
    outer loop
      vertex 40.2314 -8.54859 2.25
      vertex 38.7182 -8.43033 0
      vertex 40.2314 -8.54859 0
    endloop
  endfacet
  facet normal 0 -1 0
    outer loop
      vertex 40.2314 -8.54859 0
      vertex 40.8167 -8.54859 2.25
      vertex 40.2314 -8.54859 2.25
    endloop
  endfacet
  facet normal 0 -1 -0
    outer loop
      vertex 40.8167 -8.54859 2.25
      vertex 40.2314 -8.54859 0
      vertex 40.8167 -8.54859 0
    endloop
  endfacet
  facet normal 0.207896 -0.978151 0
    outer loop
      vertex 40.8167 -8.54859 0
      vertex 41.3893 -8.42689 2.25
      vertex 40.8167 -8.54859 2.25
    endloop
  endfacet
  facet normal 0.207896 -0.978151 0
    outer loop
      vertex 41.3893 -8.42689 2.25
      vertex 40.8167 -8.54859 0
      vertex 41.3893 -8.42689 0
    endloop
  endfacet
  facet normal 0.240957 -0.970536 0
    outer loop
      vertex 41.3893 -8.42689 0
      vertex 46.0655 -7.26592 2.25
      vertex 41.3893 -8.42689 2.25
    endloop
  endfacet
  facet normal 0.240957 -0.970536 0
    outer loop
      vertex 46.0655 -7.26592 2.25
      vertex 41.3893 -8.42689 0
      vertex 46.0655 -7.26592 0
    endloop
  endfacet
  facet normal 0.406711 -0.913557 0
    outer loop
      vertex 46.0655 -7.26592 0
      vertex 46.6003 -7.02783 2.25
      vertex 46.0655 -7.26592 2.25
    endloop
  endfacet
  facet normal 0.406711 -0.913557 0
    outer loop
      vertex 46.6003 -7.02783 2.25
      vertex 46.0655 -7.26592 0
      vertex 46.6003 -7.02783 0
    endloop
  endfacet
  facet normal 0.587832 -0.808983 0
    outer loop
      vertex 46.6003 -7.02783 0
      vertex 47.0738 -6.68377 2.25
      vertex 46.6003 -7.02783 2.25
    endloop
  endfacet
  facet normal 0.587832 -0.808983 0
    outer loop
      vertex 47.0738 -6.68377 2.25
      vertex 46.6003 -7.02783 0
      vertex 47.0738 -6.68377 0
    endloop
  endfacet
  facet normal 0.65815 -0.752887 0
    outer loop
      vertex 47.0738 -6.68377 0
      vertex 52.1406 -2.25453 2.25
      vertex 47.0738 -6.68377 2.25
    endloop
  endfacet
  facet normal 0.65815 -0.752887 0
    outer loop
      vertex 52.1406 -2.25453 2.25
      vertex 47.0738 -6.68377 0
      vertex 52.1406 -2.25453 0
    endloop
  endfacet
  facet normal 0.743132 -0.669145 0
    outer loop
      vertex 52.1406 -2.25453 2.25
      vertex 52.5323 -1.81952 0
      vertex 52.5323 -1.81952 2.25
    endloop
  endfacet
  facet normal 0.743132 -0.669145 0
    outer loop
      vertex 52.5323 -1.81952 0
      vertex 52.1406 -2.25453 2.25
      vertex 52.1406 -2.25453 0
    endloop
  endfacet
  facet normal 0.866012 -0.500023 0
    outer loop
      vertex 52.5323 -1.81952 2.25
      vertex 52.825 -1.31258 0
      vertex 52.825 -1.31258 2.25
    endloop
  endfacet
  facet normal 0.866012 -0.500023 0
    outer loop
      vertex 52.825 -1.31258 0
      vertex 52.5323 -1.81952 2.25
      vertex 52.5323 -1.81952 0
    endloop
  endfacet
  facet normal 0.896392 -0.443261 0
    outer loop
      vertex 52.825 -1.31258 2.25
      vertex 52.8506 -1.26081 0
      vertex 52.8506 -1.26081 2.25
    endloop
  endfacet
  facet normal 0.896392 -0.443261 0
    outer loop
      vertex 52.8506 -1.26081 0
      vertex 52.825 -1.31258 2.25
      vertex 52.825 -1.31258 0
    endloop
  endfacet
  facet normal -0.743878 -0.668316 0
    outer loop
      vertex 52.8728 -1.28552 0
      vertex 52.8506 -1.26081 2.25
      vertex 52.8506 -1.26081 0
    endloop
  endfacet
  facet normal -0.743878 -0.668316 0
    outer loop
      vertex 52.8506 -1.26081 2.25
      vertex 52.8728 -1.28552 0
      vertex 52.8728 -1.28552 2.25
    endloop
  endfacet
  facet normal -0.678283 -0.734801 0
    outer loop
      vertex 52.8728 -1.28552 0
      vertex 55.615 -3.8168 2.25
      vertex 52.8728 -1.28552 2.25
    endloop
  endfacet
  facet normal -0.678283 -0.734801 -0
    outer loop
      vertex 55.615 -3.8168 2.25
      vertex 52.8728 -1.28552 0
      vertex 55.615 -3.8168 0
    endloop
  endfacet
  facet normal -0.587832 -0.808983 0
    outer loop
      vertex 55.615 -3.8168 0
      vertex 56.0885 -4.16086 2.25
      vertex 55.615 -3.8168 2.25
    endloop
  endfacet
  facet normal -0.587832 -0.808983 -0
    outer loop
      vertex 56.0885 -4.16086 2.25
      vertex 55.615 -3.8168 0
      vertex 56.0885 -4.16086 0
    endloop
  endfacet
  facet normal -0.451654 -0.892193 0
    outer loop
      vertex 56.0885 -4.16086 0
      vertex 56.4915 -4.36487 2.25
      vertex 56.0885 -4.16086 2.25
    endloop
  endfacet
  facet normal -0.451654 -0.892193 -0
    outer loop
      vertex 56.4915 -4.36487 2.25
      vertex 56.0885 -4.16086 0
      vertex 56.4915 -4.36487 0
    endloop
  endfacet
  facet normal -0.406774 -0.913529 0
    outer loop
      vertex 56.4915 -4.36487 0
      vertex 57.0262 -4.60296 2.25
      vertex 56.4915 -4.36487 2.25
    endloop
  endfacet
  facet normal -0.406774 -0.913529 -0
    outer loop
      vertex 57.0262 -4.60296 2.25
      vertex 56.4915 -4.36487 0
      vertex 57.0262 -4.60296 0
    endloop
  endfacet
  facet normal -0.319495 -0.947588 0
    outer loop
      vertex 57.0262 -4.60296 0
      vertex 57.5541 -4.78095 2.25
      vertex 57.0262 -4.60296 2.25
    endloop
  endfacet
  facet normal -0.319495 -0.947588 -0
    outer loop
      vertex 57.5541 -4.78095 2.25
      vertex 57.0262 -4.60296 0
      vertex 57.5541 -4.78095 0
    endloop
  endfacet
  facet normal -0.20793 -0.978144 0
    outer loop
      vertex 57.5541 -4.78095 0
      vertex 58.1266 -4.90265 2.25
      vertex 57.5541 -4.78095 2.25
    endloop
  endfacet
  facet normal -0.20793 -0.978144 -0
    outer loop
      vertex 58.1266 -4.90265 2.25
      vertex 57.5541 -4.78095 0
      vertex 58.1266 -4.90265 0
    endloop
  endfacet
  facet normal -0.195131 -0.980777 0
    outer loop
      vertex 58.1266 -4.90265 0
      vertex 58.7586 -5.02839 2.25
      vertex 58.1266 -4.90265 2.25
    endloop
  endfacet
  facet normal -0.195131 -0.980777 -0
    outer loop
      vertex 58.7586 -5.02839 2.25
      vertex 58.1266 -4.90265 0
      vertex 58.7586 -5.02839 0
    endloop
  endfacet
  facet normal -0.0666301 -0.997778 0
    outer loop
      vertex 58.7586 -5.02839 0
      vertex 59.4738 -5.07615 2.25
      vertex 58.7586 -5.02839 2.25
    endloop
  endfacet
  facet normal -0.0666301 -0.997778 -0
    outer loop
      vertex 59.4738 -5.07615 2.25
      vertex 58.7586 -5.02839 0
      vertex 59.4738 -5.07615 0
    endloop
  endfacet
  facet normal 0 -1 0
    outer loop
      vertex 59.4738 -5.07615 0
      vertex 60.0592 -5.07615 2.25
      vertex 59.4738 -5.07615 2.25
    endloop
  endfacet
  facet normal 0 -1 -0
    outer loop
      vertex 60.0592 -5.07615 2.25
      vertex 59.4738 -5.07615 0
      vertex 60.0592 -5.07615 0
    endloop
  endfacet
  facet normal 0.20793 -0.978144 0
    outer loop
      vertex 60.0592 -5.07615 0
      vertex 60.6317 -4.95445 2.25
      vertex 60.0592 -5.07615 2.25
    endloop
  endfacet
  facet normal 0.20793 -0.978144 0
    outer loop
      vertex 60.6317 -4.95445 2.25
      vertex 60.0592 -5.07615 0
      vertex 60.6317 -4.95445 0
    endloop
  endfacet
  facet normal 0.214946 -0.976626 0
    outer loop
      vertex 60.6317 -4.95445 0
      vertex 63.1907 -4.39124 2.25
      vertex 60.6317 -4.95445 2.25
    endloop
  endfacet
  facet normal 0.214946 -0.976626 0
    outer loop
      vertex 63.1907 -4.39124 2.25
      vertex 60.6317 -4.95445 0
      vertex 63.1907 -4.39124 0
    endloop
  endfacet
  facet normal 0.406696 -0.913563 0
    outer loop
      vertex 63.1907 -4.39124 0
      vertex 63.7255 -4.15316 2.25
      vertex 63.1907 -4.39124 2.25
    endloop
  endfacet
  facet normal 0.406696 -0.913563 0
    outer loop
      vertex 63.7255 -4.15316 2.25
      vertex 63.1907 -4.39124 0
      vertex 63.7255 -4.15316 0
    endloop
  endfacet
  facet normal 0.577377 -0.816478 0
    outer loop
      vertex 63.7255 -4.15316 0
      vertex 66.722 -2.03417 2.25
      vertex 63.7255 -4.15316 2.25
    endloop
  endfacet
  facet normal 0.577377 -0.816478 0
    outer loop
      vertex 66.722 -2.03417 2.25
      vertex 63.7255 -4.15316 0
      vertex 66.722 -2.03417 0
    endloop
  endfacet
  facet normal 0.587762 -0.809034 0
    outer loop
      vertex 66.722 -2.03417 0
      vertex 67.1956 -1.6901 2.25
      vertex 66.722 -2.03417 2.25
    endloop
  endfacet
  facet normal 0.587762 -0.809034 0
    outer loop
      vertex 67.1956 -1.6901 2.25
      vertex 66.722 -2.03417 0
      vertex 67.1956 -1.6901 0
    endloop
  endfacet
  facet normal 0.743124 -0.669153 0
    outer loop
      vertex 67.1956 -1.6901 2.25
      vertex 67.5873 -1.2551 0
      vertex 67.5873 -1.2551 2.25
    endloop
  endfacet
  facet normal 0.743124 -0.669153 0
    outer loop
      vertex 67.5873 -1.2551 0
      vertex 67.1956 -1.6901 2.25
      vertex 67.1956 -1.6901 0
    endloop
  endfacet
  facet normal 0.806812 -0.590808 0
    outer loop
      vertex 67.5873 -1.2551 2.25
      vertex 69.4625 1.30569 0
      vertex 69.4625 1.30569 2.25
    endloop
  endfacet
  facet normal 0.806812 -0.590808 0
    outer loop
      vertex 69.4625 1.30569 0
      vertex 67.5873 -1.2551 2.25
      vertex 67.5873 -1.2551 0
    endloop
  endfacet
  facet normal -0.992235 -0.124375 0
    outer loop
      vertex 69.4652 1.28415 0
      vertex 69.4625 1.30569 2.25
      vertex 69.4625 1.30569 0
    endloop
  endfacet
  facet normal -0.992235 -0.124375 0
    outer loop
      vertex 69.4625 1.30569 2.25
      vertex 69.4652 1.28415 0
      vertex 69.4652 1.28415 2.25
    endloop
  endfacet
  facet normal -0.959339 -0.282258 0
    outer loop
      vertex 70.7508 -3.08535 0
      vertex 69.4652 1.28415 2.25
      vertex 69.4652 1.28415 0
    endloop
  endfacet
  facet normal -0.959339 -0.282258 0
    outer loop
      vertex 69.4652 1.28415 2.25
      vertex 70.7508 -3.08535 0
      vertex 70.7508 -3.08535 2.25
    endloop
  endfacet
  facet normal -0.951051 -0.309034 0
    outer loop
      vertex 70.9317 -3.64207 0
      vertex 70.7508 -3.08535 2.25
      vertex 70.7508 -3.08535 0
    endloop
  endfacet
  facet normal -0.951051 -0.309034 0
    outer loop
      vertex 70.7508 -3.08535 2.25
      vertex 70.9317 -3.64207 0
      vertex 70.9317 -3.64207 2.25
    endloop
  endfacet
  facet normal -0.866008 -0.500031 0
    outer loop
      vertex 71.2244 -4.149 0
      vertex 70.9317 -3.64207 2.25
      vertex 70.9317 -3.64207 0
    endloop
  endfacet
  facet normal -0.866008 -0.500031 0
    outer loop
      vertex 70.9317 -3.64207 2.25
      vertex 71.2244 -4.149 0
      vertex 71.2244 -4.149 2.25
    endloop
  endfacet
  facet normal -0.839788 -0.542914 0
    outer loop
      vertex 73.5568 -7.75679 0
      vertex 71.2244 -4.149 2.25
      vertex 71.2244 -4.149 0
    endloop
  endfacet
  facet normal -0.839788 -0.542914 0
    outer loop
      vertex 71.2244 -4.149 2.25
      vertex 73.5568 -7.75679 0
      vertex 73.5568 -7.75679 2.25
    endloop
  endfacet
  facet normal -0.743132 -0.669145 0
    outer loop
      vertex 73.9485 -8.1918 0
      vertex 73.5568 -7.75679 2.25
      vertex 73.5568 -7.75679 0
    endloop
  endfacet
  facet normal -0.743132 -0.669145 0
    outer loop
      vertex 73.5568 -7.75679 2.25
      vertex 73.9485 -8.1918 0
      vertex 73.9485 -8.1918 2.25
    endloop
  endfacet
  facet normal -0.587751 -0.809042 0
    outer loop
      vertex 73.9485 -8.1918 0
      vertex 74.4221 -8.53586 2.25
      vertex 73.9485 -8.1918 2.25
    endloop
  endfacet
  facet normal -0.587751 -0.809042 -0
    outer loop
      vertex 74.4221 -8.53586 2.25
      vertex 73.9485 -8.1918 0
      vertex 74.4221 -8.53586 0
    endloop
  endfacet
  facet normal -0.551068 -0.83446 0
    outer loop
      vertex 74.4221 -8.53586 0
      vertex 74.8692 -8.83112 2.25
      vertex 74.4221 -8.53586 2.25
    endloop
  endfacet
  facet normal -0.551068 -0.83446 -0
    outer loop
      vertex 74.8692 -8.83112 2.25
      vertex 74.4221 -8.53586 0
      vertex 74.8692 -8.83112 0
    endloop
  endfacet
  facet normal -0.406774 -0.913529 0
    outer loop
      vertex 74.8692 -8.83112 0
      vertex 75.4039 -9.06921 2.25
      vertex 74.8692 -8.83112 2.25
    endloop
  endfacet
  facet normal -0.406774 -0.913529 -0
    outer loop
      vertex 75.4039 -9.06921 2.25
      vertex 74.8692 -8.83112 0
      vertex 75.4039 -9.06921 0
    endloop
  endfacet
  facet normal -0.382196 -0.924081 0
    outer loop
      vertex 75.4039 -9.06921 0
      vertex 75.9916 -9.31228 2.25
      vertex 75.4039 -9.06921 2.25
    endloop
  endfacet
  facet normal -0.382196 -0.924081 -0
    outer loop
      vertex 75.9916 -9.31228 2.25
      vertex 75.4039 -9.06921 0
      vertex 75.9916 -9.31228 0
    endloop
  endfacet
  facet normal -0.222329 -0.974972 0
    outer loop
      vertex 75.9916 -9.31228 0
      vertex 76.7146 -9.47715 2.25
      vertex 75.9916 -9.31228 2.25
    endloop
  endfacet
  facet normal -0.222329 -0.974972 -0
    outer loop
      vertex 76.7146 -9.47715 2.25
      vertex 75.9916 -9.31228 0
      vertex 76.7146 -9.47715 0
    endloop
  endfacet
  facet normal -0.207896 -0.978151 0
    outer loop
      vertex 76.7146 -9.47715 0
      vertex 77.2872 -9.59885 2.25
      vertex 76.7146 -9.47715 2.25
    endloop
  endfacet
  facet normal -0.207896 -0.978151 -0
    outer loop
      vertex 77.2872 -9.59885 2.25
      vertex 76.7146 -9.47715 0
      vertex 77.2872 -9.59885 0
    endloop
  endfacet
  facet normal -0.0710759 -0.997471 0
    outer loop
      vertex 77.2872 -9.59885 0
      vertex 78.1406 -9.65966 2.25
      vertex 77.2872 -9.59885 2.25
    endloop
  endfacet
  facet normal -0.0710759 -0.997471 -0
    outer loop
      vertex 78.1406 -9.65966 2.25
      vertex 77.2872 -9.59885 0
      vertex 78.1406 -9.65966 0
    endloop
  endfacet
  facet normal 0 -1 0
    outer loop
      vertex 78.1406 -9.65966 0
      vertex 78.726 -9.65966 2.25
      vertex 78.1406 -9.65966 2.25
    endloop
  endfacet
  facet normal 0 -1 -0
    outer loop
      vertex 78.726 -9.65966 2.25
      vertex 78.1406 -9.65966 0
      vertex 78.726 -9.65966 0
    endloop
  endfacet
  facet normal 0.20793 -0.978144 0
    outer loop
      vertex 78.726 -9.65966 0
      vertex 79.2985 -9.53796 2.25
      vertex 78.726 -9.65966 2.25
    endloop
  endfacet
  facet normal 0.20793 -0.978144 0
    outer loop
      vertex 79.2985 -9.53796 2.25
      vertex 78.726 -9.65966 0
      vertex 79.2985 -9.53796 0
    endloop
  endfacet
  facet normal 0.222299 0.974978 -0
    outer loop
      vertex 77.5799 -6.81419 0
      vertex 76.8568 -6.64932 13.5
      vertex 77.5799 -6.81419 13.5
    endloop
  endfacet
  facet normal 0.222299 0.974978 0
    outer loop
      vertex 76.8568 -6.64932 13.5
      vertex 77.5799 -6.81419 0
      vertex 76.8568 -6.64932 0
    endloop
  endfacet
  facet normal 0.382251 0.924058 -0
    outer loop
      vertex 76.8568 -6.64932 0
      vertex 76.2692 -6.40625 13.5
      vertex 76.8568 -6.64932 13.5
    endloop
  endfacet
  facet normal 0.382251 0.924058 0
    outer loop
      vertex 76.2692 -6.40625 13.5
      vertex 76.8568 -6.64932 0
      vertex 76.2692 -6.40625 0
    endloop
  endfacet
  facet normal 0.551068 0.83446 -0
    outer loop
      vertex 76.2692 -6.40625 0
      vertex 75.8221 -6.11099 13.5
      vertex 76.2692 -6.40625 13.5
    endloop
  endfacet
  facet normal 0.551068 0.83446 0
    outer loop
      vertex 75.8221 -6.11099 13.5
      vertex 76.2692 -6.40625 0
      vertex 75.8221 -6.11099 0
    endloop
  endfacet
  facet normal 0.839777 0.542931 0
    outer loop
      vertex 75.8221 -6.11099 13.5
      vertex 73.4896 -2.5032 0
      vertex 73.4896 -2.5032 13.5
    endloop
  endfacet
  facet normal 0.839777 0.542931 0
    outer loop
      vertex 73.4896 -2.5032 0
      vertex 75.8221 -6.11099 13.5
      vertex 75.8221 -6.11099 0
    endloop
  endfacet
  facet normal 0.959339 0.282258 0
    outer loop
      vertex 73.4896 -2.5032 13.5
      vertex 72.204 1.8663 0
      vertex 72.204 1.8663 13.5
    endloop
  endfacet
  facet normal 0.959339 0.282258 0
    outer loop
      vertex 72.204 1.8663 0
      vertex 73.4896 -2.5032 13.5
      vertex 73.4896 -2.5032 0
    endloop
  endfacet
  facet normal 0.992232 0.124401 0
    outer loop
      vertex 72.204 1.8663 13.5
      vertex 71.6578 6.22284 0
      vertex 71.6578 6.22284 13.5
    endloop
  endfacet
  facet normal 0.992232 0.124401 0
    outer loop
      vertex 71.6578 6.22284 0
      vertex 72.204 1.8663 13.5
      vertex 72.204 1.8663 0
    endloop
  endfacet
  facet normal 0.999493 0.0318446 0
    outer loop
      vertex 71.6578 6.22284 13.5
      vertex 71.5441 9.79149 0
      vertex 71.5441 9.79149 13.5
    endloop
  endfacet
  facet normal 0.999493 0.0318446 0
    outer loop
      vertex 71.5441 9.79149 0
      vertex 71.6578 6.22284 13.5
      vertex 71.6578 6.22284 0
    endloop
  endfacet
  facet normal 1 -0 0
    outer loop
      vertex 71.5441 9.79149 13.5
      vertex 71.5441 11.875 0
      vertex 71.5441 11.875 13.5
    endloop
  endfacet
  facet normal 1 0 0
    outer loop
      vertex 71.5441 11.875 0
      vertex 71.5441 9.79149 13.5
      vertex 71.5441 9.79149 0
    endloop
  endfacet
  facet normal -0.919687 0.392652 0
    outer loop
      vertex 68.4852 4.71031 0
      vertex 71.5441 11.875 13.5
      vertex 71.5441 11.875 0
    endloop
  endfacet
  facet normal -0.919687 0.392652 0
    outer loop
      vertex 71.5441 11.875 13.5
      vertex 68.4852 4.71031 0
      vertex 68.4852 4.71031 13.5
    endloop
  endfacet
  facet normal -0.806807 0.590815 0
    outer loop
      vertex 65.322 0.390701 0
      vertex 68.4852 4.71031 13.5
      vertex 68.4852 4.71031 0
    endloop
  endfacet
  facet normal -0.806807 0.590815 0
    outer loop
      vertex 68.4852 4.71031 13.5
      vertex 65.322 0.390701 0
      vertex 65.322 0.390701 13.5
    endloop
  endfacet
  facet normal -0.577377 0.816478 0
    outer loop
      vertex 65.322 0.390701 0
      vertex 62.3255 -1.72829 13.5
      vertex 65.322 0.390701 13.5
    endloop
  endfacet
  facet normal -0.577377 0.816478 0
    outer loop
      vertex 62.3255 -1.72829 13.5
      vertex 65.322 0.390701 0
      vertex 62.3255 -1.72829 0
    endloop
  endfacet
  facet normal -0.214942 0.976627 0
    outer loop
      vertex 62.3255 -1.72829 0
      vertex 59.7665 -2.29149 13.5
      vertex 62.3255 -1.72829 13.5
    endloop
  endfacet
  facet normal -0.214942 0.976627 0
    outer loop
      vertex 59.7665 -2.29149 13.5
      vertex 62.3255 -1.72829 0
      vertex 59.7665 -2.29149 0
    endloop
  endfacet
  facet normal 0.0666301 0.997778 -0
    outer loop
      vertex 59.7665 -2.29149 0
      vertex 59.0513 -2.24373 13.5
      vertex 59.7665 -2.29149 13.5
    endloop
  endfacet
  facet normal 0.0666301 0.997778 0
    outer loop
      vertex 59.0513 -2.24373 13.5
      vertex 59.7665 -2.29149 0
      vertex 59.0513 -2.24373 0
    endloop
  endfacet
  facet normal 0.195116 0.98078 -0
    outer loop
      vertex 59.0513 -2.24373 0
      vertex 58.4193 -2.118 13.5
      vertex 59.0513 -2.24373 13.5
    endloop
  endfacet
  facet normal 0.195116 0.98078 0
    outer loop
      vertex 58.4193 -2.118 13.5
      vertex 59.0513 -2.24373 0
      vertex 58.4193 -2.118 0
    endloop
  endfacet
  facet normal 0.319565 0.947564 -0
    outer loop
      vertex 58.4193 -2.118 0
      vertex 57.8915 -1.94 13.5
      vertex 58.4193 -2.118 13.5
    endloop
  endfacet
  facet normal 0.319565 0.947564 0
    outer loop
      vertex 57.8915 -1.94 13.5
      vertex 58.4193 -2.118 0
      vertex 57.8915 -1.94 0
    endloop
  endfacet
  facet normal 0.451654 0.892193 -0
    outer loop
      vertex 57.8915 -1.94 0
      vertex 57.4885 -1.73599 13.5
      vertex 57.8915 -1.94 13.5
    endloop
  endfacet
  facet normal 0.451654 0.892193 0
    outer loop
      vertex 57.4885 -1.73599 13.5
      vertex 57.8915 -1.94 0
      vertex 57.4885 -1.73599 0
    endloop
  endfacet
  facet normal 0.678296 0.734789 -0
    outer loop
      vertex 57.4885 -1.73599 0
      vertex 54.7464 0.795288 13.5
      vertex 57.4885 -1.73599 13.5
    endloop
  endfacet
  facet normal 0.678296 0.734789 0
    outer loop
      vertex 54.7464 0.795288 13.5
      vertex 57.4885 -1.73599 0
      vertex 54.7464 0.795288 0
    endloop
  endfacet
  facet normal 0.870494 0.492179 0
    outer loop
      vertex 54.7464 0.795288 13.5
      vertex 52.8844 4.08852 0
      vertex 52.8844 4.08852 13.5
    endloop
  endfacet
  facet normal 0.870494 0.492179 0
    outer loop
      vertex 52.8844 4.08852 0
      vertex 54.7464 0.795288 13.5
      vertex 54.7464 0.795288 0
    endloop
  endfacet
  facet normal 0.964166 0.2653 0
    outer loop
      vertex 52.8844 4.08852 13.5
      vertex 52.7034 4.74632 0
      vertex 52.7034 4.74632 13.5
    endloop
  endfacet
  facet normal 0.964166 0.2653 0
    outer loop
      vertex 52.7034 4.74632 0
      vertex 52.8844 4.08852 13.5
      vertex 52.8844 4.08852 0
    endloop
  endfacet
  facet normal -0.896141 0.443768 0
    outer loop
      vertex 50.267 -0.173721 0
      vertex 52.7034 4.74632 13.5
      vertex 52.7034 4.74632 0
    endloop
  endfacet
  facet normal -0.896141 0.443768 0
    outer loop
      vertex 52.7034 4.74632 13.5
      vertex 50.267 -0.173721 0
      vertex 50.267 -0.173721 13.5
    endloop
  endfacet
  facet normal -0.658158 0.75288 0
    outer loop
      vertex 50.267 -0.173721 0
      vertex 45.2003 -4.60297 13.5
      vertex 50.267 -0.173721 13.5
    endloop
  endfacet
  facet normal -0.658158 0.75288 0
    outer loop
      vertex 45.2003 -4.60297 13.5
      vertex 50.267 -0.173721 0
      vertex 45.2003 -4.60297 0
    endloop
  endfacet
  facet normal -0.24095 0.970537 0
    outer loop
      vertex 45.2003 -4.60297 0
      vertex 40.524 -5.76393 13.5
      vertex 45.2003 -4.60297 13.5
    endloop
  endfacet
  facet normal -0.24095 0.970537 0
    outer loop
      vertex 40.524 -5.76393 13.5
      vertex 45.2003 -4.60297 0
      vertex 40.524 -5.76393 0
    endloop
  endfacet
  facet normal 0.0779132 0.99696 -0
    outer loop
      vertex 40.524 -5.76393 0
      vertex 39.0109 -5.64568 13.5
      vertex 40.524 -5.76393 13.5
    endloop
  endfacet
  facet normal 0.0779132 0.99696 0
    outer loop
      vertex 39.0109 -5.64568 13.5
      vertex 40.524 -5.76393 0
      vertex 39.0109 -5.64568 0
    endloop
  endfacet
  facet normal 0.237182 0.971465 -0
    outer loop
      vertex 39.0109 -5.64568 0
      vertex 37.7531 -5.33859 13.5
      vertex 39.0109 -5.64568 13.5
    endloop
  endfacet
  facet normal 0.237182 0.971465 0
    outer loop
      vertex 37.7531 -5.33859 13.5
      vertex 39.0109 -5.64568 0
      vertex 37.7531 -5.33859 0
    endloop
  endfacet
  facet normal 0.405715 0.914 -0
    outer loop
      vertex 37.7531 -5.33859 0
      vertex 36.7973 -4.91432 13.5
      vertex 37.7531 -5.33859 13.5
    endloop
  endfacet
  facet normal 0.405715 0.914 0
    outer loop
      vertex 36.7973 -4.91432 13.5
      vertex 37.7531 -5.33859 0
      vertex 36.7973 -4.91432 0
    endloop
  endfacet
  facet normal 0.612199 0.790704 -0
    outer loop
      vertex 36.7973 -4.91432 0
      vertex 36.1904 -4.44443 13.5
      vertex 36.7973 -4.91432 13.5
    endloop
  endfacet
  facet normal 0.612199 0.790704 0
    outer loop
      vertex 36.1904 -4.44443 13.5
      vertex 36.7973 -4.91432 0
      vertex 36.1904 -4.44443 0
    endloop
  endfacet
  facet normal 0.840216 0.542252 0
    outer loop
      vertex 36.1904 -4.44443 13.5
      vertex 33.6316 -0.479584 0
      vertex 33.6316 -0.479584 13.5
    endloop
  endfacet
  facet normal 0.840216 0.542252 0
    outer loop
      vertex 33.6316 -0.479584 0
      vertex 36.1904 -4.44443 13.5
      vertex 36.1904 -4.44443 0
    endloop
  endfacet
  facet normal 0.949162 0.314787 0
    outer loop
      vertex 33.6316 -0.479584 13.5
      vertex 32.0101 4.40964 0
      vertex 32.0101 4.40964 13.5
    endloop
  endfacet
  facet normal 0.949162 0.314787 0
    outer loop
      vertex 32.0101 4.40964 0
      vertex 33.6316 -0.479584 13.5
      vertex 33.6316 -0.479584 0
    endloop
  endfacet
  facet normal 0.98809 0.153876 0
    outer loop
      vertex 32.0101 4.40964 13.5
      vertex 31.4028 8.30933 0
      vertex 31.4028 8.30933 13.5
    endloop
  endfacet
  facet normal 0.98809 0.153876 0
    outer loop
      vertex 31.4028 8.30933 0
      vertex 32.0101 4.40964 13.5
      vertex 32.0101 4.40964 0
    endloop
  endfacet
  facet normal -0.905051 0.425304 0
    outer loop
      vertex 29.0278 3.25531 0
      vertex 31.4028 8.30933 13.5
      vertex 31.4028 8.30933 0
    endloop
  endfacet
  facet normal -0.905051 0.425304 0
    outer loop
      vertex 31.4028 8.30933 13.5
      vertex 29.0278 3.25531 0
      vertex 29.0278 3.25531 13.5
    endloop
  endfacet
  facet normal -0.736864 0.676041 0
    outer loop
      vertex 22.4167 -3.95058 0
      vertex 29.0278 3.25531 13.5
      vertex 29.0278 3.25531 0
    endloop
  endfacet
  facet normal -0.736864 0.676041 0
    outer loop
      vertex 29.0278 3.25531 13.5
      vertex 22.4167 -3.95058 0
      vertex 22.4167 -3.95058 13.5
    endloop
  endfacet
  facet normal -0.333979 0.942581 0
    outer loop
      vertex 22.4167 -3.95058 0
      vertex 14.5555 -6.73599 13.5
      vertex 22.4167 -3.95058 13.5
    endloop
  endfacet
  facet normal -0.333979 0.942581 0
    outer loop
      vertex 14.5555 -6.73599 13.5
      vertex 22.4167 -3.95058 0
      vertex 14.5555 -6.73599 0
    endloop
  endfacet
  facet normal 0.0869891 0.996209 -0
    outer loop
      vertex 14.5555 -6.73599 0
      vertex 12.5547 -6.56128 13.5
      vertex 14.5555 -6.73599 13.5
    endloop
  endfacet
  facet normal 0.0869891 0.996209 0
    outer loop
      vertex 12.5547 -6.56128 13.5
      vertex 14.5555 -6.73599 0
      vertex 12.5547 -6.56128 0
    endloop
  endfacet
  facet normal 0.262465 0.964942 -0
    outer loop
      vertex 12.5547 -6.56128 0
      vertex 10.5486 -6.01562 13.5
      vertex 12.5547 -6.56128 13.5
    endloop
  endfacet
  facet normal 0.262465 0.964942 0
    outer loop
      vertex 10.5486 -6.01562 13.5
      vertex 12.5547 -6.56128 0
      vertex 10.5486 -6.01562 0
    endloop
  endfacet
  facet normal 0.426003 0.904722 -0
    outer loop
      vertex 10.5486 -6.01562 0
      vertex 8.53217 -5.06615 13.5
      vertex 10.5486 -6.01562 13.5
    endloop
  endfacet
  facet normal 0.426003 0.904722 0
    outer loop
      vertex 8.53217 -5.06615 13.5
      vertex 10.5486 -6.01562 0
      vertex 8.53217 -5.06615 0
    endloop
  endfacet
  facet normal 0.563359 0.826212 -0
    outer loop
      vertex 8.53217 -5.06615 0
      vertex 6.5 -3.6805 13.5
      vertex 8.53217 -5.06615 13.5
    endloop
  endfacet
  facet normal 0.563359 0.826212 0
    outer loop
      vertex 6.5 -3.6805 13.5
      vertex 8.53217 -5.06615 0
      vertex 6.5 -3.6805 0
    endloop
  endfacet
  facet normal 0.665835 0.746099 -0
    outer loop
      vertex 6.5 -3.6805 0
      vertex 5.07025 -2.40456 13.5
      vertex 6.5 -3.6805 13.5
    endloop
  endfacet
  facet normal 0.665835 0.746099 0
    outer loop
      vertex 5.07025 -2.40456 13.5
      vertex 6.5 -3.6805 0
      vertex 5.07025 -2.40456 0
    endloop
  endfacet
  facet normal 0.769838 0.638239 0
    outer loop
      vertex 5.07025 -2.40456 13.5
      vertex 3.06244 0.0172424 0
      vertex 3.06244 0.0172424 13.5
    endloop
  endfacet
  facet normal 0.769838 0.638239 0
    outer loop
      vertex 3.06244 0.0172424 0
      vertex 5.07025 -2.40456 13.5
      vertex 5.07025 -2.40456 0
    endloop
  endfacet
  facet normal 0.889867 0.456219 0
    outer loop
      vertex 3.06244 0.0172424 13.5
      vertex 1.27338 3.50685 0
      vertex 1.27338 3.50685 13.5
    endloop
  endfacet
  facet normal 0.889867 0.456219 0
    outer loop
      vertex 1.27338 3.50685 0
      vertex 3.06244 0.0172424 13.5
      vertex 3.06244 0.0172424 0
    endloop
  endfacet
  facet normal 0.985419 0.170145 0
    outer loop
      vertex 1.27338 3.50685 13.5
      vertex 0.5 7.98599 0
      vertex 0.5 7.98599 13.5
    endloop
  endfacet
  facet normal 0.985419 0.170145 0
    outer loop
      vertex 0.5 7.98599 0
      vertex 1.27338 3.50685 13.5
      vertex 1.27338 3.50685 0
    endloop
  endfacet
  facet normal 0.996173 -0.087407 0
    outer loop
      vertex 0.5 7.98599 13.5
      vertex 0.710022 10.3796 0
      vertex 0.710022 10.3796 13.5
    endloop
  endfacet
  facet normal 0.996173 -0.087407 0
    outer loop
      vertex 0.710022 10.3796 0
      vertex 0.5 7.98599 13.5
      vertex 0.5 7.98599 0
    endloop
  endfacet
  facet normal 0.967308 -0.253606 0
    outer loop
      vertex 0.710022 10.3796 13.5
      vertex 1.38885 12.9688 0
      vertex 1.38885 12.9688 13.5
    endloop
  endfacet
  facet normal 0.967308 -0.253606 0
    outer loop
      vertex 1.38885 12.9688 0
      vertex 0.710022 10.3796 13.5
      vertex 0.710022 10.3796 0
    endloop
  endfacet
  facet normal 0.915174 -0.403059 0
    outer loop
      vertex 1.38885 12.9688 13.5
      vertex 2.60938 15.7401 0
      vertex 2.60938 15.7401 13.5
    endloop
  endfacet
  facet normal 0.915174 -0.403059 0
    outer loop
      vertex 2.60938 15.7401 0
      vertex 1.38885 12.9688 13.5
      vertex 1.38885 12.9688 0
    endloop
  endfacet
  facet normal 0.848352 -0.529432 0
    outer loop
      vertex 2.60938 15.7401 13.5
      vertex 4.4444 18.6805 0
      vertex 4.4444 18.6805 13.5
    endloop
  endfacet
  facet normal 0.848352 -0.529432 0
    outer loop
      vertex 4.4444 18.6805 0
      vertex 2.60938 15.7401 13.5
      vertex 2.60938 15.7401 0
    endloop
  endfacet
  facet normal 0.717024 0.697049 0
    outer loop
      vertex 4.4444 18.6805 13.5
      vertex 1.68488 21.5191 0
      vertex 1.68488 21.5191 13.5
    endloop
  endfacet
  facet normal 0.717024 0.697049 0
    outer loop
      vertex 1.68488 21.5191 0
      vertex 4.4444 18.6805 13.5
      vertex 4.4444 18.6805 0
    endloop
  endfacet
  facet normal 0.873621 0.486607 0
    outer loop
      vertex 1.68488 21.5191 13.5
      vertex -0.215271 24.9305 0
      vertex -0.215271 24.9305 13.5
    endloop
  endfacet
  facet normal 0.873621 0.486607 0
    outer loop
      vertex -0.215271 24.9305 0
      vertex 1.68488 21.5191 13.5
      vertex 1.68488 21.5191 0
    endloop
  endfacet
  facet normal 0.961233 0.275737 0
    outer loop
      vertex -0.215271 24.9305 13.5
      vertex -1.31342 28.7587 0
      vertex -1.31342 28.7587 13.5
    endloop
  endfacet
  facet normal 0.961233 0.275737 0
    outer loop
      vertex -1.31342 28.7587 0
      vertex -0.215271 24.9305 13.5
      vertex -0.215271 24.9305 0
    endloop
  endfacet
  facet normal 0.996287 0.0860953 0
    outer loop
      vertex -1.31342 28.7587 13.5
      vertex -1.66675 32.8474 0
      vertex -1.66675 32.8474 13.5
    endloop
  endfacet
  facet normal 0.996287 0.0860953 0
    outer loop
      vertex -1.66675 32.8474 0
      vertex -1.31342 28.7587 13.5
      vertex -1.31342 28.7587 0
    endloop
  endfacet
  facet normal 0.988796 -0.149271 0
    outer loop
      vertex -1.66675 32.8474 13.5
      vertex -0.486206 40.6675 0
      vertex -0.486206 40.6675 13.5
    endloop
  endfacet
  facet normal 0.988796 -0.149271 0
    outer loop
      vertex -0.486206 40.6675 0
      vertex -1.66675 32.8474 13.5
      vertex -1.66675 32.8474 0
    endloop
  endfacet
  facet normal 0.903781 -0.427995 0
    outer loop
      vertex -0.486206 40.6675 13.5
      vertex 2.81934 47.6477 0
      vertex 2.81934 47.6477 13.5
    endloop
  endfacet
  facet normal 0.903781 -0.427995 0
    outer loop
      vertex 2.81934 47.6477 0
      vertex -0.486206 40.6675 13.5
      vertex -0.486206 40.6675 0
    endloop
  endfacet
  facet normal 0.702727 -0.71146 0
    outer loop
      vertex 2.81934 47.6477 0
      vertex 7.89575 52.6618 13.5
      vertex 2.81934 47.6477 13.5
    endloop
  endfacet
  facet normal 0.702727 -0.71146 0
    outer loop
      vertex 7.89575 52.6618 13.5
      vertex 2.81934 47.6477 0
      vertex 7.89575 52.6618 0
    endloop
  endfacet
  facet normal 0.283781 -0.958889 0
    outer loop
      vertex 7.89575 52.6618 0
      vertex 14.3888 54.5834 13.5
      vertex 7.89575 52.6618 13.5
    endloop
  endfacet
  facet normal 0.283781 -0.958889 0
    outer loop
      vertex 14.3888 54.5834 13.5
      vertex 7.89575 52.6618 0
      vertex 14.3888 54.5834 0
    endloop
  endfacet
  facet normal -0.0402566 -0.999189 0
    outer loop
      vertex 14.3888 54.5834 0
      vertex 15.3568 54.5444 13.5
      vertex 14.3888 54.5834 13.5
    endloop
  endfacet
  facet normal -0.0402566 -0.999189 -0
    outer loop
      vertex 15.3568 54.5444 13.5
      vertex 14.3888 54.5834 0
      vertex 15.3568 54.5444 0
    endloop
  endfacet
  facet normal -0.118329 -0.992974 0
    outer loop
      vertex 15.3568 54.5444 0
      vertex 16.3403 54.4272 13.5
      vertex 15.3568 54.5444 13.5
    endloop
  endfacet
  facet normal -0.118329 -0.992974 -0
    outer loop
      vertex 16.3403 54.4272 13.5
      vertex 15.3568 54.5444 0
      vertex 16.3403 54.4272 0
    endloop
  endfacet
  facet normal -0.192925 -0.981213 0
    outer loop
      vertex 16.3403 54.4272 0
      vertex 17.3341 54.2318 13.5
      vertex 16.3403 54.4272 13.5
    endloop
  endfacet
  facet normal -0.192925 -0.981213 -0
    outer loop
      vertex 17.3341 54.2318 13.5
      vertex 16.3403 54.4272 0
      vertex 17.3341 54.2318 0
    endloop
  endfacet
  facet normal -0.263942 -0.964538 0
    outer loop
      vertex 17.3341 54.2318 0
      vertex 18.3332 53.9584 13.5
      vertex 17.3341 54.2318 13.5
    endloop
  endfacet
  facet normal -0.263942 -0.964538 -0
    outer loop
      vertex 18.3332 53.9584 13.5
      vertex 17.3341 54.2318 0
      vertex 18.3332 53.9584 0
    endloop
  endfacet
  facet normal -0.506565 -0.862202 0
    outer loop
      vertex 18.3332 53.9584 0
      vertex 19.5243 53.2586 13.5
      vertex 18.3332 53.9584 13.5
    endloop
  endfacet
  facet normal -0.506565 -0.862202 -0
    outer loop
      vertex 19.5243 53.2586 13.5
      vertex 18.3332 53.9584 0
      vertex 19.5243 53.2586 0
    endloop
  endfacet
  facet normal -0.711224 -0.702966 0
    outer loop
      vertex 21.2778 51.4845 0
      vertex 19.5243 53.2586 13.5
      vertex 19.5243 53.2586 0
    endloop
  endfacet
  facet normal -0.711224 -0.702966 0
    outer loop
      vertex 19.5243 53.2586 13.5
      vertex 21.2778 51.4845 0
      vertex 21.2778 51.4845 13.5
    endloop
  endfacet
  facet normal -0.859863 -0.510525 0
    outer loop
      vertex 22.8646 48.8119 0
      vertex 21.2778 51.4845 13.5
      vertex 21.2778 51.4845 0
    endloop
  endfacet
  facet normal -0.859863 -0.510525 0
    outer loop
      vertex 21.2778 51.4845 13.5
      vertex 22.8646 48.8119 0
      vertex 22.8646 48.8119 13.5
    endloop
  endfacet
  facet normal -0.979919 -0.199395 0
    outer loop
      vertex 23.5555 45.4165 0
      vertex 22.8646 48.8119 13.5
      vertex 22.8646 48.8119 0
    endloop
  endfacet
  facet normal -0.979919 -0.199395 0
    outer loop
      vertex 22.8646 48.8119 13.5
      vertex 23.5555 45.4165 0
      vertex 23.5555 45.4165 13.5
    endloop
  endfacet
  facet normal -0.9947 0.10282 0
    outer loop
      vertex 23.3793 43.7119 0
      vertex 23.5555 45.4165 13.5
      vertex 23.5555 45.4165 0
    endloop
  endfacet
  facet normal -0.9947 0.10282 0
    outer loop
      vertex 23.5555 45.4165 13.5
      vertex 23.3793 43.7119 0
      vertex 23.3793 43.7119 13.5
    endloop
  endfacet
  facet normal -0.952665 0.30402 0
    outer loop
      vertex 22.8125 41.9358 0
      vertex 23.3793 43.7119 13.5
      vertex 23.3793 43.7119 0
    endloop
  endfacet
  facet normal -0.952665 0.30402 0
    outer loop
      vertex 23.3793 43.7119 13.5
      vertex 22.8125 41.9358 0
      vertex 22.8125 41.9358 13.5
    endloop
  endfacet
  facet normal -0.875797 0.48268 0
    outer loop
      vertex 21.7977 40.0945 0
      vertex 22.8125 41.9358 13.5
      vertex 22.8125 41.9358 0
    endloop
  endfacet
  facet normal -0.875797 0.48268 0
    outer loop
      vertex 22.8125 41.9358 13.5
      vertex 21.7977 40.0945 0
      vertex 21.7977 40.0945 13.5
    endloop
  endfacet
  facet normal -0.780865 0.6247 0
    outer loop
      vertex 20.2776 38.1944 0
      vertex 21.7977 40.0945 13.5
      vertex 21.7977 40.0945 0
    endloop
  endfacet
  facet normal -0.780865 0.6247 0
    outer loop
      vertex 21.7977 40.0945 13.5
      vertex 20.2776 38.1944 0
      vertex 20.2776 38.1944 13.5
    endloop
  endfacet
  facet normal -0.757779 0.652512 0
    outer loop
      vertex 19.7377 37.5674 0
      vertex 20.2776 38.1944 13.5
      vertex 20.2776 38.1944 0
    endloop
  endfacet
  facet normal -0.757779 0.652512 0
    outer loop
      vertex 20.2776 38.1944 13.5
      vertex 19.7377 37.5674 0
      vertex 19.7377 37.5674 13.5
    endloop
  endfacet
  facet normal -0.632145 0.77485 0
    outer loop
      vertex 19.7377 37.5674 0
      vertex 19.2083 37.1355 13.5
      vertex 19.7377 37.5674 13.5
    endloop
  endfacet
  facet normal -0.632145 0.77485 0
    outer loop
      vertex 19.2083 37.1355 13.5
      vertex 19.7377 37.5674 0
      vertex 19.2083 37.1355 0
    endloop
  endfacet
  facet normal -0.440637 0.897685 0
    outer loop
      vertex 19.2083 37.1355 0
      vertex 18.6996 36.8858 13.5
      vertex 19.2083 37.1355 13.5
    endloop
  endfacet
  facet normal -0.440637 0.897685 0
    outer loop
      vertex 18.6996 36.8858 13.5
      vertex 19.2083 37.1355 0
      vertex 18.6996 36.8858 0
    endloop
  endfacet
  facet normal -0.16594 0.986136 0
    outer loop
      vertex 18.6996 36.8858 0
      vertex 18.2224 36.8055 13.5
      vertex 18.6996 36.8858 13.5
    endloop
  endfacet
  facet normal -0.16594 0.986136 0
    outer loop
      vertex 18.2224 36.8055 13.5
      vertex 18.6996 36.8858 0
      vertex 18.2224 36.8055 0
    endloop
  endfacet
  facet normal 0.251907 0.967751 -0
    outer loop
      vertex 18.2224 36.8055 0
      vertex 17.572 36.9748 13.5
      vertex 18.2224 36.8055 13.5
    endloop
  endfacet
  facet normal 0.251907 0.967751 0
    outer loop
      vertex 17.572 36.9748 13.5
      vertex 18.2224 36.8055 0
      vertex 17.572 36.9748 0
    endloop
  endfacet
  facet normal 0.666739 0.745291 -0
    outer loop
      vertex 17.572 36.9748 0
      vertex 17.0625 37.4306 13.5
      vertex 17.572 36.9748 13.5
    endloop
  endfacet
  facet normal 0.666739 0.745291 0
    outer loop
      vertex 17.0625 37.4306 13.5
      vertex 17.572 36.9748 0
      vertex 17.0625 37.4306 0
    endloop
  endfacet
  facet normal 0.894185 0.447698 0
    outer loop
      vertex 17.0625 37.4306 13.5
      vertex 16.73 38.0947 0
      vertex 16.73 38.0947 13.5
    endloop
  endfacet
  facet normal 0.894185 0.447698 0
    outer loop
      vertex 16.73 38.0947 0
      vertex 17.0625 37.4306 13.5
      vertex 17.0625 37.4306 0
    endloop
  endfacet
  facet normal 0.988978 0.14806 0
    outer loop
      vertex 16.73 38.0947 13.5
      vertex 16.6111 38.8889 0
      vertex 16.6111 38.8889 13.5
    endloop
  endfacet
  facet normal 0.988978 0.14806 0
    outer loop
      vertex 16.6111 38.8889 0
      vertex 16.73 38.0947 13.5
      vertex 16.73 38.0947 0
    endloop
  endfacet
  facet normal 0.997178 -0.075069 0
    outer loop
      vertex 16.6111 38.8889 13.5
      vertex 16.6432 39.3153 0
      vertex 16.6432 39.3153 13.5
    endloop
  endfacet
  facet normal 0.997178 -0.075069 0
    outer loop
      vertex 16.6432 39.3153 0
      vertex 16.6111 38.8889 13.5
      vertex 16.6111 38.8889 0
    endloop
  endfacet
  facet normal 0.974452 -0.224597 0
    outer loop
      vertex 16.6432 39.3153 13.5
      vertex 16.743 39.7483 0
      vertex 16.743 39.7483 13.5
    endloop
  endfacet
  facet normal 0.974452 -0.224597 0
    outer loop
      vertex 16.743 39.7483 0
      vertex 16.6432 39.3153 13.5
      vertex 16.6432 39.3153 0
    endloop
  endfacet
  facet normal 0.924756 -0.380561 0
    outer loop
      vertex 16.743 39.7483 13.5
      vertex 16.9158 40.1682 0
      vertex 16.9158 40.1682 13.5
    endloop
  endfacet
  facet normal 0.924756 -0.380561 0
    outer loop
      vertex 16.9158 40.1682 0
      vertex 16.743 39.7483 13.5
      vertex 16.743 39.7483 0
    endloop
  endfacet
  facet normal 0.839279 -0.5437 0
    outer loop
      vertex 16.9158 40.1682 13.5
      vertex 17.1667 40.5555 0
      vertex 17.1667 40.5555 13.5
    endloop
  endfacet
  facet normal 0.839279 -0.5437 0
    outer loop
      vertex 17.1667 40.5555 0
      vertex 16.9158 40.1682 13.5
      vertex 16.9158 40.1682 0
    endloop
  endfacet
  facet normal 0.779005 -0.627017 0
    outer loop
      vertex 17.1667 40.5555 13.5
      vertex 17.7422 41.2705 0
      vertex 17.7422 41.2705 13.5
    endloop
  endfacet
  facet normal 0.779005 -0.627017 0
    outer loop
      vertex 17.7422 41.2705 0
      vertex 17.1667 40.5555 13.5
      vertex 17.1667 40.5555 0
    endloop
  endfacet
  facet normal 0.816014 -0.578032 0
    outer loop
      vertex 17.7422 41.2705 13.5
      vertex 18.5209 42.3698 0
      vertex 18.5209 42.3698 13.5
    endloop
  endfacet
  facet normal 0.816014 -0.578032 0
    outer loop
      vertex 18.5209 42.3698 0
      vertex 17.7422 41.2705 13.5
      vertex 17.7422 41.2705 0
    endloop
  endfacet
  facet normal 0.887728 -0.460368 0
    outer loop
      vertex 18.5209 42.3698 13.5
      vertex 19.2057 43.6903 0
      vertex 19.2057 43.6903 13.5
    endloop
  endfacet
  facet normal 0.887728 -0.460368 0
    outer loop
      vertex 19.2057 43.6903 0
      vertex 18.5209 42.3698 13.5
      vertex 18.5209 42.3698 0
    endloop
  endfacet
  facet normal 0.97798 -0.208701 0
    outer loop
      vertex 19.2057 43.6903 13.5
      vertex 19.5 45.0694 0
      vertex 19.5 45.0694 13.5
    endloop
  endfacet
  facet normal 0.97798 -0.208701 0
    outer loop
      vertex 19.5 45.0694 0
      vertex 19.2057 43.6903 13.5
      vertex 19.2057 43.6903 0
    endloop
  endfacet
  facet normal 0.996846 0.0793629 0
    outer loop
      vertex 19.5 45.0694 13.5
      vertex 19.467 45.4839 0
      vertex 19.467 45.4839 13.5
    endloop
  endfacet
  facet normal 0.996846 0.0793629 0
    outer loop
      vertex 19.467 45.4839 0
      vertex 19.5 45.0694 13.5
      vertex 19.5 45.0694 0
    endloop
  endfacet
  facet normal 0.966871 0.255264 0
    outer loop
      vertex 19.467 45.4839 13.5
      vertex 19.361 45.8854 0
      vertex 19.361 45.8854 13.5
    endloop
  endfacet
  facet normal 0.966871 0.255264 0
    outer loop
      vertex 19.361 45.8854 0
      vertex 19.467 45.4839 13.5
      vertex 19.467 45.4839 0
    endloop
  endfacet
  facet normal 0.893044 0.44997 0
    outer loop
      vertex 19.361 45.8854 13.5
      vertex 19.1718 46.2609 0
      vertex 19.1718 46.2609 13.5
    endloop
  endfacet
  facet normal 0.893044 0.44997 0
    outer loop
      vertex 19.1718 46.2609 0
      vertex 19.361 45.8854 13.5
      vertex 19.361 45.8854 0
    endloop
  endfacet
  facet normal 0.765324 0.643645 0
    outer loop
      vertex 19.1718 46.2609 13.5
      vertex 18.8888 46.5974 0
      vertex 18.8888 46.5974 13.5
    endloop
  endfacet
  facet normal 0.765324 0.643645 0
    outer loop
      vertex 18.8888 46.5974 0
      vertex 19.1718 46.2609 13.5
      vertex 19.1718 46.2609 0
    endloop
  endfacet
  facet normal 0.46679 0.884368 -0
    outer loop
      vertex 18.8888 46.5974 0
      vertex 18.2742 46.9218 13.5
      vertex 18.8888 46.5974 13.5
    endloop
  endfacet
  facet normal 0.46679 0.884368 0
    outer loop
      vertex 18.2742 46.9218 13.5
      vertex 18.8888 46.5974 0
      vertex 18.2742 46.9218 0
    endloop
  endfacet
  facet normal 0.374378 0.927276 -0
    outer loop
      vertex 18.2742 46.9218 0
      vertex 17.6805 47.1615 13.5
      vertex 18.2742 46.9218 13.5
    endloop
  endfacet
  facet normal 0.374378 0.927276 0
    outer loop
      vertex 17.6805 47.1615 13.5
      vertex 18.2742 46.9218 0
      vertex 17.6805 47.1615 0
    endloop
  endfacet
  facet normal 0.250874 0.96802 -0
    outer loop
      vertex 17.6805 47.1615 0
      vertex 17.1075 47.31 13.5
      vertex 17.6805 47.1615 13.5
    endloop
  endfacet
  facet normal 0.250874 0.96802 0
    outer loop
      vertex 17.1075 47.31 13.5
      vertex 17.6805 47.1615 0
      vertex 17.1075 47.31 0
    endloop
  endfacet
  facet normal 0.0919995 0.995759 -0
    outer loop
      vertex 17.1075 47.31 0
      vertex 16.5555 47.361 13.5
      vertex 17.1075 47.31 13.5
    endloop
  endfacet
  facet normal 0.0919995 0.995759 0
    outer loop
      vertex 16.5555 47.361 13.5
      vertex 17.1075 47.31 0
      vertex 16.5555 47.361 0
    endloop
  endfacet
  facet normal -0.493393 0.869806 0
    outer loop
      vertex 16.5555 47.361 0
      vertex 12.5842 45.1083 13.5
      vertex 16.5555 47.361 13.5
    endloop
  endfacet
  facet normal -0.493393 0.869806 0
    outer loop
      vertex 12.5842 45.1083 13.5
      vertex 16.5555 47.361 0
      vertex 12.5842 45.1083 0
    endloop
  endfacet
  facet normal -0.872896 0.487906 0
    outer loop
      vertex 9.53473 39.6526 0
      vertex 12.5842 45.1083 13.5
      vertex 12.5842 45.1083 0
    endloop
  endfacet
  facet normal -0.872896 0.487906 0
    outer loop
      vertex 12.5842 45.1083 13.5
      vertex 9.53473 39.6526 0
      vertex 9.53473 39.6526 13.5
    endloop
  endfacet
  facet normal -0.96 0.280001 0
    outer loop
      vertex 7.57892 32.947 0
      vertex 9.53473 39.6526 13.5
      vertex 9.53473 39.6526 0
    endloop
  endfacet
  facet normal -0.96 0.280001 0
    outer loop
      vertex 9.53473 39.6526 13.5
      vertex 7.57892 32.947 0
      vertex 7.57892 32.947 13.5
    endloop
  endfacet
  facet normal -0.993456 0.114219 0
    outer loop
      vertex 6.88879 26.9444 0
      vertex 7.57892 32.947 13.5
      vertex 7.57892 32.947 0
    endloop
  endfacet
  facet normal -0.993456 0.114219 0
    outer loop
      vertex 7.57892 32.947 13.5
      vertex 6.88879 26.9444 0
      vertex 6.88879 26.9444 13.5
    endloop
  endfacet
  facet normal -0.998923 -0.0464046 0
    outer loop
      vertex 6.95306 25.5609 0
      vertex 6.88879 26.9444 13.5
      vertex 6.88879 26.9444 0
    endloop
  endfacet
  facet normal -0.998923 -0.0464046 0
    outer loop
      vertex 6.88879 26.9444 13.5
      vertex 6.95306 25.5609 0
      vertex 6.95306 25.5609 13.5
    endloop
  endfacet
  facet normal -0.983641 -0.18014 0
    outer loop
      vertex 7.15277 24.4704 0
      vertex 6.95306 25.5609 13.5
      vertex 6.95306 25.5609 0
    endloop
  endfacet
  facet normal -0.983641 -0.18014 0
    outer loop
      vertex 6.95306 25.5609 13.5
      vertex 7.15277 24.4704 0
      vertex 7.15277 24.4704 13.5
    endloop
  endfacet
  facet normal -0.905854 -0.42359 0
    outer loop
      vertex 7.49829 23.7315 0
      vertex 7.15277 24.4704 13.5
      vertex 7.15277 24.4704 0
    endloop
  endfacet
  facet normal -0.905854 -0.42359 0
    outer loop
      vertex 7.15277 24.4704 13.5
      vertex 7.49829 23.7315 0
      vertex 7.49829 23.7315 13.5
    endloop
  endfacet
  facet normal -0.547902 -0.836543 0
    outer loop
      vertex 7.49829 23.7315 0
      vertex 8 23.4029 13.5
      vertex 7.49829 23.7315 13.5
    endloop
  endfacet
  facet normal -0.547902 -0.836543 -0
    outer loop
      vertex 8 23.4029 13.5
      vertex 7.49829 23.7315 0
      vertex 8 23.4029 0
    endloop
  endfacet
  facet normal 0 -1 0
    outer loop
      vertex 8 23.4029 0
      vertex 8.27759 23.4029 13.5
      vertex 8 23.4029 13.5
    endloop
  endfacet
  facet normal 0 -1 -0
    outer loop
      vertex 8.27759 23.4029 13.5
      vertex 8 23.4029 0
      vertex 8.27759 23.4029 0
    endloop
  endfacet
  facet normal 0.224343 -0.97451 0
    outer loop
      vertex 8.27759 23.4029 0
      vertex 9.97473 23.7936 13.5
      vertex 8.27759 23.4029 13.5
    endloop
  endfacet
  facet normal 0.224343 -0.97451 0
    outer loop
      vertex 9.97473 23.7936 13.5
      vertex 8.27759 23.4029 0
      vertex 9.97473 23.7936 0
    endloop
  endfacet
  facet normal 0.466485 -0.884529 0
    outer loop
      vertex 9.97473 23.7936 0
      vertex 11.6041 24.6529 13.5
      vertex 9.97473 23.7936 13.5
    endloop
  endfacet
  facet normal 0.466485 -0.884529 0
    outer loop
      vertex 11.6041 24.6529 13.5
      vertex 9.97473 23.7936 0
      vertex 11.6041 24.6529 0
    endloop
  endfacet
  facet normal 0.498649 -0.866804 0
    outer loop
      vertex 11.6041 24.6529 0
      vertex 13.098 25.5123 13.5
      vertex 11.6041 24.6529 13.5
    endloop
  endfacet
  facet normal 0.498649 -0.866804 0
    outer loop
      vertex 13.098 25.5123 13.5
      vertex 11.6041 24.6529 0
      vertex 13.098 25.5123 0
    endloop
  endfacet
  facet normal 0.289633 -0.957138 0
    outer loop
      vertex 13.098 25.5123 0
      vertex 14.3888 25.9029 13.5
      vertex 13.098 25.5123 13.5
    endloop
  endfacet
  facet normal 0.289633 -0.957138 0
    outer loop
      vertex 14.3888 25.9029 13.5
      vertex 13.098 25.5123 0
      vertex 14.3888 25.9029 0
    endloop
  endfacet
  facet normal -0.0903689 -0.995908 0
    outer loop
      vertex 14.3888 25.9029 0
      vertex 14.7117 25.8736 13.5
      vertex 14.3888 25.9029 13.5
    endloop
  endfacet
  facet normal -0.0903689 -0.995908 -0
    outer loop
      vertex 14.7117 25.8736 13.5
      vertex 14.3888 25.9029 0
      vertex 14.7117 25.8736 0
    endloop
  endfacet
  facet normal -0.316699 -0.948526 0
    outer loop
      vertex 14.7117 25.8736 0
      vertex 15.0139 25.7727 13.5
      vertex 14.7117 25.8736 13.5
    endloop
  endfacet
  facet normal -0.316699 -0.948526 -0
    outer loop
      vertex 15.0139 25.7727 13.5
      vertex 14.7117 25.8736 0
      vertex 15.0139 25.7727 0
    endloop
  endfacet
  facet normal -0.563747 -0.825948 0
    outer loop
      vertex 15.0139 25.7727 0
      vertex 15.2952 25.5807 13.5
      vertex 15.0139 25.7727 13.5
    endloop
  endfacet
  facet normal -0.563747 -0.825948 -0
    outer loop
      vertex 15.2952 25.5807 13.5
      vertex 15.0139 25.7727 0
      vertex 15.2952 25.5807 0
    endloop
  endfacet
  facet normal -0.758319 -0.651884 0
    outer loop
      vertex 15.5555 25.2779 0
      vertex 15.2952 25.5807 13.5
      vertex 15.2952 25.5807 0
    endloop
  endfacet
  facet normal -0.758319 -0.651884 0
    outer loop
      vertex 15.2952 25.5807 13.5
      vertex 15.5555 25.2779 0
      vertex 15.5555 25.2779 13.5
    endloop
  endfacet
  facet normal -0.588365 -0.808596 0
    outer loop
      vertex 15.5555 25.2779 0
      vertex 16.1536 24.8427 13.5
      vertex 15.5555 25.2779 13.5
    endloop
  endfacet
  facet normal -0.588365 -0.808596 -0
    outer loop
      vertex 16.1536 24.8427 13.5
      vertex 15.5555 25.2779 0
      vertex 16.1536 24.8427 0
    endloop
  endfacet
  facet normal -0.810178 -0.586184 0
    outer loop
      vertex 16.5485 24.2969 0
      vertex 16.1536 24.8427 13.5
      vertex 16.1536 24.8427 0
    endloop
  endfacet
  facet normal -0.810178 -0.586184 0
    outer loop
      vertex 16.1536 24.8427 13.5
      vertex 16.5485 24.2969 0
      vertex 16.5485 24.2969 13.5
    endloop
  endfacet
  facet normal -0.941895 -0.335907 0
    outer loop
      vertex 16.7664 23.6859 0
      vertex 16.5485 24.2969 13.5
      vertex 16.5485 24.2969 0
    endloop
  endfacet
  facet normal -0.941895 -0.335907 0
    outer loop
      vertex 16.5485 24.2969 13.5
      vertex 16.7664 23.6859 0
      vertex 16.7664 23.6859 13.5
    endloop
  endfacet
  facet normal -0.994433 -0.105375 0
    outer loop
      vertex 16.8332 23.0555 0
      vertex 16.7664 23.6859 13.5
      vertex 16.7664 23.6859 0
    endloop
  endfacet
  facet normal -0.994433 -0.105375 0
    outer loop
      vertex 16.7664 23.6859 13.5
      vertex 16.8332 23.0555 0
      vertex 16.8332 23.0555 13.5
    endloop
  endfacet
  facet normal -0.992165 0.124936 0
    outer loop
      vertex 16.7377 22.2971 0
      vertex 16.8332 23.0555 13.5
      vertex 16.8332 23.0555 0
    endloop
  endfacet
  facet normal -0.992165 0.124936 0
    outer loop
      vertex 16.8332 23.0555 13.5
      vertex 16.7377 22.2971 0
      vertex 16.7377 22.2971 13.5
    endloop
  endfacet
  facet normal -0.936791 0.349889 0
    outer loop
      vertex 16.486 21.6232 0
      vertex 16.7377 22.2971 13.5
      vertex 16.7377 22.2971 0
    endloop
  endfacet
  facet normal -0.936791 0.349889 0
    outer loop
      vertex 16.7377 22.2971 13.5
      vertex 16.486 21.6232 0
      vertex 16.486 21.6232 13.5
    endloop
  endfacet
  facet normal -0.830482 0.557046 0
    outer loop
      vertex 16.1301 21.0926 0
      vertex 16.486 21.6232 13.5
      vertex 16.486 21.6232 0
    endloop
  endfacet
  facet normal -0.830482 0.557046 0
    outer loop
      vertex 16.486 21.6232 13.5
      vertex 16.1301 21.0926 0
      vertex 16.1301 21.0926 13.5
    endloop
  endfacet
  facet normal -0.627648 0.778497 0
    outer loop
      vertex 16.1301 21.0926 0
      vertex 15.7224 20.7639 13.5
      vertex 16.1301 21.0926 13.5
    endloop
  endfacet
  facet normal -0.627648 0.778497 0
    outer loop
      vertex 15.7224 20.7639 13.5
      vertex 16.1301 21.0926 0
      vertex 15.7224 20.7639 0
    endloop
  endfacet
  facet normal -0.592018 0.805924 0
    outer loop
      vertex 15.7224 20.7639 0
      vertex 13.2527 18.9497 13.5
      vertex 15.7224 20.7639 13.5
    endloop
  endfacet
  facet normal -0.592018 0.805924 0
    outer loop
      vertex 13.2527 18.9497 13.5
      vertex 15.7224 20.7639 0
      vertex 13.2527 18.9497 0
    endloop
  endfacet
  facet normal -0.793252 0.608893 0
    outer loop
      vertex 11.3404 16.4584 0
      vertex 13.2527 18.9497 13.5
      vertex 13.2527 18.9497 0
    endloop
  endfacet
  facet normal -0.793252 0.608893 0
    outer loop
      vertex 13.2527 18.9497 13.5
      vertex 11.3404 16.4584 0
      vertex 11.3404 16.4584 13.5
    endloop
  endfacet
  facet normal -0.922854 0.385149 0
    outer loop
      vertex 10.1051 13.4985 0
      vertex 11.3404 16.4584 13.5
      vertex 11.3404 16.4584 0
    endloop
  endfacet
  facet normal -0.922854 0.385149 0
    outer loop
      vertex 11.3404 16.4584 13.5
      vertex 10.1051 13.4985 0
      vertex 10.1051 13.4985 13.5
    endloop
  endfacet
  facet normal -0.990864 0.134865 0
    outer loop
      vertex 9.66675 10.2779 0
      vertex 10.1051 13.4985 13.5
      vertex 10.1051 13.4985 0
    endloop
  endfacet
  facet normal -0.990864 0.134865 0
    outer loop
      vertex 10.1051 13.4985 13.5
      vertex 9.66675 10.2779 0
      vertex 9.66675 10.2779 13.5
    endloop
  endfacet
  facet normal -0.997524 -0.0703265 0
    outer loop
      vertex 9.77094 8.80005 0
      vertex 9.66675 10.2779 13.5
      vertex 9.66675 10.2779 0
    endloop
  endfacet
  facet normal -0.997524 -0.0703265 0
    outer loop
      vertex 9.66675 10.2779 13.5
      vertex 9.77094 8.80005 0
      vertex 9.77094 8.80005 13.5
    endloop
  endfacet
  facet normal -0.978738 -0.205116 0
    outer loop
      vertex 10.0834 7.30911 0
      vertex 9.77094 8.80005 13.5
      vertex 9.77094 8.80005 0
    endloop
  endfacet
  facet normal -0.978738 -0.205116 0
    outer loop
      vertex 9.77094 8.80005 13.5
      vertex 10.0834 7.30911 0
      vertex 10.0834 7.30911 13.5
    endloop
  endfacet
  facet normal -0.942227 -0.334975 0
    outer loop
      vertex 10.6042 5.84419 0
      vertex 10.0834 7.30911 13.5
      vertex 10.0834 7.30911 0
    endloop
  endfacet
  facet normal -0.942227 -0.334975 0
    outer loop
      vertex 10.0834 7.30911 13.5
      vertex 10.6042 5.84419 0
      vertex 10.6042 5.84419 13.5
    endloop
  endfacet
  facet normal -0.886925 -0.461914 0
    outer loop
      vertex 11.3332 4.44443 0
      vertex 10.6042 5.84419 13.5
      vertex 10.6042 5.84419 0
    endloop
  endfacet
  facet normal -0.886925 -0.461914 0
    outer loop
      vertex 10.6042 5.84419 13.5
      vertex 11.3332 4.44443 0
      vertex 11.3332 4.44443 13.5
    endloop
  endfacet
  facet normal -0.771588 -0.636122 0
    outer loop
      vertex 12.8514 2.60292 0
      vertex 11.3332 4.44443 13.5
      vertex 11.3332 4.44443 0
    endloop
  endfacet
  facet normal -0.771588 -0.636122 0
    outer loop
      vertex 11.3332 4.44443 13.5
      vertex 12.8514 2.60292 0
      vertex 12.8514 2.60292 13.5
    endloop
  endfacet
  facet normal -0.636672 -0.771135 0
    outer loop
      vertex 12.8514 2.60292 0
      vertex 14.3957 1.3279 13.5
      vertex 12.8514 2.60292 13.5
    endloop
  endfacet
  facet normal -0.636672 -0.771135 -0
    outer loop
      vertex 14.3957 1.3279 13.5
      vertex 12.8514 2.60292 0
      vertex 14.3957 1.3279 0
    endloop
  endfacet
  facet normal -0.430307 -0.902682 0
    outer loop
      vertex 14.3957 1.3279 0
      vertex 15.9504 0.586777 13.5
      vertex 14.3957 1.3279 13.5
    endloop
  endfacet
  facet normal -0.430307 -0.902682 -0
    outer loop
      vertex 15.9504 0.586777 13.5
      vertex 14.3957 1.3279 0
      vertex 15.9504 0.586777 0
    endloop
  endfacet
  facet normal -0.152924 -0.988238 0
    outer loop
      vertex 15.9504 0.586777 0
      vertex 17.5 0.346985 13.5
      vertex 15.9504 0.586777 13.5
    endloop
  endfacet
  facet normal -0.152924 -0.988238 -0
    outer loop
      vertex 17.5 0.346985 13.5
      vertex 15.9504 0.586777 0
      vertex 17.5 0.346985 0
    endloop
  endfacet
  facet normal 0.400323 -0.916374 0
    outer loop
      vertex 17.5 0.346985 0
      vertex 22.408 2.49107 13.5
      vertex 17.5 0.346985 13.5
    endloop
  endfacet
  facet normal 0.400323 -0.916374 0
    outer loop
      vertex 22.408 2.49107 13.5
      vertex 17.5 0.346985 0
      vertex 22.408 2.49107 0
    endloop
  endfacet
  facet normal 0.785535 -0.618818 0
    outer loop
      vertex 22.408 2.49107 13.5
      vertex 26.764 8.02063 0
      vertex 26.764 8.02063 13.5
    endloop
  endfacet
  facet normal 0.785535 -0.618818 0
    outer loop
      vertex 26.764 8.02063 0
      vertex 22.408 2.49107 13.5
      vertex 22.408 2.49107 0
    endloop
  endfacet
  facet normal 0.913079 -0.407783 0
    outer loop
      vertex 26.764 8.02063 13.5
      vertex 30.1407 15.5815 0
      vertex 30.1407 15.5815 13.5
    endloop
  endfacet
  facet normal 0.913079 -0.407783 0
    outer loop
      vertex 30.1407 15.5815 0
      vertex 26.764 8.02063 13.5
      vertex 26.764 8.02063 0
    endloop
  endfacet
  facet normal 0.972564 -0.232637 0
    outer loop
      vertex 30.1407 15.5815 13.5
      vertex 31.0764 19.4933 0
      vertex 31.0764 19.4933 13.5
    endloop
  endfacet
  facet normal 0.972564 -0.232637 0
    outer loop
      vertex 31.0764 19.4933 0
      vertex 30.1407 15.5815 13.5
      vertex 30.1407 15.5815 0
    endloop
  endfacet
  facet normal 0.99914 -0.0414726 0
    outer loop
      vertex 31.0764 19.4933 13.5
      vertex 31.1889 22.2036 0
      vertex 31.1889 22.2036 13.5
    endloop
  endfacet
  facet normal 0.99914 -0.0414726 0
    outer loop
      vertex 31.1889 22.2036 0
      vertex 31.0764 19.4933 13.5
      vertex 31.0764 19.4933 0
    endloop
  endfacet
  facet normal 0.993863 -0.110619 0
    outer loop
      vertex 31.1889 22.2036 13.5
      vertex 31.8296 27.96 0
      vertex 31.8296 27.96 13.5
    endloop
  endfacet
  facet normal 0.993863 -0.110619 0
    outer loop
      vertex 31.8296 27.96 0
      vertex 31.1889 22.2036 13.5
      vertex 31.1889 22.2036 0
    endloop
  endfacet
  facet normal 0.985511 -0.169609 0
    outer loop
      vertex 31.8296 27.96 13.5
      vertex 32.5536 32.1668 0
      vertex 32.5536 32.1668 13.5
    endloop
  endfacet
  facet normal 0.985511 -0.169609 0
    outer loop
      vertex 32.5536 32.1668 0
      vertex 31.8296 27.96 13.5
      vertex 31.8296 27.96 0
    endloop
  endfacet
  facet normal 0.967091 -0.254431 0
    outer loop
      vertex 32.5536 32.1668 13.5
      vertex 33.0797 34.1665 0
      vertex 33.0797 34.1665 13.5
    endloop
  endfacet
  facet normal 0.967091 -0.254431 0
    outer loop
      vertex 33.0797 34.1665 0
      vertex 32.5536 32.1668 13.5
      vertex 32.5536 32.1668 0
    endloop
  endfacet
  facet normal 0.917931 -0.39674 0
    outer loop
      vertex 33.0797 34.1665 13.5
      vertex 34.0144 36.3291 0
      vertex 34.0144 36.3291 13.5
    endloop
  endfacet
  facet normal 0.917931 -0.39674 0
    outer loop
      vertex 34.0144 36.3291 0
      vertex 33.0797 34.1665 13.5
      vertex 33.0797 34.1665 0
    endloop
  endfacet
  facet normal 0.798427 -0.602092 0
    outer loop
      vertex 34.0144 36.3291 13.5
      vertex 35.1003 37.7691 0
      vertex 35.1003 37.7691 13.5
    endloop
  endfacet
  facet normal 0.798427 -0.602092 0
    outer loop
      vertex 35.1003 37.7691 0
      vertex 34.0144 36.3291 13.5
      vertex 34.0144 36.3291 0
    endloop
  endfacet
  facet normal 0.569011 -0.82233 0
    outer loop
      vertex 35.1003 37.7691 0
      vertex 36.2592 38.571 13.5
      vertex 35.1003 37.7691 13.5
    endloop
  endfacet
  facet normal 0.569011 -0.82233 0
    outer loop
      vertex 36.2592 38.571 13.5
      vertex 35.1003 37.7691 0
      vertex 36.2592 38.571 0
    endloop
  endfacet
  facet normal 0.210501 -0.977594 0
    outer loop
      vertex 36.2592 38.571 0
      vertex 37.4128 38.8194 13.5
      vertex 36.2592 38.571 13.5
    endloop
  endfacet
  facet normal 0.210501 -0.977594 0
    outer loop
      vertex 37.4128 38.8194 13.5
      vertex 36.2592 38.571 0
      vertex 37.4128 38.8194 0
    endloop
  endfacet
  facet normal -0.194728 -0.980857 0
    outer loop
      vertex 37.4128 38.8194 0
      vertex 38.5275 38.5981 13.5
      vertex 37.4128 38.8194 13.5
    endloop
  endfacet
  facet normal -0.194728 -0.980857 -0
    outer loop
      vertex 38.5275 38.5981 13.5
      vertex 37.4128 38.8194 0
      vertex 38.5275 38.5981 0
    endloop
  endfacet
  facet normal -0.534111 -0.845414 0
    outer loop
      vertex 38.5275 38.5981 0
      vertex 39.4962 37.9861 13.5
      vertex 38.5275 38.5981 13.5
    endloop
  endfacet
  facet normal -0.534111 -0.845414 -0
    outer loop
      vertex 39.4962 37.9861 13.5
      vertex 38.5275 38.5981 0
      vertex 39.4962 37.9861 0
    endloop
  endfacet
  facet normal -0.772328 -0.635224 0
    outer loop
      vertex 40.2565 37.0617 0
      vertex 39.4962 37.9861 13.5
      vertex 39.4962 37.9861 0
    endloop
  endfacet
  facet normal -0.772328 -0.635224 0
    outer loop
      vertex 39.4962 37.9861 13.5
      vertex 40.2565 37.0617 0
      vertex 40.2565 37.0617 13.5
    endloop
  endfacet
  facet normal -0.921184 -0.389126 0
    outer loop
      vertex 40.746 35.9029 0
      vertex 40.2565 37.0617 13.5
      vertex 40.2565 37.0617 0
    endloop
  endfacet
  facet normal -0.921184 -0.389126 0
    outer loop
      vertex 40.2565 37.0617 13.5
      vertex 40.746 35.9029 0
      vertex 40.746 35.9029 13.5
    endloop
  endfacet
  facet normal -0.974588 -0.224004 0
    outer loop
      vertex 41.0291 34.6712 0
      vertex 40.746 35.9029 13.5
      vertex 40.746 35.9029 0
    endloop
  endfacet
  facet normal -0.974588 -0.224004 0
    outer loop
      vertex 40.746 35.9029 13.5
      vertex 41.0291 34.6712 0
      vertex 41.0291 34.6712 13.5
    endloop
  endfacet
  facet normal -0.990749 -0.135705 0
    outer loop
      vertex 41.2183 33.2899 0
      vertex 41.0291 34.6712 13.5
      vertex 41.0291 34.6712 0
    endloop
  endfacet
  facet normal -0.990749 -0.135705 0
    outer loop
      vertex 41.0291 34.6712 13.5
      vertex 41.2183 33.2899 0
      vertex 41.2183 33.2899 13.5
    endloop
  endfacet
  facet normal -0.997507 -0.0705658 0
    outer loop
      vertex 41.3243 31.7915 0
      vertex 41.2183 33.2899 13.5
      vertex 41.2183 33.2899 0
    endloop
  endfacet
  facet normal -0.997507 -0.0705658 0
    outer loop
      vertex 41.2183 33.2899 13.5
      vertex 41.3243 31.7915 0
      vertex 41.3243 31.7915 13.5
    endloop
  endfacet
  facet normal -0.999784 -0.0207775 0
    outer loop
      vertex 41.3572 30.2084 0
      vertex 41.3243 31.7915 13.5
      vertex 41.3243 31.7915 0
    endloop
  endfacet
  facet normal -0.999784 -0.0207775 0
    outer loop
      vertex 41.3243 31.7915 13.5
      vertex 41.3572 30.2084 0
      vertex 41.3572 30.2084 13.5
    endloop
  endfacet
  facet normal -0.998301 0.0582632 0
    outer loop
      vertex 40.9493 23.2193 0
      vertex 41.3572 30.2084 13.5
      vertex 41.3572 30.2084 0
    endloop
  endfacet
  facet normal -0.998301 0.0582632 0
    outer loop
      vertex 41.3572 30.2084 13.5
      vertex 40.9493 23.2193 0
      vertex 40.9493 23.2193 13.5
    endloop
  endfacet
  facet normal -0.992845 0.119407 0
    outer loop
      vertex 40.0516 15.7551 0
      vertex 40.9493 23.2193 13.5
      vertex 40.9493 23.2193 0
    endloop
  endfacet
  facet normal -0.992845 0.119407 0
    outer loop
      vertex 40.9493 23.2193 13.5
      vertex 40.0516 15.7551 0
      vertex 40.0516 15.7551 13.5
    endloop
  endfacet
  facet normal -0.992018 0.1261 0
    outer loop
      vertex 39.1541 8.69453 0
      vertex 40.0516 15.7551 13.5
      vertex 40.0516 15.7551 0
    endloop
  endfacet
  facet normal -0.992018 0.1261 0
    outer loop
      vertex 40.0516 15.7551 13.5
      vertex 39.1541 8.69453 0
      vertex 39.1541 8.69453 13.5
    endloop
  endfacet
  facet normal -0.997515 0.070454 0
    outer loop
      vertex 38.746 2.91649 0
      vertex 39.1541 8.69453 13.5
      vertex 39.1541 8.69453 0
    endloop
  endfacet
  facet normal -0.997515 0.070454 0
    outer loop
      vertex 39.1541 8.69453 13.5
      vertex 38.746 2.91649 0
      vertex 38.746 2.91649 13.5
    endloop
  endfacet
  facet normal -0.998727 -0.0504497 0
    outer loop
      vertex 38.8337 1.18034 0
      vertex 38.746 2.91649 13.5
      vertex 38.746 2.91649 0
    endloop
  endfacet
  facet normal -0.998727 -0.0504497 0
    outer loop
      vertex 38.746 2.91649 13.5
      vertex 38.8337 1.18034 0
      vertex 38.8337 1.18034 13.5
    endloop
  endfacet
  facet normal -0.978151 -0.207898 0
    outer loop
      vertex 39.1141 -0.138931 0
      vertex 38.8337 1.18034 13.5
      vertex 38.8337 1.18034 0
    endloop
  endfacet
  facet normal -0.978151 -0.207898 0
    outer loop
      vertex 38.8337 1.18034 13.5
      vertex 39.1141 -0.138931 0
      vertex 39.1141 -0.138931 13.5
    endloop
  endfacet
  facet normal -0.862465 -0.506117 0
    outer loop
      vertex 39.6133 -0.989609 0
      vertex 39.1141 -0.138931 13.5
      vertex 39.1141 -0.138931 0
    endloop
  endfacet
  facet normal -0.862465 -0.506117 0
    outer loop
      vertex 39.1141 -0.138931 13.5
      vertex 39.6133 -0.989609 0
      vertex 39.6133 -0.989609 13.5
    endloop
  endfacet
  facet normal -0.405316 -0.914177 0
    outer loop
      vertex 39.6133 -0.989609 0
      vertex 40.3572 -1.31943 13.5
      vertex 39.6133 -0.989609 13.5
    endloop
  endfacet
  facet normal -0.405316 -0.914177 -0
    outer loop
      vertex 40.3572 -1.31943 13.5
      vertex 39.6133 -0.989609 0
      vertex 40.3572 -1.31943 0
    endloop
  endfacet
  facet normal 0.443508 -0.896271 0
    outer loop
      vertex 40.3572 -1.31943 0
      vertex 47.0275 1.98128 13.5
      vertex 40.3572 -1.31943 13.5
    endloop
  endfacet
  facet normal 0.443508 -0.896271 0
    outer loop
      vertex 47.0275 1.98128 13.5
      vertex 40.3572 -1.31943 0
      vertex 47.0275 1.98128 0
    endloop
  endfacet
  facet normal 0.885363 -0.4649 0
    outer loop
      vertex 47.0275 1.98128 13.5
      vertex 51.0101 9.56581 0
      vertex 51.0101 9.56581 13.5
    endloop
  endfacet
  facet normal 0.885363 -0.4649 0
    outer loop
      vertex 51.0101 9.56581 0
      vertex 47.0275 1.98128 13.5
      vertex 47.0275 1.98128 0
    endloop
  endfacet
  facet normal 0.970375 -0.241605 0
    outer loop
      vertex 51.0101 9.56581 13.5
      vertex 51.5287 11.6487 0
      vertex 51.5287 11.6487 13.5
    endloop
  endfacet
  facet normal 0.970375 -0.241605 0
    outer loop
      vertex 51.5287 11.6487 0
      vertex 51.0101 9.56581 13.5
      vertex 51.0101 9.56581 0
    endloop
  endfacet
  facet normal 0.996837 0.079478 0
    outer loop
      vertex 51.5287 11.6487 13.5
      vertex 51.4885 12.1529 0
      vertex 51.4885 12.1529 13.5
    endloop
  endfacet
  facet normal 0.996837 0.079478 0
    outer loop
      vertex 51.4885 12.1529 0
      vertex 51.5287 11.6487 13.5
      vertex 51.5287 11.6487 0
    endloop
  endfacet
  facet normal 0.993652 -0.112495 0
    outer loop
      vertex 51.4885 12.1529 13.5
      vertex 52.3349 19.629 0
      vertex 52.3349 19.629 13.5
    endloop
  endfacet
  facet normal 0.993652 -0.112495 0
    outer loop
      vertex 52.3349 19.629 0
      vertex 51.4885 12.1529 13.5
      vertex 51.4885 12.1529 0
    endloop
  endfacet
  facet normal 0.951306 -0.308247 0
    outer loop
      vertex 52.3349 19.629 13.5
      vertex 54.5928 26.5973 0
      vertex 54.5928 26.5973 13.5
    endloop
  endfacet
  facet normal 0.951306 -0.308247 0
    outer loop
      vertex 54.5928 26.5973 0
      vertex 52.3349 19.629 13.5
      vertex 52.3349 19.629 0
    endloop
  endfacet
  facet normal 0.859375 -0.511345 0
    outer loop
      vertex 54.5928 26.5973 13.5
      vertex 57.8403 32.0551 0
      vertex 57.8403 32.0551 13.5
    endloop
  endfacet
  facet normal 0.859375 -0.511345 0
    outer loop
      vertex 57.8403 32.0551 0
      vertex 54.5928 26.5973 13.5
      vertex 54.5928 26.5973 0
    endloop
  endfacet
  facet normal 0.611051 -0.791592 0
    outer loop
      vertex 57.8403 32.0551 0
      vertex 61.6553 35 13.5
      vertex 57.8403 32.0551 13.5
    endloop
  endfacet
  facet normal 0.611051 -0.791592 0
    outer loop
      vertex 61.6553 35 13.5
      vertex 57.8403 32.0551 0
      vertex 61.6553 35 0
    endloop
  endfacet
  facet normal 0.300887 -0.95366 0
    outer loop
      vertex 61.6553 35 0
      vertex 62.5903 35.295 13.5
      vertex 61.6553 35 13.5
    endloop
  endfacet
  facet normal 0.300887 -0.95366 0
    outer loop
      vertex 62.5903 35.295 13.5
      vertex 61.6553 35 0
      vertex 62.5903 35.295 0
    endloop
  endfacet
  facet normal 0.245359 -0.969432 0
    outer loop
      vertex 62.5903 35.295 0
      vertex 63.5512 35.5382 13.5
      vertex 62.5903 35.295 13.5
    endloop
  endfacet
  facet normal 0.245359 -0.969432 0
    outer loop
      vertex 63.5512 35.5382 13.5
      vertex 62.5903 35.295 0
      vertex 63.5512 35.5382 0
    endloop
  endfacet
  facet normal 0.167377 -0.985893 0
    outer loop
      vertex 63.5512 35.5382 0
      vertex 64.5225 35.7031 13.5
      vertex 63.5512 35.5382 13.5
    endloop
  endfacet
  facet normal 0.167377 -0.985893 0
    outer loop
      vertex 64.5225 35.7031 13.5
      vertex 63.5512 35.5382 0
      vertex 64.5225 35.7031 0
    endloop
  endfacet
  facet normal 0.0628157 -0.998025 0
    outer loop
      vertex 64.5225 35.7031 0
      vertex 65.4885 35.7639 13.5
      vertex 64.5225 35.7031 13.5
    endloop
  endfacet
  facet normal 0.0628157 -0.998025 0
    outer loop
      vertex 65.4885 35.7639 13.5
      vertex 64.5225 35.7031 0
      vertex 65.4885 35.7639 0
    endloop
  endfacet
  facet normal -0.0909521 -0.995855 0
    outer loop
      vertex 65.4885 35.7639 0
      vertex 66.5451 35.6674 13.5
      vertex 65.4885 35.7639 13.5
    endloop
  endfacet
  facet normal -0.0909521 -0.995855 -0
    outer loop
      vertex 66.5451 35.6674 13.5
      vertex 65.4885 35.7639 0
      vertex 66.5451 35.6674 0
    endloop
  endfacet
  facet normal -0.303312 -0.952891 0
    outer loop
      vertex 66.5451 35.6674 0
      vertex 67.5234 35.356 13.5
      vertex 66.5451 35.6674 13.5
    endloop
  endfacet
  facet normal -0.303312 -0.952891 -0
    outer loop
      vertex 67.5234 35.356 13.5
      vertex 66.5451 35.6674 0
      vertex 67.5234 35.356 0
    endloop
  endfacet
  facet normal -0.543207 -0.839599 0
    outer loop
      vertex 67.5234 35.356 0
      vertex 68.3871 34.7972 13.5
      vertex 67.5234 35.356 13.5
    endloop
  endfacet
  facet normal -0.543207 -0.839599 -0
    outer loop
      vertex 68.3871 34.7972 13.5
      vertex 67.5234 35.356 0
      vertex 68.3871 34.7972 0
    endloop
  endfacet
  facet normal -0.76211 -0.647448 0
    outer loop
      vertex 69.0997 33.9584 0
      vertex 68.3871 34.7972 13.5
      vertex 68.3871 34.7972 0
    endloop
  endfacet
  facet normal -0.76211 -0.647448 0
    outer loop
      vertex 68.3871 34.7972 13.5
      vertex 69.0997 33.9584 0
      vertex 69.0997 33.9584 13.5
    endloop
  endfacet
  facet normal -0.915578 -0.40214 0
    outer loop
      vertex 69.237 33.6458 0
      vertex 69.0997 33.9584 13.5
      vertex 69.0997 33.9584 0
    endloop
  endfacet
  facet normal -0.915578 -0.40214 0
    outer loop
      vertex 69.0997 33.9584 13.5
      vertex 69.237 33.6458 0
      vertex 69.237 33.6458 13.5
    endloop
  endfacet
  facet normal -0.964864 -0.262752 0
    outer loop
      vertex 69.3221 33.3333 0
      vertex 69.237 33.6458 13.5
      vertex 69.237 33.6458 0
    endloop
  endfacet
  facet normal -0.964864 -0.262752 0
    outer loop
      vertex 69.237 33.6458 13.5
      vertex 69.3221 33.3333 0
      vertex 69.3221 33.3333 13.5
    endloop
  endfacet
  facet normal -0.990487 -0.137603 0
    outer loop
      vertex 69.3655 33.0209 0
      vertex 69.3221 33.3333 13.5
      vertex 69.3221 33.3333 0
    endloop
  endfacet
  facet normal -0.990487 -0.137603 0
    outer loop
      vertex 69.3221 33.3333 13.5
      vertex 69.3655 33.0209 0
      vertex 69.3655 33.0209 13.5
    endloop
  endfacet
  facet normal -0.999239 -0.0390103 0
    outer loop
      vertex 69.3777 32.7084 0
      vertex 69.3655 33.0209 13.5
      vertex 69.3655 33.0209 0
    endloop
  endfacet
  facet normal -0.999239 -0.0390103 0
    outer loop
      vertex 69.3655 33.0209 13.5
      vertex 69.3777 32.7084 0
      vertex 69.3777 32.7084 13.5
    endloop
  endfacet
  facet normal -0.966814 0.25548 0
    outer loop
      vertex 68.8682 30.7803 0
      vertex 69.3777 32.7084 13.5
      vertex 69.3777 32.7084 0
    endloop
  endfacet
  facet normal -0.966814 0.25548 0
    outer loop
      vertex 69.3777 32.7084 13.5
      vertex 68.8682 30.7803 0
      vertex 68.8682 30.7803 13.5
    endloop
  endfacet
  facet normal -0.82928 0.558833 0
    outer loop
      vertex 67.6346 28.9497 0
      vertex 68.8682 30.7803 13.5
      vertex 68.8682 30.7803 0
    endloop
  endfacet
  facet normal -0.82928 0.558833 0
    outer loop
      vertex 68.8682 30.7803 13.5
      vertex 67.6346 28.9497 0
      vertex 67.6346 28.9497 13.5
    endloop
  endfacet
  facet normal -0.722543 0.691326 0
    outer loop
      vertex 66.1198 27.3665 0
      vertex 67.6346 28.9497 13.5
      vertex 67.6346 28.9497 0
    endloop
  endfacet
  facet normal -0.722543 0.691326 0
    outer loop
      vertex 67.6346 28.9497 13.5
      vertex 66.1198 27.3665 0
      vertex 66.1198 27.3665 13.5
    endloop
  endfacet
  facet normal -0.659091 0.752064 0
    outer loop
      vertex 66.1198 27.3665 0
      vertex 64.7665 26.1805 13.5
      vertex 66.1198 27.3665 13.5
    endloop
  endfacet
  facet normal -0.659091 0.752064 0
    outer loop
      vertex 64.7665 26.1805 13.5
      vertex 66.1198 27.3665 0
      vertex 64.7665 26.1805 0
    endloop
  endfacet
  facet normal -0.832873 0.553464 0
    outer loop
      vertex 61.8628 21.8109 0
      vertex 64.7665 26.1805 13.5
      vertex 64.7665 26.1805 0
    endloop
  endfacet
  facet normal -0.832873 0.553464 0
    outer loop
      vertex 64.7665 26.1805 13.5
      vertex 61.8628 21.8109 0
      vertex 61.8628 21.8109 13.5
    endloop
  endfacet
  facet normal -0.932286 0.361721 0
    outer loop
      vertex 60.079 17.2134 0
      vertex 61.8628 21.8109 13.5
      vertex 61.8628 21.8109 0
    endloop
  endfacet
  facet normal -0.932286 0.361721 0
    outer loop
      vertex 61.8628 21.8109 13.5
      vertex 60.079 17.2134 0
      vertex 60.079 17.2134 13.5
    endloop
  endfacet
  facet normal -0.979807 0.199946 0
    outer loop
      vertex 59.1807 12.8114 0
      vertex 60.079 17.2134 13.5
      vertex 60.079 17.2134 0
    endloop
  endfacet
  facet normal -0.979807 0.199946 0
    outer loop
      vertex 60.079 17.2134 13.5
      vertex 59.1807 12.8114 0
      vertex 59.1807 12.8114 13.5
    endloop
  endfacet
  facet normal -0.997869 0.0652505 0
    outer loop
      vertex 58.9333 9.02794 0
      vertex 59.1807 12.8114 13.5
      vertex 59.1807 12.8114 0
    endloop
  endfacet
  facet normal -0.997869 0.0652505 0
    outer loop
      vertex 59.1807 12.8114 13.5
      vertex 58.9333 9.02794 0
      vertex 58.9333 9.02794 13.5
    endloop
  endfacet
  facet normal -0.999643 -0.0267198 0
    outer loop
      vertex 58.9715 7.5988 0
      vertex 58.9333 9.02794 13.5
      vertex 58.9333 9.02794 0
    endloop
  endfacet
  facet normal -0.999643 -0.0267198 0
    outer loop
      vertex 58.9333 9.02794 13.5
      vertex 58.9715 7.5988 0
      vertex 58.9715 7.5988 13.5
    endloop
  endfacet
  facet normal -0.99619 -0.0872102 0
    outer loop
      vertex 59.0721 6.44966 0
      vertex 58.9715 7.5988 13.5
      vertex 58.9715 7.5988 0
    endloop
  endfacet
  facet normal -0.99619 -0.0872102 0
    outer loop
      vertex 58.9715 7.5988 13.5
      vertex 59.0721 6.44966 0
      vertex 59.0721 6.44966 13.5
    endloop
  endfacet
  facet normal -0.986262 -0.165188 0
    outer loop
      vertex 59.2144 5.60005 0
      vertex 59.0721 6.44966 13.5
      vertex 59.0721 6.44966 0
    endloop
  endfacet
  facet normal -0.986262 -0.165188 0
    outer loop
      vertex 59.0721 6.44966 13.5
      vertex 59.2144 5.60005 0
      vertex 59.2144 5.60005 13.5
    endloop
  endfacet
  facet normal -0.955763 -0.294139 0
    outer loop
      vertex 59.3777 5.06943 0
      vertex 59.2144 5.60005 13.5
      vertex 59.2144 5.60005 0
    endloop
  endfacet
  facet normal -0.955763 -0.294139 0
    outer loop
      vertex 59.2144 5.60005 13.5
      vertex 59.3777 5.06943 0
      vertex 59.3777 5.06943 13.5
    endloop
  endfacet
  facet normal -0.757125 -0.65327 0
    outer loop
      vertex 59.7709 4.61372 0
      vertex 59.3777 5.06943 13.5
      vertex 59.3777 5.06943 0
    endloop
  endfacet
  facet normal -0.757125 -0.65327 0
    outer loop
      vertex 59.3777 5.06943 13.5
      vertex 59.7709 4.61372 0
      vertex 59.7709 4.61372 13.5
    endloop
  endfacet
  facet normal -0.613266 -0.789876 0
    outer loop
      vertex 59.7709 4.61372 0
      vertex 60.1901 4.28825 13.5
      vertex 59.7709 4.61372 13.5
    endloop
  endfacet
  facet normal -0.613266 -0.789876 -0
    outer loop
      vertex 60.1901 4.28825 13.5
      vertex 59.7709 4.61372 0
      vertex 60.1901 4.28825 0
    endloop
  endfacet
  facet normal -0.413808 -0.910364 0
    outer loop
      vertex 60.1901 4.28825 0
      vertex 60.6196 4.09302 13.5
      vertex 60.1901 4.28825 13.5
    endloop
  endfacet
  facet normal -0.413808 -0.910364 -0
    outer loop
      vertex 60.6196 4.09302 13.5
      vertex 60.1901 4.28825 0
      vertex 60.6196 4.09302 0
    endloop
  endfacet
  facet normal -0.151539 -0.988451 0
    outer loop
      vertex 60.6196 4.09302 0
      vertex 61.0441 4.02794 13.5
      vertex 60.6196 4.09302 13.5
    endloop
  endfacet
  facet normal -0.151539 -0.988451 -0
    outer loop
      vertex 61.0441 4.02794 13.5
      vertex 60.6196 4.09302 0
      vertex 61.0441 4.02794 0
    endloop
  endfacet
  facet normal 0.602319 -0.798256 0
    outer loop
      vertex 61.0441 4.02794 0
      vertex 64.4522 6.5995 13.5
      vertex 61.0441 4.02794 13.5
    endloop
  endfacet
  facet normal 0.602319 -0.798256 0
    outer loop
      vertex 64.4522 6.5995 13.5
      vertex 61.0441 4.02794 0
      vertex 64.4522 6.5995 0
    endloop
  endfacet
  facet normal 0.867586 -0.497287 0
    outer loop
      vertex 64.4522 6.5995 13.5
      vertex 67.7248 12.309 0
      vertex 67.7248 12.309 13.5
    endloop
  endfacet
  facet normal 0.867586 -0.497287 0
    outer loop
      vertex 67.7248 12.309 0
      vertex 64.4522 6.5995 13.5
      vertex 64.4522 6.5995 0
    endloop
  endfacet
  facet normal 0.921569 -0.388215 0
    outer loop
      vertex 67.7248 12.309 13.5
      vertex 70.1848 18.1487 0
      vertex 70.1848 18.1487 13.5
    endloop
  endfacet
  facet normal 0.921569 -0.388215 0
    outer loop
      vertex 70.1848 18.1487 0
      vertex 67.7248 12.309 13.5
      vertex 67.7248 12.309 0
    endloop
  endfacet
  facet normal 0.9503 -0.311335 0
    outer loop
      vertex 70.1848 18.1487 13.5
      vertex 71.1553 21.111 0
      vertex 71.1553 21.111 13.5
    endloop
  endfacet
  facet normal 0.9503 -0.311335 0
    outer loop
      vertex 71.1553 21.111 0
      vertex 70.1848 18.1487 13.5
      vertex 70.1848 18.1487 0
    endloop
  endfacet
  facet normal 0.99307 -0.117523 0
    outer loop
      vertex 71.1553 21.111 13.5
      vertex 73.0712 37.3004 0
      vertex 73.0712 37.3004 13.5
    endloop
  endfacet
  facet normal 0.99307 -0.117523 0
    outer loop
      vertex 73.0712 37.3004 0
      vertex 71.1553 21.111 13.5
      vertex 71.1553 21.111 0
    endloop
  endfacet
  facet normal 0.98869 -0.149972 0
    outer loop
      vertex 73.0712 37.3004 13.5
      vertex 74.9818 49.896 0
      vertex 74.9818 49.896 13.5
    endloop
  endfacet
  facet normal 0.98869 -0.149972 0
    outer loop
      vertex 74.9818 49.896 0
      vertex 73.0712 37.3004 13.5
      vertex 73.0712 37.3004 0
    endloop
  endfacet
  facet normal 0.967057 -0.254559 0
    outer loop
      vertex 74.9818 49.896 13.5
      vertex 77.132 58.0645 0
      vertex 77.132 58.0645 13.5
    endloop
  endfacet
  facet normal 0.967057 -0.254559 0
    outer loop
      vertex 77.132 58.0645 0
      vertex 74.9818 49.896 13.5
      vertex 74.9818 49.896 0
    endloop
  endfacet
  facet normal 0.741086 -0.67141 0
    outer loop
      vertex 77.132 58.0645 13.5
      vertex 79.7665 60.9724 0
      vertex 79.7665 60.9724 13.5
    endloop
  endfacet
  facet normal 0.741086 -0.67141 0
    outer loop
      vertex 79.7665 60.9724 0
      vertex 77.132 58.0645 13.5
      vertex 77.132 58.0645 0
    endloop
  endfacet
  facet normal 0 -1 0
    outer loop
      vertex 79.7665 60.9724 0
      vertex 79.9333 60.9724 13.5
      vertex 79.7665 60.9724 13.5
    endloop
  endfacet
  facet normal 0 -1 -0
    outer loop
      vertex 79.9333 60.9724 13.5
      vertex 79.7665 60.9724 0
      vertex 79.9333 60.9724 0
    endloop
  endfacet
  facet normal -0.530273 -0.847827 0
    outer loop
      vertex 79.9333 60.9724 0
      vertex 81.4359 60.0326 13.5
      vertex 79.9333 60.9724 13.5
    endloop
  endfacet
  facet normal -0.530273 -0.847827 -0
    outer loop
      vertex 81.4359 60.0326 13.5
      vertex 79.9333 60.9724 0
      vertex 81.4359 60.0326 0
    endloop
  endfacet
  facet normal -0.893468 -0.449126 0
    outer loop
      vertex 82.4123 58.0902 0
      vertex 81.4359 60.0326 13.5
      vertex 81.4359 60.0326 0
    endloop
  endfacet
  facet normal -0.893468 -0.449126 0
    outer loop
      vertex 81.4359 60.0326 13.5
      vertex 82.4123 58.0902 0
      vertex 82.4123 58.0902 13.5
    endloop
  endfacet
  facet normal -0.981681 -0.190533 0
    outer loop
      vertex 82.9409 55.3667 0
      vertex 82.4123 58.0902 13.5
      vertex 82.4123 58.0902 0
    endloop
  endfacet
  facet normal -0.981681 -0.190533 0
    outer loop
      vertex 82.4123 58.0902 13.5
      vertex 82.9409 55.3667 0
      vertex 82.9409 55.3667 13.5
    endloop
  endfacet
  facet normal -0.998832 -0.0483095 0
    outer loop
      vertex 83.0997 52.0834 0
      vertex 82.9409 55.3667 13.5
      vertex 82.9409 55.3667 0
    endloop
  endfacet
  facet normal -0.998832 -0.0483095 0
    outer loop
      vertex 82.9409 55.3667 13.5
      vertex 83.0997 52.0834 0
      vertex 83.0997 52.0834 13.5
    endloop
  endfacet
  facet normal -0.999073 0.0430484 0
    outer loop
      vertex 82.8931 47.2886 0
      vertex 83.0997 52.0834 13.5
      vertex 83.0997 52.0834 0
    endloop
  endfacet
  facet normal -0.999073 0.0430484 0
    outer loop
      vertex 83.0997 52.0834 13.5
      vertex 82.8931 47.2886 0
      vertex 82.8931 47.2886 13.5
    endloop
  endfacet
  facet normal -0.995118 0.0986904 0
    outer loop
      vertex 82.4053 42.37 0
      vertex 82.8931 47.2886 13.5
      vertex 82.8931 47.2886 0
    endloop
  endfacet
  facet normal -0.995118 0.0986904 0
    outer loop
      vertex 82.8931 47.2886 13.5
      vertex 82.4053 42.37 0
      vertex 82.4053 42.37 13.5
    endloop
  endfacet
  facet normal -0.992358 0.123389 0
    outer loop
      vertex 81.8342 37.7769 0
      vertex 82.4053 42.37 13.5
      vertex 82.4053 42.37 0
    endloop
  endfacet
  facet normal -0.992358 0.123389 0
    outer loop
      vertex 82.4053 42.37 13.5
      vertex 81.8342 37.7769 0
      vertex 81.8342 37.7769 13.5
    endloop
  endfacet
  facet normal -0.99293 0.118704 0
    outer loop
      vertex 81.3777 33.9584 0
      vertex 81.8342 37.7769 13.5
      vertex 81.8342 37.7769 0
    endloop
  endfacet
  facet normal -0.99293 0.118704 0
    outer loop
      vertex 81.8342 37.7769 13.5
      vertex 81.3777 33.9584 0
      vertex 81.3777 33.9584 13.5
    endloop
  endfacet
  facet normal -0.99643 0.0844189 0
    outer loop
      vertex 80.5781 24.5204 0
      vertex 81.3777 33.9584 13.5
      vertex 81.3777 33.9584 0
    endloop
  endfacet
  facet normal -0.99643 0.0844189 0
    outer loop
      vertex 81.3777 33.9584 13.5
      vertex 80.5781 24.5204 0
      vertex 80.5781 24.5204 13.5
    endloop
  endfacet
  facet normal -0.997684 0.0680248 0
    outer loop
      vertex 80.0651 16.9965 0
      vertex 80.5781 24.5204 13.5
      vertex 80.5781 24.5204 0
    endloop
  endfacet
  facet normal -0.997684 0.0680248 0
    outer loop
      vertex 80.5781 24.5204 13.5
      vertex 80.0651 16.9965 0
      vertex 80.0651 16.9965 13.5
    endloop
  endfacet
  facet normal -0.998902 0.0468506 0
    outer loop
      vertex 79.7916 11.1652 0
      vertex 80.0651 16.9965 13.5
      vertex 80.0651 16.9965 0
    endloop
  endfacet
  facet normal -0.998902 0.0468506 0
    outer loop
      vertex 80.0651 16.9965 13.5
      vertex 79.7916 11.1652 0
      vertex 79.7916 11.1652 13.5
    endloop
  endfacet
  facet normal -0.999829 0.0185073 0
    outer loop
      vertex 79.7109 6.8055 0
      vertex 79.7916 11.1652 13.5
      vertex 79.7916 11.1652 0
    endloop
  endfacet
  facet normal -0.999829 0.0185073 0
    outer loop
      vertex 79.7916 11.1652 13.5
      vertex 79.7109 6.8055 0
      vertex 79.7109 6.8055 13.5
    endloop
  endfacet
  facet normal -0.99962 -0.0275613 0
    outer loop
      vertex 79.8125 3.12057 0
      vertex 79.7109 6.8055 13.5
      vertex 79.7109 6.8055 0
    endloop
  endfacet
  facet normal -0.99962 -0.0275613 0
    outer loop
      vertex 79.7109 6.8055 13.5
      vertex 79.8125 3.12057 0
      vertex 79.8125 3.12057 13.5
    endloop
  endfacet
  facet normal -0.993159 -0.116766 0
    outer loop
      vertex 80.0651 0.972061 0
      vertex 79.8125 3.12057 13.5
      vertex 79.8125 3.12057 0
    endloop
  endfacet
  facet normal -0.993159 -0.116766 0
    outer loop
      vertex 79.8125 3.12057 13.5
      vertex 80.0651 0.972061 0
      vertex 80.0651 0.972061 13.5
    endloop
  endfacet
  facet normal -0.951128 -0.308796 0
    outer loop
      vertex 80.3906 -0.0305176 0
      vertex 80.0651 0.972061 13.5
      vertex 80.0651 0.972061 0
    endloop
  endfacet
  facet normal -0.951128 -0.308796 0
    outer loop
      vertex 80.0651 0.972061 13.5
      vertex 80.3906 -0.0305176 0
      vertex 80.3906 -0.0305176 13.5
    endloop
  endfacet
  facet normal -0.611319 -0.791384 0
    outer loop
      vertex 80.3906 -0.0305176 0
      vertex 80.7109 -0.277939 13.5
      vertex 80.3906 -0.0305176 13.5
    endloop
  endfacet
  facet normal -0.611319 -0.791384 -0
    outer loop
      vertex 80.7109 -0.277939 13.5
      vertex 80.3906 -0.0305176 0
      vertex 80.7109 -0.277939 0
    endloop
  endfacet
  facet normal 0.275219 -0.961382 0
    outer loop
      vertex 80.7109 -0.277939 0
      vertex 80.8247 -0.245361 13.5
      vertex 80.7109 -0.277939 13.5
    endloop
  endfacet
  facet normal 0.275219 -0.961382 0
    outer loop
      vertex 80.8247 -0.245361 13.5
      vertex 80.7109 -0.277939 0
      vertex 80.8247 -0.245361 0
    endloop
  endfacet
  facet normal 0.632199 -0.774806 0
    outer loop
      vertex 80.8247 -0.245361 0
      vertex 80.9125 -0.173721 13.5
      vertex 80.8247 -0.245361 13.5
    endloop
  endfacet
  facet normal 0.632199 -0.774806 0
    outer loop
      vertex 80.9125 -0.173721 13.5
      vertex 80.8247 -0.245361 0
      vertex 80.9125 -0.173721 0
    endloop
  endfacet
  facet normal 0.786043 -0.618172 0
    outer loop
      vertex 80.9125 -0.173721 13.5
      vertex 80.9689 -0.102005 0
      vertex 80.9689 -0.102005 13.5
    endloop
  endfacet
  facet normal 0.786043 -0.618172 0
    outer loop
      vertex 80.9689 -0.102005 0
      vertex 80.9125 -0.173721 13.5
      vertex 80.9125 -0.173721 0
    endloop
  endfacet
  facet normal 0.852215 -0.523192 0
    outer loop
      vertex 80.9689 -0.102005 13.5
      vertex 80.9889 -0.0694275 0
      vertex 80.9889 -0.0694275 13.5
    endloop
  endfacet
  facet normal 0.852215 -0.523192 0
    outer loop
      vertex 80.9889 -0.0694275 0
      vertex 80.9689 -0.102005 13.5
      vertex 80.9689 -0.102005 0
    endloop
  endfacet
  facet normal 0 -1 0
    outer loop
      vertex 80.9889 -0.0694275 0
      vertex 81.1553 -0.0694275 13.5
      vertex 80.9889 -0.0694275 13.5
    endloop
  endfacet
  facet normal 0 -1 -0
    outer loop
      vertex 81.1553 -0.0694275 13.5
      vertex 80.9889 -0.0694275 0
      vertex 81.1553 -0.0694275 0
    endloop
  endfacet
  facet normal 0.570201 -0.821505 0
    outer loop
      vertex 81.1553 -0.0694275 0
      vertex 84.1285 1.99425 13.5
      vertex 81.1553 -0.0694275 13.5
    endloop
  endfacet
  facet normal 0.570201 -0.821505 0
    outer loop
      vertex 84.1285 1.99425 13.5
      vertex 81.1553 -0.0694275 0
      vertex 84.1285 1.99425 0
    endloop
  endfacet
  facet normal 0.873304 -0.487176 0
    outer loop
      vertex 84.1285 1.99425 13.5
      vertex 87.1902 7.4826 0
      vertex 87.1902 7.4826 13.5
    endloop
  endfacet
  facet normal 0.873304 -0.487176 0
    outer loop
      vertex 87.1902 7.4826 0
      vertex 84.1285 1.99425 13.5
      vertex 84.1285 1.99425 0
    endloop
  endfacet
  facet normal 0.939555 -0.342399 0
    outer loop
      vertex 87.1902 7.4826 13.5
      vertex 90.0539 15.3407 0
      vertex 90.0539 15.3407 13.5
    endloop
  endfacet
  facet normal 0.939555 -0.342399 0
    outer loop
      vertex 90.0539 15.3407 0
      vertex 87.1902 7.4826 13.5
      vertex 87.1902 7.4826 0
    endloop
  endfacet
  facet normal 0.967967 -0.251077 0
    outer loop
      vertex 90.0539 15.3407 13.5
      vertex 92.4333 24.5139 0
      vertex 92.4333 24.5139 13.5
    endloop
  endfacet
  facet normal 0.967967 -0.251077 0
    outer loop
      vertex 92.4333 24.5139 0
      vertex 90.0539 15.3407 13.5
      vertex 90.0539 15.3407 0
    endloop
  endfacet
  facet normal 0.963321 -0.268352 0
    outer loop
      vertex 92.4333 24.5139 13.5
      vertex 92.7909 25.7976 0
      vertex 92.7909 25.7976 13.5
    endloop
  endfacet
  facet normal 0.963321 -0.268352 0
    outer loop
      vertex 92.7909 25.7976 0
      vertex 92.4333 24.5139 13.5
      vertex 92.4333 24.5139 0
    endloop
  endfacet
  facet normal 0.881128 -0.472878 0
    outer loop
      vertex 92.7909 25.7976 13.5
      vertex 93.2526 26.6579 0
      vertex 93.2526 26.6579 13.5
    endloop
  endfacet
  facet normal 0.881128 -0.472878 0
    outer loop
      vertex 93.2526 26.6579 0
      vertex 92.7909 25.7976 13.5
      vertex 92.7909 25.7976 0
    endloop
  endfacet
  facet normal 0.677394 -0.735621 0
    outer loop
      vertex 93.2526 26.6579 0
      vertex 93.7769 27.1407 13.5
      vertex 93.2526 26.6579 13.5
    endloop
  endfacet
  facet normal 0.677394 -0.735621 0
    outer loop
      vertex 93.7769 27.1407 13.5
      vertex 93.2526 26.6579 0
      vertex 93.7769 27.1407 0
    endloop
  endfacet
  facet normal 0.266586 -0.963811 0
    outer loop
      vertex 93.7769 27.1407 0
      vertex 94.3221 27.2915 13.5
      vertex 93.7769 27.1407 13.5
    endloop
  endfacet
  facet normal 0.266586 -0.963811 0
    outer loop
      vertex 94.3221 27.2915 13.5
      vertex 93.7769 27.1407 0
      vertex 94.3221 27.2915 0
    endloop
  endfacet
  facet normal -0.295813 -0.955246 0
    outer loop
      vertex 94.3221 27.2915 0
      vertex 94.9983 27.0821 13.5
      vertex 94.3221 27.2915 13.5
    endloop
  endfacet
  facet normal -0.295813 -0.955246 -0
    outer loop
      vertex 94.9983 27.0821 13.5
      vertex 94.3221 27.2915 0
      vertex 94.9983 27.0821 0
    endloop
  endfacet
  facet normal -0.715499 -0.698613 0
    outer loop
      vertex 95.5651 26.5016 0
      vertex 94.9983 27.0821 13.5
      vertex 94.9983 27.0821 0
    endloop
  endfacet
  facet normal -0.715499 -0.698613 0
    outer loop
      vertex 94.9983 27.0821 13.5
      vertex 95.5651 26.5016 0
      vertex 95.5651 26.5016 13.5
    endloop
  endfacet
  facet normal -0.914355 -0.404914 0
    outer loop
      vertex 95.9548 25.6216 0
      vertex 95.5651 26.5016 13.5
      vertex 95.5651 26.5016 0
    endloop
  endfacet
  facet normal -0.914355 -0.404914 0
    outer loop
      vertex 95.5651 26.5016 13.5
      vertex 95.9548 25.6216 0
      vertex 95.9548 25.6216 13.5
    endloop
  endfacet
  facet normal -0.991552 -0.129707 0
    outer loop
      vertex 96.0997 24.5139 0
      vertex 95.9548 25.6216 13.5
      vertex 95.9548 25.6216 0
    endloop
  endfacet
  facet normal -0.991552 -0.129707 0
    outer loop
      vertex 95.9548 25.6216 13.5
      vertex 96.0997 24.5139 0
      vertex 96.0997 24.5139 13.5
    endloop
  endfacet
  facet normal -0.99999 0.00455691 0
    outer loop
      vertex 96.0988 24.3164 0
      vertex 96.0997 24.5139 13.5
      vertex 96.0997 24.5139 0
    endloop
  endfacet
  facet normal -0.99999 0.00455691 0
    outer loop
      vertex 96.0997 24.5139 13.5
      vertex 96.0988 24.3164 0
      vertex 96.0988 24.3164 13.5
    endloop
  endfacet
  facet normal -0.999472 0.0325031 0
    outer loop
      vertex 96.0928 24.1319 0
      vertex 96.0988 24.3164 13.5
      vertex 96.0988 24.3164 0
    endloop
  endfacet
  facet normal -0.999472 0.0325031 0
    outer loop
      vertex 96.0988 24.3164 13.5
      vertex 96.0928 24.1319 0
      vertex 96.0928 24.1319 13.5
    endloop
  endfacet
  facet normal -0.995973 0.0896591 0
    outer loop
      vertex 96.0762 23.9475 0
      vertex 96.0928 24.1319 13.5
      vertex 96.0928 24.1319 0
    endloop
  endfacet
  facet normal -0.995973 0.0896591 0
    outer loop
      vertex 96.0928 24.1319 13.5
      vertex 96.0762 23.9475 0
      vertex 96.0762 23.9475 13.5
    endloop
  endfacet
  facet normal -0.987048 0.160427 0
    outer loop
      vertex 96.0441 23.75 0
      vertex 96.0762 23.9475 13.5
      vertex 96.0762 23.9475 0
    endloop
  endfacet
  facet normal -0.987048 0.160427 0
    outer loop
      vertex 96.0762 23.9475 13.5
      vertex 96.0441 23.75 0
      vertex 96.0441 23.75 13.5
    endloop
  endfacet
  facet normal -0.96307 0.269252 0
    outer loop
      vertex 91.6675 8.09563 0
      vertex 96.0441 23.75 13.5
      vertex 96.0441 23.75 0
    endloop
  endfacet
  facet normal -0.96307 0.269252 0
    outer loop
      vertex 96.0441 23.75 13.5
      vertex 91.6675 8.09563 0
      vertex 91.6675 8.09563 13.5
    endloop
  endfacet
  facet normal -0.888866 0.458167 0
    outer loop
      vertex 86.8637 -1.22398 0
      vertex 91.6675 8.09563 13.5
      vertex 91.6675 8.09563 0
    endloop
  endfacet
  facet normal -0.888866 0.458167 0
    outer loop
      vertex 91.6675 8.09563 13.5
      vertex 86.8637 -1.22398 0
      vertex 86.8637 -1.22398 13.5
    endloop
  endfacet
  facet normal -0.697145 0.71693 0
    outer loop
      vertex 86.8637 -1.22398 0
      vertex 82.2474 -5.71289 13.5
      vertex 86.8637 -1.22398 13.5
    endloop
  endfacet
  facet normal -0.697145 0.71693 0
    outer loop
      vertex 82.2474 -5.71289 13.5
      vertex 86.8637 -1.22398 0
      vertex 82.2474 -5.71289 0
    endloop
  endfacet
  facet normal -0.291459 0.956583 0
    outer loop
      vertex 82.2474 -5.71289 0
      vertex 78.4333 -6.875 13.5
      vertex 82.2474 -5.71289 13.5
    endloop
  endfacet
  facet normal -0.291459 0.956583 0
    outer loop
      vertex 78.4333 -6.875 13.5
      vertex 82.2474 -5.71289 0
      vertex 78.4333 -6.875 0
    endloop
  endfacet
  facet normal 0.0710759 0.997471 -0
    outer loop
      vertex 78.4333 -6.875 0
      vertex 77.5799 -6.81419 13.5
      vertex 78.4333 -6.875 13.5
    endloop
  endfacet
  facet normal 0.0710759 0.997471 0
    outer loop
      vertex 77.5799 -6.81419 13.5
      vertex 78.4333 -6.875 0
      vertex 77.5799 -6.81419 0
    endloop
  endfacet
  facet normal 0.99787 -0.0652396 0
    outer loop
      vertex 61.7333 9.02794 2.25
      vertex 61.9535 12.396 0
      vertex 61.9535 12.396 2.25
    endloop
  endfacet
  facet normal 0.99787 -0.0652396 0
    outer loop
      vertex 61.9535 12.396 0
      vertex 61.7333 9.02794 2.25
      vertex 61.7333 9.02794 0
    endloop
  endfacet
  facet normal 0.979808 -0.19994 0
    outer loop
      vertex 61.9535 12.396 2.25
      vertex 62.7788 16.4404 0
      vertex 62.7788 16.4404 2.25
    endloop
  endfacet
  facet normal 0.979808 -0.19994 0
    outer loop
      vertex 62.7788 16.4404 0
      vertex 61.9535 12.396 2.25
      vertex 61.9535 12.396 0
    endloop
  endfacet
  facet normal 0.932281 -0.361735 0
    outer loop
      vertex 62.7788 16.4404 2.25
      vertex 64.3587 20.5122 0
      vertex 64.3587 20.5122 2.25
    endloop
  endfacet
  facet normal 0.932281 -0.361735 0
    outer loop
      vertex 64.3587 20.5122 0
      vertex 62.7788 16.4404 2.25
      vertex 62.7788 16.4404 0
    endloop
  endfacet
  facet normal 0.832878 -0.553456 0
    outer loop
      vertex 64.3587 20.5122 2.25
      vertex 66.8857 24.315 0
      vertex 66.8857 24.315 2.25
    endloop
  endfacet
  facet normal 0.832878 -0.553456 0
    outer loop
      vertex 66.8857 24.315 0
      vertex 64.3587 20.5122 2.25
      vertex 64.3587 20.5122 0
    endloop
  endfacet
  facet normal 0.659067 -0.752084 0
    outer loop
      vertex 66.8857 24.315 0
      vertex 67.9934 25.2857 2.25
      vertex 66.8857 24.315 2.25
    endloop
  endfacet
  facet normal 0.659067 -0.752084 0
    outer loop
      vertex 67.9934 25.2857 2.25
      vertex 66.8857 24.315 0
      vertex 67.9934 25.2857 0
    endloop
  endfacet
  facet normal 0.722539 -0.69133 0
    outer loop
      vertex 67.9934 25.2857 2.25
      vertex 68.9614 26.2974 0
      vertex 68.9614 26.2974 2.25
    endloop
  endfacet
  facet normal 0.722539 -0.69133 0
    outer loop
      vertex 68.9614 26.2974 0
      vertex 67.9934 25.2857 2.25
      vertex 67.9934 25.2857 0
    endloop
  endfacet
  facet normal -0.993071 0.117516 0
    outer loop
      vertex 68.4174 21.7003 0
      vertex 68.9614 26.2974 2.25
      vertex 68.9614 26.2974 0
    endloop
  endfacet
  facet normal -0.993071 0.117516 0
    outer loop
      vertex 68.9614 26.2974 2.25
      vertex 68.4174 21.7003 0
      vertex 68.4174 21.7003 2.25
    endloop
  endfacet
  facet normal -0.950294 0.311355 0
    outer loop
      vertex 67.6269 19.2876 0
      vertex 68.4174 21.7003 2.25
      vertex 68.4174 21.7003 0
    endloop
  endfacet
  facet normal -0.950294 0.311355 0
    outer loop
      vertex 68.4174 21.7003 2.25
      vertex 67.6269 19.2876 0
      vertex 67.6269 19.2876 2.25
    endloop
  endfacet
  facet normal -0.921569 0.388215 0
    outer loop
      vertex 65.1669 13.4479 0
      vertex 67.6269 19.2876 2.25
      vertex 67.6269 19.2876 0
    endloop
  endfacet
  facet normal -0.921569 0.388215 0
    outer loop
      vertex 67.6269 19.2876 2.25
      vertex 65.1669 13.4479 0
      vertex 65.1669 13.4479 2.25
    endloop
  endfacet
  facet normal -0.867586 0.497287 0
    outer loop
      vertex 62.3241 8.48824 0
      vertex 65.1669 13.4479 2.25
      vertex 65.1669 13.4479 0
    endloop
  endfacet
  facet normal -0.867586 0.497287 0
    outer loop
      vertex 65.1669 13.4479 2.25
      vertex 62.3241 8.48824 0
      vertex 62.3241 8.48824 2.25
    endloop
  endfacet
  facet normal -0.602312 0.798261 0
    outer loop
      vertex 62.3241 8.48824 0
      vertex 61.7591 8.06193 2.25
      vertex 62.3241 8.48824 2.25
    endloop
  endfacet
  facet normal -0.602312 0.798261 0
    outer loop
      vertex 61.7591 8.06193 2.25
      vertex 62.3241 8.48824 0
      vertex 61.7591 8.06193 0
    endloop
  endfacet
  facet normal 0.999644 0.0266983 0
    outer loop
      vertex 61.7591 8.06193 2.25
      vertex 61.7333 9.02794 0
      vertex 61.7333 9.02794 2.25
    endloop
  endfacet
  facet normal 0.999644 0.0266983 0
    outer loop
      vertex 61.7333 9.02794 0
      vertex 61.7591 8.06193 2.25
      vertex 61.7591 8.06193 0
    endloop
  endfacet
  facet normal 0.0364616 -0.999335 0
    outer loop
      vertex 38.9694 42.3554 0
      vertex 39.1777 42.363 2.25
      vertex 38.9694 42.3554 2.25
    endloop
  endfacet
  facet normal 0.0364616 -0.999335 0
    outer loop
      vertex 39.1777 42.363 2.25
      vertex 38.9694 42.3554 0
      vertex 39.1777 42.363 0
    endloop
  endfacet
  facet normal 0.098369 -0.99515 0
    outer loop
      vertex 39.1777 42.363 0
      vertex 39.3861 42.3836 2.25
      vertex 39.1777 42.363 2.25
    endloop
  endfacet
  facet normal 0.098369 -0.99515 0
    outer loop
      vertex 39.3861 42.3836 2.25
      vertex 39.1777 42.363 0
      vertex 39.3861 42.3836 0
    endloop
  endfacet
  facet normal 0.189582 -0.981865 0
    outer loop
      vertex 39.3861 42.3836 0
      vertex 39.5943 42.4238 2.25
      vertex 39.3861 42.3836 2.25
    endloop
  endfacet
  facet normal 0.189582 -0.981865 0
    outer loop
      vertex 39.5943 42.4238 2.25
      vertex 39.3861 42.3836 0
      vertex 39.5943 42.4238 0
    endloop
  endfacet
  facet normal 0.207896 -0.978151 0
    outer loop
      vertex 39.5943 42.4238 0
      vertex 40.1669 42.5455 2.25
      vertex 39.5943 42.4238 2.25
    endloop
  endfacet
  facet normal 0.207896 -0.978151 0
    outer loop
      vertex 40.1669 42.5455 2.25
      vertex 39.5943 42.4238 0
      vertex 40.1669 42.5455 0
    endloop
  endfacet
  facet normal 0.35108 -0.936345 0
    outer loop
      vertex 40.1669 42.5455 0
      vertex 41.3588 42.9924 2.25
      vertex 40.1669 42.5455 2.25
    endloop
  endfacet
  facet normal 0.35108 -0.936345 0
    outer loop
      vertex 41.3588 42.9924 2.25
      vertex 40.1669 42.5455 0
      vertex 41.3588 42.9924 0
    endloop
  endfacet
  facet normal 0.406725 -0.913551 0
    outer loop
      vertex 41.3588 42.9924 0
      vertex 41.8936 43.2305 2.25
      vertex 41.3588 42.9924 2.25
    endloop
  endfacet
  facet normal 0.406725 -0.913551 0
    outer loop
      vertex 41.8936 43.2305 2.25
      vertex 41.3588 42.9924 0
      vertex 41.8936 43.2305 0
    endloop
  endfacet
  facet normal 0.587796 -0.809009 0
    outer loop
      vertex 41.8936 43.2305 0
      vertex 42.3672 43.5746 2.25
      vertex 41.8936 43.2305 2.25
    endloop
  endfacet
  facet normal 0.587796 -0.809009 0
    outer loop
      vertex 42.3672 43.5746 2.25
      vertex 41.8936 43.2305 0
      vertex 42.3672 43.5746 0
    endloop
  endfacet
  facet normal 0.646079 -0.763271 0
    outer loop
      vertex 42.3672 43.5746 0
      vertex 43.4184 44.4644 2.25
      vertex 42.3672 43.5746 2.25
    endloop
  endfacet
  facet normal 0.646079 -0.763271 0
    outer loop
      vertex 43.4184 44.4644 2.25
      vertex 42.3672 43.5746 0
      vertex 43.4184 44.4644 0
    endloop
  endfacet
  facet normal 0.743124 -0.669153 0
    outer loop
      vertex 43.4184 44.4644 2.25
      vertex 43.8101 44.8994 0
      vertex 43.8101 44.8994 2.25
    endloop
  endfacet
  facet normal 0.743124 -0.669153 0
    outer loop
      vertex 43.8101 44.8994 0
      vertex 43.4184 44.4644 2.25
      vertex 43.4184 44.4644 0
    endloop
  endfacet
  facet normal 0.863086 -0.505057 0
    outer loop
      vertex 43.8101 44.8994 2.25
      vertex 44.5593 46.1797 0
      vertex 44.5593 46.1797 2.25
    endloop
  endfacet
  facet normal 0.863086 -0.505057 0
    outer loop
      vertex 44.5593 46.1797 0
      vertex 43.8101 44.8994 2.25
      vertex 43.8101 44.8994 0
    endloop
  endfacet
  facet normal 0.866038 -0.499979 0
    outer loop
      vertex 44.5593 46.1797 2.25
      vertex 44.852 46.6867 0
      vertex 44.852 46.6867 2.25
    endloop
  endfacet
  facet normal 0.866038 -0.499979 0
    outer loop
      vertex 44.852 46.6867 0
      vertex 44.5593 46.1797 2.25
      vertex 44.5593 46.1797 0
    endloop
  endfacet
  facet normal 0.951048 -0.309044 0
    outer loop
      vertex 44.852 46.6867 2.25
      vertex 45.0329 47.2434 0
      vertex 45.0329 47.2434 2.25
    endloop
  endfacet
  facet normal 0.951048 -0.309044 0
    outer loop
      vertex 45.0329 47.2434 0
      vertex 44.852 46.6867 2.25
      vertex 44.852 46.6867 0
    endloop
  endfacet
  facet normal 0.984793 -0.173733 0
    outer loop
      vertex 45.0329 47.2434 2.25
      vertex 45.3185 48.8623 0
      vertex 45.3185 48.8623 2.25
    endloop
  endfacet
  facet normal 0.984793 -0.173733 0
    outer loop
      vertex 45.3185 48.8623 0
      vertex 45.0329 47.2434 2.25
      vertex 45.0329 47.2434 0
    endloop
  endfacet
  facet normal 0.994519 -0.10456 0
    outer loop
      vertex 45.3185 48.8623 2.25
      vertex 45.3797 49.4444 0
      vertex 45.3797 49.4444 2.25
    endloop
  endfacet
  facet normal 0.994519 -0.10456 0
    outer loop
      vertex 45.3797 49.4444 0
      vertex 45.3185 48.8623 2.25
      vertex 45.3185 48.8623 0
    endloop
  endfacet
  facet normal 0.998456 0.0555407 0
    outer loop
      vertex 45.3797 49.4444 2.25
      vertex 45.371 49.6008 0
      vertex 45.371 49.6008 2.25
    endloop
  endfacet
  facet normal 0.998456 0.0555407 0
    outer loop
      vertex 45.371 49.6008 0
      vertex 45.3797 49.4444 2.25
      vertex 45.3797 49.4444 0
    endloop
  endfacet
  facet normal 0.99452 0.10455 0
    outer loop
      vertex 45.371 49.6008 2.25
      vertex 45.3267 50.0222 0
      vertex 45.3267 50.0222 2.25
    endloop
  endfacet
  facet normal 0.99452 0.10455 0
    outer loop
      vertex 45.3267 50.0222 0
      vertex 45.371 49.6008 2.25
      vertex 45.371 49.6008 0
    endloop
  endfacet
  facet normal 0.998368 0.05711 0
    outer loop
      vertex 45.3267 50.0222 2.25
      vertex 45.324 50.0694 0
      vertex 45.324 50.0694 2.25
    endloop
  endfacet
  facet normal 0.998368 0.05711 0
    outer loop
      vertex 45.324 50.0694 0
      vertex 45.3267 50.0222 2.25
      vertex 45.3267 50.0222 0
    endloop
  endfacet
  facet normal 0.994538 0.104374 0
    outer loop
      vertex 45.324 50.0694 2.25
      vertex 45.2629 50.6516 0
      vertex 45.2629 50.6516 2.25
    endloop
  endfacet
  facet normal 0.994538 0.104374 0
    outer loop
      vertex 45.2629 50.6516 0
      vertex 45.324 50.0694 2.25
      vertex 45.324 50.0694 0
    endloop
  endfacet
  facet normal 0.971701 0.236213 0
    outer loop
      vertex 45.2629 50.6516 2.25
      vertex 44.7984 52.5624 0
      vertex 44.7984 52.5624 2.25
    endloop
  endfacet
  facet normal 0.971701 0.236213 0
    outer loop
      vertex 44.7984 52.5624 0
      vertex 45.2629 50.6516 2.25
      vertex 45.2629 50.6516 0
    endloop
  endfacet
  facet normal 0.951048 0.309044 0
    outer loop
      vertex 44.7984 52.5624 2.25
      vertex 44.6175 53.1191 0
      vertex 44.6175 53.1191 2.25
    endloop
  endfacet
  facet normal 0.951048 0.309044 0
    outer loop
      vertex 44.6175 53.1191 0
      vertex 44.7984 52.5624 2.25
      vertex 44.7984 52.5624 0
    endloop
  endfacet
  facet normal 0.865995 0.500053 0
    outer loop
      vertex 44.6175 53.1191 2.25
      vertex 44.3248 53.626 0
      vertex 44.3248 53.626 2.25
    endloop
  endfacet
  facet normal 0.865995 0.500053 0
    outer loop
      vertex 44.3248 53.626 0
      vertex 44.6175 53.1191 2.25
      vertex 44.6175 53.1191 0
    endloop
  endfacet
  facet normal 0.840161 0.542337 0
    outer loop
      vertex 44.3248 53.626 2.25
      vertex 43.4906 54.9183 0
      vertex 43.4906 54.9183 2.25
    endloop
  endfacet
  facet normal 0.840161 0.542337 0
    outer loop
      vertex 43.4906 54.9183 0
      vertex 44.3248 53.626 2.25
      vertex 44.3248 53.626 0
    endloop
  endfacet
  facet normal 0.743124 0.669153 0
    outer loop
      vertex 43.4906 54.9183 2.25
      vertex 43.0989 55.3533 0
      vertex 43.0989 55.3533 2.25
    endloop
  endfacet
  facet normal 0.743124 0.669153 0
    outer loop
      vertex 43.0989 55.3533 0
      vertex 43.4906 54.9183 2.25
      vertex 43.4906 54.9183 0
    endloop
  endfacet
  facet normal 0.587684 0.809091 -0
    outer loop
      vertex 43.0989 55.3533 0
      vertex 42.6253 55.6973 2.25
      vertex 43.0989 55.3533 2.25
    endloop
  endfacet
  facet normal 0.587684 0.809091 0
    outer loop
      vertex 42.6253 55.6973 2.25
      vertex 43.0989 55.3533 0
      vertex 42.6253 55.6973 0
    endloop
  endfacet
  facet normal 0.548876 0.835904 -0
    outer loop
      vertex 42.6253 55.6973 0
      vertex 41.5099 56.4297 2.25
      vertex 42.6253 55.6973 2.25
    endloop
  endfacet
  facet normal 0.548876 0.835904 0
    outer loop
      vertex 41.5099 56.4297 2.25
      vertex 42.6253 55.6973 0
      vertex 41.5099 56.4297 0
    endloop
  endfacet
  facet normal 0.406788 0.913522 -0
    outer loop
      vertex 41.5099 56.4297 0
      vertex 40.9752 56.6678 2.25
      vertex 41.5099 56.4297 2.25
    endloop
  endfacet
  facet normal 0.406788 0.913522 0
    outer loop
      vertex 40.9752 56.6678 2.25
      vertex 41.5099 56.4297 0
      vertex 40.9752 56.6678 0
    endloop
  endfacet
  facet normal 0.207896 0.978151 -0
    outer loop
      vertex 40.9752 56.6678 0
      vertex 40.4026 56.7895 2.25
      vertex 40.9752 56.6678 2.25
    endloop
  endfacet
  facet normal 0.207896 0.978151 0
    outer loop
      vertex 40.4026 56.7895 2.25
      vertex 40.9752 56.6678 0
      vertex 40.4026 56.7895 0
    endloop
  endfacet
  facet normal 0.174021 0.984742 -0
    outer loop
      vertex 40.4026 56.7895 0
      vertex 39.0943 57.0207 2.25
      vertex 40.4026 56.7895 2.25
    endloop
  endfacet
  facet normal 0.174021 0.984742 0
    outer loop
      vertex 39.0943 57.0207 2.25
      vertex 40.4026 56.7895 0
      vertex 39.0943 57.0207 0
    endloop
  endfacet
  facet normal 0 1 -0
    outer loop
      vertex 39.0943 57.0207 0
      vertex 38.509 57.0207 2.25
      vertex 39.0943 57.0207 2.25
    endloop
  endfacet
  facet normal 0 1 0
    outer loop
      vertex 38.509 57.0207 2.25
      vertex 39.0943 57.0207 0
      vertex 38.509 57.0207 0
    endloop
  endfacet
  facet normal -0.00576083 0.999983 0
    outer loop
      vertex 38.509 57.0207 0
      vertex 38.3007 57.0195 2.25
      vertex 38.509 57.0207 2.25
    endloop
  endfacet
  facet normal -0.00576083 0.999983 0
    outer loop
      vertex 38.3007 57.0195 2.25
      vertex 38.509 57.0207 0
      vertex 38.3007 57.0195 0
    endloop
  endfacet
  facet normal -0.0359824 0.999352 0
    outer loop
      vertex 38.3007 57.0195 0
      vertex 38.0924 57.012 2.25
      vertex 38.3007 57.0195 2.25
    endloop
  endfacet
  facet normal -0.0359824 0.999352 0
    outer loop
      vertex 38.0924 57.012 2.25
      vertex 38.3007 57.0195 0
      vertex 38.0924 57.012 0
    endloop
  endfacet
  facet normal -0.0988418 0.995103 0
    outer loop
      vertex 38.0924 57.012 0
      vertex 37.884 56.9913 2.25
      vertex 38.0924 57.012 2.25
    endloop
  endfacet
  facet normal -0.0988418 0.995103 0
    outer loop
      vertex 37.884 56.9913 2.25
      vertex 38.0924 57.012 0
      vertex 37.884 56.9913 0
    endloop
  endfacet
  facet normal -0.189582 0.981865 0
    outer loop
      vertex 37.884 56.9913 0
      vertex 37.6758 56.9511 2.25
      vertex 37.884 56.9913 2.25
    endloop
  endfacet
  facet normal -0.189582 0.981865 0
    outer loop
      vertex 37.6758 56.9511 2.25
      vertex 37.884 56.9913 0
      vertex 37.6758 56.9511 0
    endloop
  endfacet
  facet normal -0.207896 0.978151 0
    outer loop
      vertex 37.6758 56.9511 0
      vertex 37.1032 56.8294 2.25
      vertex 37.6758 56.9511 2.25
    endloop
  endfacet
  facet normal -0.207896 0.978151 0
    outer loop
      vertex 37.1032 56.8294 2.25
      vertex 37.6758 56.9511 0
      vertex 37.1032 56.8294 0
    endloop
  endfacet
  facet normal -0.406582 0.913614 0
    outer loop
      vertex 37.1032 56.8294 0
      vertex 36.5684 56.5914 2.25
      vertex 37.1032 56.8294 2.25
    endloop
  endfacet
  facet normal -0.406582 0.913614 0
    outer loop
      vertex 36.5684 56.5914 2.25
      vertex 37.1032 56.8294 0
      vertex 36.5684 56.5914 0
    endloop
  endfacet
  facet normal -0.416918 0.908944 0
    outer loop
      vertex 36.5684 56.5914 0
      vertex 35.426 56.0674 2.25
      vertex 36.5684 56.5914 2.25
    endloop
  endfacet
  facet normal -0.416918 0.908944 0
    outer loop
      vertex 35.426 56.0674 2.25
      vertex 36.5684 56.5914 0
      vertex 35.426 56.0674 0
    endloop
  endfacet
  facet normal -0.587877 0.80895 0
    outer loop
      vertex 35.426 56.0674 0
      vertex 34.9525 55.7233 2.25
      vertex 35.426 56.0674 2.25
    endloop
  endfacet
  facet normal -0.587877 0.80895 0
    outer loop
      vertex 34.9525 55.7233 2.25
      vertex 35.426 56.0674 0
      vertex 34.9525 55.7233 0
    endloop
  endfacet
  facet normal -0.730008 0.683439 0
    outer loop
      vertex 33.956 54.6589 0
      vertex 34.9525 55.7233 2.25
      vertex 34.9525 55.7233 0
    endloop
  endfacet
  facet normal -0.730008 0.683439 0
    outer loop
      vertex 34.9525 55.7233 2.25
      vertex 33.956 54.6589 0
      vertex 33.956 54.6589 2.25
    endloop
  endfacet
  facet normal -0.743124 0.669153 0
    outer loop
      vertex 33.5643 54.2239 0
      vertex 33.956 54.6589 2.25
      vertex 33.956 54.6589 0
    endloop
  endfacet
  facet normal -0.743124 0.669153 0
    outer loop
      vertex 33.956 54.6589 2.25
      vertex 33.5643 54.2239 0
      vertex 33.5643 54.2239 2.25
    endloop
  endfacet
  facet normal -0.865995 0.500053 0
    outer loop
      vertex 33.2716 53.717 0
      vertex 33.5643 54.2239 2.25
      vertex 33.5643 54.2239 0
    endloop
  endfacet
  facet normal -0.865995 0.500053 0
    outer loop
      vertex 33.5643 54.2239 2.25
      vertex 33.2716 53.717 0
      vertex 33.2716 53.717 2.25
    endloop
  endfacet
  facet normal -0.901472 0.432837 0
    outer loop
      vertex 32.5667 52.2489 0
      vertex 33.2716 53.717 2.25
      vertex 33.2716 53.717 0
    endloop
  endfacet
  facet normal -0.901472 0.432837 0
    outer loop
      vertex 33.2716 53.717 2.25
      vertex 32.5667 52.2489 0
      vertex 32.5667 52.2489 2.25
    endloop
  endfacet
  facet normal -0.951048 0.309044 0
    outer loop
      vertex 32.3858 51.6922 0
      vertex 32.5667 52.2489 2.25
      vertex 32.5667 52.2489 0
    endloop
  endfacet
  facet normal -0.951048 0.309044 0
    outer loop
      vertex 32.5667 52.2489 2.25
      vertex 32.3858 51.6922 0
      vertex 32.3858 51.6922 2.25
    endloop
  endfacet
  facet normal -0.988332 0.152314 0
    outer loop
      vertex 32.1184 49.9571 0
      vertex 32.3858 51.6922 2.25
      vertex 32.3858 51.6922 0
    endloop
  endfacet
  facet normal -0.988332 0.152314 0
    outer loop
      vertex 32.3858 51.6922 2.25
      vertex 32.1184 49.9571 0
      vertex 32.1184 49.9571 2.25
    endloop
  endfacet
  facet normal -0.994519 0.10456 0
    outer loop
      vertex 32.0572 49.375 0
      vertex 32.1184 49.9571 2.25
      vertex 32.1184 49.9571 0
    endloop
  endfacet
  facet normal -0.994519 0.10456 0
    outer loop
      vertex 32.1184 49.9571 2.25
      vertex 32.0572 49.375 0
      vertex 32.0572 49.375 2.25
    endloop
  endfacet
  facet normal -0.999982 -0.00598075 0
    outer loop
      vertex 32.0582 49.2078 0
      vertex 32.0572 49.375 2.25
      vertex 32.0572 49.375 0
    endloop
  endfacet
  facet normal -0.999982 -0.00598075 0
    outer loop
      vertex 32.0572 49.375 2.25
      vertex 32.0582 49.2078 0
      vertex 32.0582 49.2078 2.25
    endloop
  endfacet
  facet normal -0.999446 -0.0332964 0
    outer loop
      vertex 32.0642 49.0277 0
      vertex 32.0582 49.2078 2.25
      vertex 32.0582 49.2078 0
    endloop
  endfacet
  facet normal -0.999446 -0.0332964 0
    outer loop
      vertex 32.0582 49.2078 2.25
      vertex 32.0642 49.0277 0
      vertex 32.0642 49.0277 2.25
    endloop
  endfacet
  facet normal -0.995825 -0.0912839 0
    outer loop
      vertex 32.0807 48.8477 0
      vertex 32.0642 49.0277 2.25
      vertex 32.0642 49.0277 0
    endloop
  endfacet
  facet normal -0.995825 -0.0912839 0
    outer loop
      vertex 32.0642 49.0277 2.25
      vertex 32.0807 48.8477 0
      vertex 32.0807 48.8477 2.25
    endloop
  endfacet
  facet normal -0.99452 -0.104543 0
    outer loop
      vertex 32.1419 48.2655 0
      vertex 32.0807 48.8477 2.25
      vertex 32.0807 48.8477 0
    endloop
  endfacet
  facet normal -0.99452 -0.104543 0
    outer loop
      vertex 32.0807 48.8477 2.25
      vertex 32.1419 48.2655 0
      vertex 32.1419 48.2655 2.25
    endloop
  endfacet
  facet normal -0.982065 -0.188542 0
    outer loop
      vertex 32.174 48.0983 0
      vertex 32.1419 48.2655 2.25
      vertex 32.1419 48.2655 0
    endloop
  endfacet
  facet normal -0.982065 -0.188542 0
    outer loop
      vertex 32.1419 48.2655 2.25
      vertex 32.174 48.0983 0
      vertex 32.174 48.0983 2.25
    endloop
  endfacet
  facet normal -0.964742 -0.263196 0
    outer loop
      vertex 32.5967 46.5489 0
      vertex 32.174 48.0983 2.25
      vertex 32.174 48.0983 0
    endloop
  endfacet
  facet normal -0.964742 -0.263196 0
    outer loop
      vertex 32.174 48.0983 2.25
      vertex 32.5967 46.5489 0
      vertex 32.5967 46.5489 2.25
    endloop
  endfacet
  facet normal -0.951048 -0.309044 0
    outer loop
      vertex 32.7776 45.9922 0
      vertex 32.5967 46.5489 2.25
      vertex 32.5967 46.5489 0
    endloop
  endfacet
  facet normal -0.951048 -0.309044 0
    outer loop
      vertex 32.5967 46.5489 2.25
      vertex 32.7776 45.9922 0
      vertex 32.7776 45.9922 2.25
    endloop
  endfacet
  facet normal -0.866038 -0.499979 0
    outer loop
      vertex 33.0703 45.4852 0
      vertex 32.7776 45.9922 2.25
      vertex 32.7776 45.9922 0
    endloop
  endfacet
  facet normal -0.866038 -0.499979 0
    outer loop
      vertex 32.7776 45.9922 2.25
      vertex 33.0703 45.4852 0
      vertex 33.0703 45.4852 2.25
    endloop
  endfacet
  facet normal -0.813073 -0.582162 0
    outer loop
      vertex 33.8627 44.3785 0
      vertex 33.0703 45.4852 2.25
      vertex 33.0703 45.4852 0
    endloop
  endfacet
  facet normal -0.813073 -0.582162 0
    outer loop
      vertex 33.0703 45.4852 2.25
      vertex 33.8627 44.3785 0
      vertex 33.8627 44.3785 2.25
    endloop
  endfacet
  facet normal -0.743124 -0.669153 0
    outer loop
      vertex 34.2544 43.9435 0
      vertex 33.8627 44.3785 2.25
      vertex 33.8627 44.3785 0
    endloop
  endfacet
  facet normal -0.743124 -0.669153 0
    outer loop
      vertex 33.8627 44.3785 2.25
      vertex 34.2544 43.9435 0
      vertex 34.2544 43.9435 2.25
    endloop
  endfacet
  facet normal -0.587684 -0.809091 0
    outer loop
      vertex 34.2544 43.9435 0
      vertex 34.728 43.5995 2.25
      vertex 34.2544 43.9435 2.25
    endloop
  endfacet
  facet normal -0.587684 -0.809091 -0
    outer loop
      vertex 34.728 43.5995 2.25
      vertex 34.2544 43.9435 0
      vertex 34.728 43.5995 0
    endloop
  endfacet
  facet normal -0.525935 -0.850525 0
    outer loop
      vertex 34.728 43.5995 0
      vertex 35.8018 42.9355 2.25
      vertex 34.728 43.5995 2.25
    endloop
  endfacet
  facet normal -0.525935 -0.850525 -0
    outer loop
      vertex 35.8018 42.9355 2.25
      vertex 34.728 43.5995 0
      vertex 35.8018 42.9355 0
    endloop
  endfacet
  facet normal -0.406725 -0.913551 0
    outer loop
      vertex 35.8018 42.9355 0
      vertex 36.3366 42.6974 2.25
      vertex 35.8018 42.9355 2.25
    endloop
  endfacet
  facet normal -0.406725 -0.913551 -0
    outer loop
      vertex 36.3366 42.6974 2.25
      vertex 35.8018 42.9355 0
      vertex 36.3366 42.6974 0
    endloop
  endfacet
  facet normal -0.207896 -0.978151 0
    outer loop
      vertex 36.3366 42.6974 0
      vertex 36.9092 42.5757 2.25
      vertex 36.3366 42.6974 2.25
    endloop
  endfacet
  facet normal -0.207896 -0.978151 -0
    outer loop
      vertex 36.9092 42.5757 2.25
      vertex 36.3366 42.6974 0
      vertex 36.9092 42.5757 0
    endloop
  endfacet
  facet normal -0.172188 -0.985064 0
    outer loop
      vertex 36.9092 42.5757 0
      vertex 38.1758 42.3543 2.25
      vertex 36.9092 42.5757 2.25
    endloop
  endfacet
  facet normal -0.172188 -0.985064 -0
    outer loop
      vertex 38.1758 42.3543 2.25
      vertex 36.9092 42.5757 0
      vertex 38.1758 42.3543 0
    endloop
  endfacet
  facet normal 0 -1 0
    outer loop
      vertex 38.1758 42.3543 0
      vertex 38.7611 42.3543 2.25
      vertex 38.1758 42.3543 2.25
    endloop
  endfacet
  facet normal 0 -1 -0
    outer loop
      vertex 38.7611 42.3543 2.25
      vertex 38.1758 42.3543 0
      vertex 38.7611 42.3543 0
    endloop
  endfacet
  facet normal 0.00528077 -0.999986 0
    outer loop
      vertex 38.7611 42.3543 0
      vertex 38.9694 42.3554 2.25
      vertex 38.7611 42.3543 2.25
    endloop
  endfacet
  facet normal 0.00528077 -0.999986 0
    outer loop
      vertex 38.9694 42.3554 2.25
      vertex 38.7611 42.3543 0
      vertex 38.9694 42.3554 0
    endloop
  endfacet
  facet normal 0.525935 0.850525 -0
    outer loop
      vertex 37.2018 45.3603 0
      vertex 36.128 46.0243 13.5
      vertex 37.2018 45.3603 13.5
    endloop
  endfacet
  facet normal 0.525935 0.850525 0
    outer loop
      vertex 36.128 46.0243 13.5
      vertex 37.2018 45.3603 0
      vertex 36.128 46.0243 0
    endloop
  endfacet
  facet normal 0.813038 0.582211 0
    outer loop
      vertex 36.128 46.0243 13.5
      vertex 35.3355 47.131 0
      vertex 35.3355 47.131 13.5
    endloop
  endfacet
  facet normal 0.813038 0.582211 0
    outer loop
      vertex 35.3355 47.131 0
      vertex 36.128 46.0243 13.5
      vertex 36.128 46.0243 0
    endloop
  endfacet
  facet normal 0.964747 0.263181 0
    outer loop
      vertex 35.3355 47.131 13.5
      vertex 34.9128 48.6805 0
      vertex 34.9128 48.6805 13.5
    endloop
  endfacet
  facet normal 0.964747 0.263181 0
    outer loop
      vertex 34.9128 48.6805 0
      vertex 35.3355 47.131 13.5
      vertex 35.3355 47.131 0
    endloop
  endfacet
  facet normal 0.982065 0.188542 0
    outer loop
      vertex 34.9128 48.6805 13.5
      vertex 34.8807 48.8477 0
      vertex 34.8807 48.8477 13.5
    endloop
  endfacet
  facet normal 0.982065 0.188542 0
    outer loop
      vertex 34.8807 48.8477 0
      vertex 34.9128 48.6805 13.5
      vertex 34.9128 48.6805 0
    endloop
  endfacet
  facet normal 0.995825 0.0912839 0
    outer loop
      vertex 34.8807 48.8477 13.5
      vertex 34.8642 49.0277 0
      vertex 34.8642 49.0277 13.5
    endloop
  endfacet
  facet normal 0.995825 0.0912839 0
    outer loop
      vertex 34.8642 49.0277 0
      vertex 34.8807 48.8477 13.5
      vertex 34.8807 48.8477 0
    endloop
  endfacet
  facet normal 0.999446 0.0332964 0
    outer loop
      vertex 34.8642 49.0277 13.5
      vertex 34.8582 49.2078 0
      vertex 34.8582 49.2078 13.5
    endloop
  endfacet
  facet normal 0.999446 0.0332964 0
    outer loop
      vertex 34.8582 49.2078 0
      vertex 34.8642 49.0277 13.5
      vertex 34.8642 49.0277 0
    endloop
  endfacet
  facet normal 0.999982 0.00598075 0
    outer loop
      vertex 34.8582 49.2078 13.5
      vertex 34.8572 49.375 0
      vertex 34.8572 49.375 13.5
    endloop
  endfacet
  facet normal 0.999982 0.00598075 0
    outer loop
      vertex 34.8572 49.375 0
      vertex 34.8582 49.2078 13.5
      vertex 34.8582 49.2078 0
    endloop
  endfacet
  facet normal 0.988331 -0.152323 0
    outer loop
      vertex 34.8572 49.375 13.5
      vertex 35.1246 51.11 0
      vertex 35.1246 51.11 13.5
    endloop
  endfacet
  facet normal 0.988331 -0.152323 0
    outer loop
      vertex 35.1246 51.11 0
      vertex 34.8572 49.375 13.5
      vertex 34.8572 49.375 0
    endloop
  endfacet
  facet normal 0.901472 -0.432837 0
    outer loop
      vertex 35.1246 51.11 13.5
      vertex 35.8295 52.5781 0
      vertex 35.8295 52.5781 13.5
    endloop
  endfacet
  facet normal 0.901472 -0.432837 0
    outer loop
      vertex 35.8295 52.5781 0
      vertex 35.1246 51.11 13.5
      vertex 35.1246 51.11 0
    endloop
  endfacet
  facet normal 0.730008 -0.683439 0
    outer loop
      vertex 35.8295 52.5781 13.5
      vertex 36.826 53.6425 0
      vertex 36.826 53.6425 13.5
    endloop
  endfacet
  facet normal 0.730008 -0.683439 0
    outer loop
      vertex 36.826 53.6425 0
      vertex 35.8295 52.5781 13.5
      vertex 35.8295 52.5781 0
    endloop
  endfacet
  facet normal 0.416918 -0.908944 0
    outer loop
      vertex 36.826 53.6425 0
      vertex 37.9684 54.1665 13.5
      vertex 36.826 53.6425 13.5
    endloop
  endfacet
  facet normal 0.416918 -0.908944 0
    outer loop
      vertex 37.9684 54.1665 13.5
      vertex 36.826 53.6425 0
      vertex 37.9684 54.1665 0
    endloop
  endfacet
  facet normal 0.18904 -0.981969 0
    outer loop
      vertex 37.9684 54.1665 0
      vertex 38.1767 54.2066 13.5
      vertex 37.9684 54.1665 13.5
    endloop
  endfacet
  facet normal 0.18904 -0.981969 0
    outer loop
      vertex 38.1767 54.2066 13.5
      vertex 37.9684 54.1665 0
      vertex 38.1767 54.2066 0
    endloop
  endfacet
  facet normal 0.0988418 -0.995103 0
    outer loop
      vertex 38.1767 54.2066 0
      vertex 38.3851 54.2273 13.5
      vertex 38.1767 54.2066 13.5
    endloop
  endfacet
  facet normal 0.0988418 -0.995103 0
    outer loop
      vertex 38.3851 54.2273 13.5
      vertex 38.1767 54.2066 0
      vertex 38.3851 54.2273 0
    endloop
  endfacet
  facet normal 0.0359824 -0.999352 0
    outer loop
      vertex 38.3851 54.2273 0
      vertex 38.5934 54.2348 13.5
      vertex 38.3851 54.2273 13.5
    endloop
  endfacet
  facet normal 0.0359824 -0.999352 0
    outer loop
      vertex 38.5934 54.2348 13.5
      vertex 38.3851 54.2273 0
      vertex 38.5934 54.2348 0
    endloop
  endfacet
  facet normal 0.00576359 -0.999983 0
    outer loop
      vertex 38.5934 54.2348 0
      vertex 38.8016 54.236 13.5
      vertex 38.5934 54.2348 13.5
    endloop
  endfacet
  facet normal 0.00576359 -0.999983 0
    outer loop
      vertex 38.8016 54.236 13.5
      vertex 38.5934 54.2348 0
      vertex 38.8016 54.236 0
    endloop
  endfacet
  facet normal -0.174021 -0.984742 0
    outer loop
      vertex 38.8016 54.236 0
      vertex 40.1099 54.0048 13.5
      vertex 38.8016 54.236 13.5
    endloop
  endfacet
  facet normal -0.174021 -0.984742 -0
    outer loop
      vertex 40.1099 54.0048 13.5
      vertex 38.8016 54.236 0
      vertex 40.1099 54.0048 0
    endloop
  endfacet
  facet normal -0.548823 -0.835938 0
    outer loop
      vertex 40.1099 54.0048 0
      vertex 41.2253 53.2725 13.5
      vertex 40.1099 54.0048 13.5
    endloop
  endfacet
  facet normal -0.548823 -0.835938 -0
    outer loop
      vertex 41.2253 53.2725 13.5
      vertex 40.1099 54.0048 0
      vertex 41.2253 53.2725 0
    endloop
  endfacet
  facet normal -0.840131 -0.542383 0
    outer loop
      vertex 42.0596 51.9802 0
      vertex 41.2253 53.2725 13.5
      vertex 41.2253 53.2725 0
    endloop
  endfacet
  facet normal -0.840131 -0.542383 0
    outer loop
      vertex 41.2253 53.2725 13.5
      vertex 42.0596 51.9802 0
      vertex 42.0596 51.9802 13.5
    endloop
  endfacet
  facet normal -0.971713 -0.236165 0
    outer loop
      vertex 42.524 50.0694 0
      vertex 42.0596 51.9802 13.5
      vertex 42.0596 51.9802 0
    endloop
  endfacet
  facet normal -0.971713 -0.236165 0
    outer loop
      vertex 42.0596 51.9802 13.5
      vertex 42.524 50.0694 0
      vertex 42.524 50.0694 13.5
    endloop
  endfacet
  facet normal -0.998417 -0.0562488 0
    outer loop
      vertex 42.5328 49.9132 0
      vertex 42.524 50.0694 13.5
      vertex 42.524 50.0694 0
    endloop
  endfacet
  facet normal -0.998417 -0.0562488 0
    outer loop
      vertex 42.524 50.0694 13.5
      vertex 42.5328 49.9132 0
      vertex 42.5328 49.9132 13.5
    endloop
  endfacet
  facet normal -0.992607 -0.121375 0
    outer loop
      vertex 42.571 49.6008 0
      vertex 42.5328 49.9132 13.5
      vertex 42.5328 49.9132 0
    endloop
  endfacet
  facet normal -0.992607 -0.121375 0
    outer loop
      vertex 42.5328 49.9132 13.5
      vertex 42.571 49.6008 0
      vertex 42.571 49.6008 13.5
    endloop
  endfacet
  facet normal -0.998456 -0.0555407 0
    outer loop
      vertex 42.5797 49.4444 0
      vertex 42.571 49.6008 13.5
      vertex 42.571 49.6008 0
    endloop
  endfacet
  facet normal -0.998456 -0.0555407 0
    outer loop
      vertex 42.571 49.6008 13.5
      vertex 42.5797 49.4444 0
      vertex 42.5797 49.4444 13.5
    endloop
  endfacet
  facet normal -0.984793 0.173733 0
    outer loop
      vertex 42.2941 47.8255 0
      vertex 42.5797 49.4444 13.5
      vertex 42.5797 49.4444 0
    endloop
  endfacet
  facet normal -0.984793 0.173733 0
    outer loop
      vertex 42.5797 49.4444 13.5
      vertex 42.2941 47.8255 0
      vertex 42.2941 47.8255 13.5
    endloop
  endfacet
  facet normal -0.863086 0.505057 0
    outer loop
      vertex 41.5449 46.5452 0
      vertex 42.2941 47.8255 13.5
      vertex 42.2941 47.8255 0
    endloop
  endfacet
  facet normal -0.863086 0.505057 0
    outer loop
      vertex 42.2941 47.8255 13.5
      vertex 41.5449 46.5452 0
      vertex 41.5449 46.5452 13.5
    endloop
  endfacet
  facet normal -0.646043 0.763301 0
    outer loop
      vertex 41.5449 46.5452 0
      vertex 40.4936 45.6554 13.5
      vertex 41.5449 46.5452 13.5
    endloop
  endfacet
  facet normal -0.646043 0.763301 0
    outer loop
      vertex 40.4936 45.6554 13.5
      vertex 41.5449 46.5452 0
      vertex 40.4936 45.6554 0
    endloop
  endfacet
  facet normal -0.351123 0.936329 0
    outer loop
      vertex 40.4936 45.6554 0
      vertex 39.3016 45.2084 13.5
      vertex 40.4936 45.6554 13.5
    endloop
  endfacet
  facet normal -0.351123 0.936329 0
    outer loop
      vertex 39.3016 45.2084 13.5
      vertex 40.4936 45.6554 0
      vertex 39.3016 45.2084 0
    endloop
  endfacet
  facet normal -0.189127 0.981953 0
    outer loop
      vertex 39.3016 45.2084 0
      vertex 39.0934 45.1683 13.5
      vertex 39.3016 45.2084 13.5
    endloop
  endfacet
  facet normal -0.189127 0.981953 0
    outer loop
      vertex 39.0934 45.1683 13.5
      vertex 39.3016 45.2084 0
      vertex 39.0934 45.1683 0
    endloop
  endfacet
  facet normal -0.0988888 0.995098 0
    outer loop
      vertex 39.0934 45.1683 0
      vertex 38.8851 45.1476 13.5
      vertex 39.0934 45.1683 13.5
    endloop
  endfacet
  facet normal -0.0988888 0.995098 0
    outer loop
      vertex 38.8851 45.1476 13.5
      vertex 39.0934 45.1683 0
      vertex 38.8851 45.1476 0
    endloop
  endfacet
  facet normal -0.0359652 0.999353 0
    outer loop
      vertex 38.8851 45.1476 0
      vertex 38.6767 45.1401 13.5
      vertex 38.8851 45.1476 13.5
    endloop
  endfacet
  facet normal -0.0359652 0.999353 0
    outer loop
      vertex 38.6767 45.1401 13.5
      vertex 38.8851 45.1476 0
      vertex 38.6767 45.1401 0
    endloop
  endfacet
  facet normal -0.00576083 0.999983 0
    outer loop
      vertex 38.6767 45.1401 0
      vertex 38.4684 45.1389 13.5
      vertex 38.6767 45.1401 13.5
    endloop
  endfacet
  facet normal -0.00576083 0.999983 0
    outer loop
      vertex 38.4684 45.1389 13.5
      vertex 38.6767 45.1401 0
      vertex 38.4684 45.1389 0
    endloop
  endfacet
  facet normal 0.172188 0.985064 -0
    outer loop
      vertex 38.4684 45.1389 0
      vertex 37.2018 45.3603 13.5
      vertex 38.4684 45.1389 13.5
    endloop
  endfacet
  facet normal 0.172188 0.985064 0
    outer loop
      vertex 37.2018 45.3603 13.5
      vertex 38.4684 45.1389 0
      vertex 37.2018 45.3603 0
    endloop
  endfacet
  facet normal 0 0 1
    outer loop
      vertex 16.8332 23.0555 13.5
      vertex 17.8332 23.0555 13.5
      vertex 17.7664 23.6859 13.5
    endloop
  endfacet
  facet normal 0 0 1
    outer loop
      vertex 16.7664 23.6859 13.5
      vertex 17.7664 23.6859 13.5
      vertex 17.6902 24.0686 13.5
    endloop
  endfacet
  facet normal 0 0 1
    outer loop
      vertex 17.8332 23.0555 13.5
      vertex 16.8332 23.0555 13.5
      vertex 17.7377 22.2971 13.5
    endloop
  endfacet
  facet normal -0 0 1
    outer loop
      vertex 16.5485 24.2969 13.5
      vertex 17.6902 24.0686 13.5
      vertex 17.4724 24.6796 13.5
    endloop
  endfacet
  facet normal 0 0 1
    outer loop
      vertex 16.7377 22.2971 13.5
      vertex 17.7377 22.2971 13.5
      vertex 16.8332 23.0555 13.5
    endloop
  endfacet
  facet normal 0 0 1
    outer loop
      vertex 16.5485 24.2969 13.5
      vertex 17.4724 24.6796 13.5
      vertex 17.2556 25.004 13.5
    endloop
  endfacet
  facet normal 0 0 1
    outer loop
      vertex 17.7377 22.2971 13.5
      vertex 16.7377 22.2971 13.5
      vertex 17.6615 21.9144 13.5
    endloop
  endfacet
  facet normal 0 0 1
    outer loop
      vertex 16.1536 24.8427 13.5
      vertex 17.2556 25.004 13.5
      vertex 16.8607 25.5498 13.5
    endloop
  endfacet
  facet normal 0 0 1
    outer loop
      vertex 16.486 21.6232 13.5
      vertex 17.6615 21.9144 13.5
      vertex 16.7377 22.2971 13.5
    endloop
  endfacet
  facet normal 0 0 1
    outer loop
      vertex 17.6615 21.9144 13.5
      vertex 16.486 21.6232 13.5
      vertex 17.4098 21.2405 13.5
    endloop
  endfacet
  facet normal 0 0 1
    outer loop
      vertex 17.7664 23.6859 13.5
      vertex 16.7664 23.6859 13.5
      vertex 16.8332 23.0555 13.5
    endloop
  endfacet
  facet normal 0 0 1
    outer loop
      vertex 17.6902 24.0686 13.5
      vertex 16.5485 24.2969 13.5
      vertex 16.7664 23.6859 13.5
    endloop
  endfacet
  facet normal 0 0 1
    outer loop
      vertex 16.1536 24.8427 13.5
      vertex 16.8607 25.5498 13.5
      vertex 16.2626 25.985 13.5
    endloop
  endfacet
  facet normal 0 0 1
    outer loop
      vertex 17.2556 25.004 13.5
      vertex 16.1536 24.8427 13.5
      vertex 16.5485 24.2969 13.5
    endloop
  endfacet
  facet normal 0 0 1
    outer loop
      vertex 15.2952 25.5807 13.5
      vertex 16.2626 25.985 13.5
      vertex 16.0023 26.2878 13.5
    endloop
  endfacet
  facet normal 0 0 1
    outer loop
      vertex 15.2952 25.5807 13.5
      vertex 16.0023 26.2878 13.5
      vertex 15.721 26.4798 13.5
    endloop
  endfacet
  facet normal 0 0 1
    outer loop
      vertex 16.2626 25.985 13.5
      vertex 15.5555 25.2779 13.5
      vertex 16.1536 24.8427 13.5
    endloop
  endfacet
  facet normal 0 0 1
    outer loop
      vertex 15.0139 25.7727 13.5
      vertex 15.721 26.4798 13.5
      vertex 15.3965 26.6966 13.5
    endloop
  endfacet
  facet normal 0 0 1
    outer loop
      vertex 16.2626 25.985 13.5
      vertex 15.2952 25.5807 13.5
      vertex 15.5555 25.2779 13.5
    endloop
  endfacet
  facet normal 0 0 1
    outer loop
      vertex 15.0139 25.7727 13.5
      vertex 15.3965 26.6966 13.5
      vertex 15.0944 26.7975 13.5
    endloop
  endfacet
  facet normal 0 0 1
    outer loop
      vertex 15.721 26.4798 13.5
      vertex 15.0139 25.7727 13.5
      vertex 15.2952 25.5807 13.5
    endloop
  endfacet
  facet normal 0 0 1
    outer loop
      vertex 14.7117 25.8736 13.5
      vertex 15.0944 26.7975 13.5
      vertex 14.7117 26.8736 13.5
    endloop
  endfacet
  facet normal 0 0 1
    outer loop
      vertex 15.0944 26.7975 13.5
      vertex 14.7117 25.8736 13.5
      vertex 15.0139 25.7727 13.5
    endloop
  endfacet
  facet normal 0 0 1
    outer loop
      vertex 14.3888 25.9029 13.5
      vertex 14.7117 26.8736 13.5
      vertex 14.3888 26.9029 13.5
    endloop
  endfacet
  facet normal 0 0 1
    outer loop
      vertex 14.7117 26.8736 13.5
      vertex 14.3888 25.9029 13.5
      vertex 14.7117 25.8736 13.5
    endloop
  endfacet
  facet normal -0 0 1
    outer loop
      vertex 14.0061 26.8268 13.5
      vertex 14.3888 25.9029 13.5
      vertex 14.3888 26.9029 13.5
    endloop
  endfacet
  facet normal 0 0 1
    outer loop
      vertex 14.0061 26.8268 13.5
      vertex 13.098 25.5123 13.5
      vertex 14.3888 25.9029 13.5
    endloop
  endfacet
  facet normal -0 0 1
    outer loop
      vertex 12.7153 26.4362 13.5
      vertex 13.098 25.5123 13.5
      vertex 14.0061 26.8268 13.5
    endloop
  endfacet
  facet normal -0 0 1
    outer loop
      vertex 11.2214 25.5768 13.5
      vertex 13.098 25.5123 13.5
      vertex 12.7153 26.4362 13.5
    endloop
  endfacet
  facet normal 0 0 1
    outer loop
      vertex 13.098 25.5123 13.5
      vertex 11.2214 25.5768 13.5
      vertex 11.6041 24.6529 13.5
    endloop
  endfacet
  facet normal -0 0 1
    outer loop
      vertex 9.59205 24.7174 13.5
      vertex 11.6041 24.6529 13.5
      vertex 11.2214 25.5768 13.5
    endloop
  endfacet
  facet normal 0 0 1
    outer loop
      vertex 11.6041 24.6529 13.5
      vertex 9.59205 24.7174 13.5
      vertex 9.97473 23.7936 13.5
    endloop
  endfacet
  facet normal -0 0 1
    outer loop
      vertex 8.28117 24.4157 13.5
      vertex 9.97473 23.7936 13.5
      vertex 9.59205 24.7174 13.5
    endloop
  endfacet
  facet normal 0 0 1
    outer loop
      vertex 8.28117 24.4157 13.5
      vertex 8.27759 23.4029 13.5
      vertex 9.97473 23.7936 13.5
    endloop
  endfacet
  facet normal -0 0 1
    outer loop
      vertex 7.15277 24.4704 13.5
      vertex 8.28117 24.4157 13.5
      vertex 8.08658 24.8318 13.5
    endloop
  endfacet
  facet normal 0 0 1
    outer loop
      vertex 8.28117 24.4157 13.5
      vertex 8 23.4029 13.5
      vertex 8.27759 23.4029 13.5
    endloop
  endfacet
  facet normal 0 0 1
    outer loop
      vertex 7.15277 24.4704 13.5
      vertex 8.08658 24.8318 13.5
      vertex 7.95306 25.5609 13.5
    endloop
  endfacet
  facet normal 0 0 1
    outer loop
      vertex 6.95306 25.5609 13.5
      vertex 7.95306 25.5609 13.5
      vertex 7.88879 26.9444 13.5
    endloop
  endfacet
  facet normal 0 0 1
    outer loop
      vertex 6.88879 26.9444 13.5
      vertex 7.88879 26.9444 13.5
      vertex 7.57892 32.947 13.5
    endloop
  endfacet
  facet normal 0 -0 1
    outer loop
      vertex 6.95306 25.5609 13.5
      vertex 7.88879 26.9444 13.5
      vertex 6.88879 26.9444 13.5
    endloop
  endfacet
  facet normal 0 0 1
    outer loop
      vertex 7.95306 25.5609 13.5
      vertex 6.95306 25.5609 13.5
      vertex 7.15277 24.4704 13.5
    endloop
  endfacet
  facet normal 0 0 1
    outer loop
      vertex 8.28117 24.4157 13.5
      vertex 7.15277 24.4704 13.5
      vertex 7.49829 23.7315 13.5
    endloop
  endfacet
  facet normal 0 0 1
    outer loop
      vertex 8.28117 24.4157 13.5
      vertex 7.49829 23.7315 13.5
      vertex 8 23.4029 13.5
    endloop
  endfacet
  facet normal 0 0 1
    outer loop
      vertex 17.4098 21.2405 13.5
      vertex 16.486 21.6232 13.5
      vertex 17.1931 20.9161 13.5
    endloop
  endfacet
  facet normal -0 0 1
    outer loop
      vertex 16.1301 21.0926 13.5
      vertex 17.1931 20.9161 13.5
      vertex 16.486 21.6232 13.5
    endloop
  endfacet
  facet normal 0 0 1
    outer loop
      vertex 17.1931 20.9161 13.5
      vertex 16.1301 21.0926 13.5
      vertex 16.8372 20.3855 13.5
    endloop
  endfacet
  facet normal 0 0 1
    outer loop
      vertex 16.8372 20.3855 13.5
      vertex 16.1301 21.0926 13.5
      vertex 16.4295 20.0568 13.5
    endloop
  endfacet
  facet normal -0 0 1
    outer loop
      vertex 15.7224 20.7639 13.5
      vertex 16.4295 20.0568 13.5
      vertex 16.1301 21.0926 13.5
    endloop
  endfacet
  facet normal 0 0 1
    outer loop
      vertex 15.7224 20.7639 13.5
      vertex 13.9598 18.2426 13.5
      vertex 16.4295 20.0568 13.5
    endloop
  endfacet
  facet normal -0 0 1
    outer loop
      vertex 13.2527 18.9497 13.5
      vertex 13.9598 18.2426 13.5
      vertex 15.7224 20.7639 13.5
    endloop
  endfacet
  facet normal 0 0 1
    outer loop
      vertex 13.2527 18.9497 13.5
      vertex 12.2258 15.9837 13.5
      vertex 13.9598 18.2426 13.5
    endloop
  endfacet
  facet normal -0 0 1
    outer loop
      vertex 11.3404 16.4584 13.5
      vertex 12.2258 15.9837 13.5
      vertex 13.2527 18.9497 13.5
    endloop
  endfacet
  facet normal 0 0 1
    outer loop
      vertex 11.3404 16.4584 13.5
      vertex 11.0646 13.2012 13.5
      vertex 12.2258 15.9837 13.5
    endloop
  endfacet
  facet normal -0 0 1
    outer loop
      vertex 10.1051 13.4985 13.5
      vertex 11.0646 13.2012 13.5
      vertex 11.3404 16.4584 13.5
    endloop
  endfacet
  facet normal 0 0 1
    outer loop
      vertex 9.66675 10.2779 13.5
      vertex 11.0646 13.2012 13.5
      vertex 10.1051 13.4985 13.5
    endloop
  endfacet
  facet normal 0 0 1
    outer loop
      vertex 11.0646 13.2012 13.5
      vertex 9.66675 10.2779 13.5
      vertex 10.6667 10.2779 13.5
    endloop
  endfacet
  facet normal 0 0 1
    outer loop
      vertex 10.6667 10.2779 13.5
      vertex 10.0834 7.30911 13.5
      vertex 10.6042 5.84419 13.5
    endloop
  endfacet
  facet normal 0 0 1
    outer loop
      vertex 10.6667 10.2779 13.5
      vertex 9.77094 8.80005 13.5
      vertex 10.0834 7.30911 13.5
    endloop
  endfacet
  facet normal 0 0 1
    outer loop
      vertex 10.6667 10.2779 13.5
      vertex 9.66675 10.2779 13.5
      vertex 9.77094 8.80005 13.5
    endloop
  endfacet
  facet normal 0 0 1
    outer loop
      vertex 42.3243 31.7915 13.5
      vertex 41.3243 31.7915 13.5
      vertex 41.3572 30.2084 13.5
    endloop
  endfacet
  facet normal 0 0 1
    outer loop
      vertex 41.9529 35.0539 13.5
      vertex 41.2183 33.2899 13.5
      vertex 41.3243 31.7915 13.5
    endloop
  endfacet
  facet normal 0 0 1
    outer loop
      vertex 40.746 35.9029 13.5
      vertex 41.6699 36.2856 13.5
      vertex 41.1804 37.4444 13.5
    endloop
  endfacet
  facet normal 0 0 1
    outer loop
      vertex 41.9529 35.0539 13.5
      vertex 41.0291 34.6712 13.5
      vertex 41.2183 33.2899 13.5
    endloop
  endfacet
  facet normal 0 0 1
    outer loop
      vertex 40.2565 37.0617 13.5
      vertex 41.1804 37.4444 13.5
      vertex 40.9636 37.7688 13.5
    endloop
  endfacet
  facet normal 0 0 1
    outer loop
      vertex 41.9529 35.0539 13.5
      vertex 40.746 35.9029 13.5
      vertex 41.0291 34.6712 13.5
    endloop
  endfacet
  facet normal 0 0 1
    outer loop
      vertex 41.1804 37.4444 13.5
      vertex 40.2565 37.0617 13.5
      vertex 40.746 35.9029 13.5
    endloop
  endfacet
  facet normal -0 0 1
    outer loop
      vertex 39.4962 37.9861 13.5
      vertex 40.9636 37.7688 13.5
      vertex 40.2033 38.6932 13.5
    endloop
  endfacet
  facet normal 0 0 1
    outer loop
      vertex 39.4962 37.9861 13.5
      vertex 40.2033 38.6932 13.5
      vertex 39.8788 38.91 13.5
    endloop
  endfacet
  facet normal 0 0 1
    outer loop
      vertex 40.9636 37.7688 13.5
      vertex 39.4962 37.9861 13.5
      vertex 40.2565 37.0617 13.5
    endloop
  endfacet
  facet normal 0 0 1
    outer loop
      vertex 38.5275 38.5981 13.5
      vertex 39.8788 38.91 13.5
      vertex 38.9101 39.522 13.5
    endloop
  endfacet
  facet normal 0 0 1
    outer loop
      vertex 38.5275 38.5981 13.5
      vertex 38.9101 39.522 13.5
      vertex 38.5275 39.5981 13.5
    endloop
  endfacet
  facet normal 0 0 1
    outer loop
      vertex 39.8788 38.91 13.5
      vertex 38.5275 38.5981 13.5
      vertex 39.4962 37.9861 13.5
    endloop
  endfacet
  facet normal 0 0 1
    outer loop
      vertex 37.4128 38.8194 13.5
      vertex 38.5275 39.5981 13.5
      vertex 37.4128 39.8194 13.5
    endloop
  endfacet
  facet normal 0 0 1
    outer loop
      vertex 38.5275 39.5981 13.5
      vertex 37.4128 38.8194 13.5
      vertex 38.5275 38.5981 13.5
    endloop
  endfacet
  facet normal -0 0 1
    outer loop
      vertex 37.0302 39.7433 13.5
      vertex 37.4128 38.8194 13.5
      vertex 37.4128 39.8194 13.5
    endloop
  endfacet
  facet normal 0 0 1
    outer loop
      vertex 37.0302 39.7433 13.5
      vertex 36.2592 38.571 13.5
      vertex 37.4128 38.8194 13.5
    endloop
  endfacet
  facet normal -0 0 1
    outer loop
      vertex 35.8765 39.4949 13.5
      vertex 36.2592 38.571 13.5
      vertex 37.0302 39.7433 13.5
    endloop
  endfacet
  facet normal -0 0 1
    outer loop
      vertex 35.5521 39.2781 13.5
      vertex 36.2592 38.571 13.5
      vertex 35.8765 39.4949 13.5
    endloop
  endfacet
  facet normal 0 0 1
    outer loop
      vertex 35.5521 39.2781 13.5
      vertex 35.1003 37.7691 13.5
      vertex 36.2592 38.571 13.5
    endloop
  endfacet
  facet normal -0 0 1
    outer loop
      vertex 34.3932 38.4762 13.5
      vertex 35.1003 37.7691 13.5
      vertex 35.5521 39.2781 13.5
    endloop
  endfacet
  facet normal 0 0 1
    outer loop
      vertex 33.3073 37.0362 13.5
      vertex 35.1003 37.7691 13.5
      vertex 34.3932 38.4762 13.5
    endloop
  endfacet
  facet normal 0 0 1
    outer loop
      vertex 35.1003 37.7691 13.5
      vertex 33.3073 37.0362 13.5
      vertex 34.0144 36.3291 13.5
    endloop
  endfacet
  facet normal -0 0 1
    outer loop
      vertex 33.0905 36.7118 13.5
      vertex 34.0144 36.3291 13.5
      vertex 33.3073 37.0362 13.5
    endloop
  endfacet
  facet normal 0 0 1
    outer loop
      vertex 33.0905 36.7118 13.5
      vertex 33.0797 34.1665 13.5
      vertex 34.0144 36.3291 13.5
    endloop
  endfacet
  facet normal -0 0 1
    outer loop
      vertex 32.1558 34.5492 13.5
      vertex 33.0797 34.1665 13.5
      vertex 33.0905 36.7118 13.5
    endloop
  endfacet
  facet normal 0 0 1
    outer loop
      vertex 31.6297 32.5495 13.5
      vertex 33.0797 34.1665 13.5
      vertex 32.1558 34.5492 13.5
    endloop
  endfacet
  facet normal 0 0 1
    outer loop
      vertex 33.0797 34.1665 13.5
      vertex 31.6297 32.5495 13.5
      vertex 32.5536 32.1668 13.5
    endloop
  endfacet
  facet normal 0 0 1
    outer loop
      vertex 31.5536 32.1668 13.5
      vertex 32.5536 32.1668 13.5
      vertex 31.6297 32.5495 13.5
    endloop
  endfacet
  facet normal 0 0 1
    outer loop
      vertex 32.5536 32.1668 13.5
      vertex 31.5536 32.1668 13.5
      vertex 31.8296 27.96 13.5
    endloop
  endfacet
  facet normal 0 0 1
    outer loop
      vertex 30.8296 27.96 13.5
      vertex 31.8296 27.96 13.5
      vertex 31.5536 32.1668 13.5
    endloop
  endfacet
  facet normal 0 0 1
    outer loop
      vertex 31.8296 27.96 13.5
      vertex 30.8296 27.96 13.5
      vertex 31.1889 22.2036 13.5
    endloop
  endfacet
  facet normal 0 0 1
    outer loop
      vertex 30.1889 22.2036 13.5
      vertex 31.1889 22.2036 13.5
      vertex 30.8296 27.96 13.5
    endloop
  endfacet
  facet normal 0 0 1
    outer loop
      vertex 31.1889 22.2036 13.5
      vertex 30.1889 22.2036 13.5
      vertex 31.0764 19.4933 13.5
    endloop
  endfacet
  facet normal -0 0 1
    outer loop
      vertex 30.0796 19.5712 13.5
      vertex 31.0764 19.4933 13.5
      vertex 30.1889 22.2036 13.5
    endloop
  endfacet
  facet normal 0 0 1
    outer loop
      vertex 31.0764 19.4933 13.5
      vertex 30.0796 19.5712 13.5
      vertex 30.1407 15.5815 13.5
    endloop
  endfacet
  facet normal -0 0 1
    outer loop
      vertex 29.2168 15.9642 13.5
      vertex 30.1407 15.5815 13.5
      vertex 30.0796 19.5712 13.5
    endloop
  endfacet
  facet normal 0 0 1
    outer loop
      vertex 25.8909 8.51702 13.5
      vertex 30.1407 15.5815 13.5
      vertex 29.2168 15.9642 13.5
    endloop
  endfacet
  facet normal 0 0 1
    outer loop
      vertex 30.1407 15.5815 13.5
      vertex 25.8909 8.51702 13.5
      vertex 26.764 8.02063 13.5
    endloop
  endfacet
  facet normal 0 0 1
    outer loop
      vertex 21.7911 3.3126 13.5
      vertex 26.764 8.02063 13.5
      vertex 25.8909 8.51702 13.5
    endloop
  endfacet
  facet normal 0 0 1
    outer loop
      vertex 26.764 8.02063 13.5
      vertex 21.7911 3.3126 13.5
      vertex 22.408 2.49107 13.5
    endloop
  endfacet
  facet normal 0 0 1
    outer loop
      vertex 17.3461 1.3708 13.5
      vertex 22.408 2.49107 13.5
      vertex 21.7911 3.3126 13.5
    endloop
  endfacet
  facet normal 0 0 1
    outer loop
      vertex 22.408 2.49107 13.5
      vertex 17.3461 1.3708 13.5
      vertex 17.5 0.346985 13.5
    endloop
  endfacet
  facet normal 0 0 1
    outer loop
      vertex 15.9504 0.586777 13.5
      vertex 17.3461 1.3708 13.5
      vertex 16.2806 1.53568 13.5
    endloop
  endfacet
  facet normal 0 0 1
    outer loop
      vertex 17.3461 1.3708 13.5
      vertex 15.9504 0.586777 13.5
      vertex 17.5 0.346985 13.5
    endloop
  endfacet
  facet normal 0 0 1
    outer loop
      vertex 14.9248 2.18198 13.5
      vertex 15.9504 0.586777 13.5
      vertex 16.2806 1.53568 13.5
    endloop
  endfacet
  facet normal 0 0 1
    outer loop
      vertex 14.9248 2.18198 13.5
      vertex 14.3957 1.3279 13.5
      vertex 15.9504 0.586777 13.5
    endloop
  endfacet
  facet normal -0 0 1
    outer loop
      vertex 12.8514 2.60292 13.5
      vertex 14.9248 2.18198 13.5
      vertex 13.5585 3.31002 13.5
    endloop
  endfacet
  facet normal 0 0 1
    outer loop
      vertex 14.9248 2.18198 13.5
      vertex 12.8514 2.60292 13.5
      vertex 14.3957 1.3279 13.5
    endloop
  endfacet
  facet normal 0 0 1
    outer loop
      vertex 12.1701 4.99408 13.5
      vertex 12.8514 2.60292 13.5
      vertex 13.5585 3.31002 13.5
    endloop
  endfacet
  facet normal -0 0 1
    outer loop
      vertex 10.6042 5.84419 13.5
      vertex 12.1701 4.99408 13.5
      vertex 11.5281 6.22687 13.5
    endloop
  endfacet
  facet normal 0 0 1
    outer loop
      vertex 12.1701 4.99408 13.5
      vertex 11.3332 4.44443 13.5
      vertex 12.8514 2.60292 13.5
    endloop
  endfacet
  facet normal 0 0 1
    outer loop
      vertex 10.6042 5.84419 13.5
      vertex 11.5281 6.22687 13.5
      vertex 11.0073 7.69179 13.5
    endloop
  endfacet
  facet normal 0 0 1
    outer loop
      vertex 10.6042 5.84419 13.5
      vertex 11.0073 7.69179 13.5
      vertex 10.7689 8.82943 13.5
    endloop
  endfacet
  facet normal 0 0 1
    outer loop
      vertex 12.1701 4.99408 13.5
      vertex 10.6042 5.84419 13.5
      vertex 11.3332 4.44443 13.5
    endloop
  endfacet
  facet normal 0 0 1
    outer loop
      vertex 10.6042 5.84419 13.5
      vertex 10.7689 8.82943 13.5
      vertex 10.6667 10.2779 13.5
    endloop
  endfacet
  facet normal 0 0 1
    outer loop
      vertex 41.3243 31.7915 13.5
      vertex 42.3243 31.7915 13.5
      vertex 42.2183 33.2899 13.5
    endloop
  endfacet
  facet normal 0 0 1
    outer loop
      vertex 41.3243 31.7915 13.5
      vertex 42.2183 33.2899 13.5
      vertex 42.0291 34.6712 13.5
    endloop
  endfacet
  facet normal 0 0 1
    outer loop
      vertex 41.3243 31.7915 13.5
      vertex 42.0291 34.6712 13.5
      vertex 41.9529 35.0539 13.5
    endloop
  endfacet
  facet normal 0 0 1
    outer loop
      vertex 42.3243 31.7915 13.5
      vertex 41.3572 30.2084 13.5
      vertex 42.3572 30.2084 13.5
    endloop
  endfacet
  facet normal -0 0 1
    outer loop
      vertex 40.746 35.9029 13.5
      vertex 41.9529 35.0539 13.5
      vertex 41.6699 36.2856 13.5
    endloop
  endfacet
  facet normal 0 0 1
    outer loop
      vertex 42.3572 30.2084 13.5
      vertex 41.3572 30.2084 13.5
      vertex 41.9493 23.2193 13.5
    endloop
  endfacet
  facet normal 0 0 1
    outer loop
      vertex 40.9493 23.2193 13.5
      vertex 41.9493 23.2193 13.5
      vertex 41.3572 30.2084 13.5
    endloop
  endfacet
  facet normal 0 0 1
    outer loop
      vertex 41.9493 23.2193 13.5
      vertex 40.9493 23.2193 13.5
      vertex 41.0516 15.7551 13.5
    endloop
  endfacet
  facet normal 0 0 1
    outer loop
      vertex 40.0516 15.7551 13.5
      vertex 41.0516 15.7551 13.5
      vertex 40.9493 23.2193 13.5
    endloop
  endfacet
  facet normal 0 0 1
    outer loop
      vertex 41.0516 15.7551 13.5
      vertex 40.0516 15.7551 13.5
      vertex 40.1541 8.69453 13.5
    endloop
  endfacet
  facet normal 0 0 1
    outer loop
      vertex 39.1541 8.69453 13.5
      vertex 40.1541 8.69453 13.5
      vertex 40.0516 15.7551 13.5
    endloop
  endfacet
  facet normal 0 0 1
    outer loop
      vertex 40.1541 8.69453 13.5
      vertex 39.1541 8.69453 13.5
      vertex 39.746 2.91649 13.5
    endloop
  endfacet
  facet normal 0 0 1
    outer loop
      vertex 38.746 2.91649 13.5
      vertex 39.746 2.91649 13.5
      vertex 39.1541 8.69453 13.5
    endloop
  endfacet
  facet normal 0 -0 1
    outer loop
      vertex 38.8337 1.18034 13.5
      vertex 39.746 2.91649 13.5
      vertex 38.746 2.91649 13.5
    endloop
  endfacet
  facet normal 0 -0 1
    outer loop
      vertex 39.1141 -0.138931 13.5
      vertex 39.746 2.91649 13.5
      vertex 38.8337 1.18034 13.5
    endloop
  endfacet
  facet normal 0 0 1
    outer loop
      vertex 39.746 2.91649 13.5
      vertex 39.1141 -0.138931 13.5
      vertex 39.6133 -0.989609 13.5
    endloop
  endfacet
  facet normal -0 0 1
    outer loop
      vertex 50.0863 9.94849 13.5
      vertex 51.0101 9.56581 13.5
      vertex 50.5241 11.707 13.5
    endloop
  endfacet
  facet normal 0 0 1
    outer loop
      vertex 46.2975 2.73333 13.5
      vertex 51.0101 9.56581 13.5
      vertex 50.0863 9.94849 13.5
    endloop
  endfacet
  facet normal 0 0 1
    outer loop
      vertex 51.0101 9.56581 13.5
      vertex 46.2975 2.73333 13.5
      vertex 47.0275 1.98128 13.5
    endloop
  endfacet
  facet normal 0 0 1
    outer loop
      vertex 40.3362 -0.216579 13.5
      vertex 47.0275 1.98128 13.5
      vertex 46.2975 2.73333 13.5
    endloop
  endfacet
  facet normal 0 0 1
    outer loop
      vertex 47.0275 1.98128 13.5
      vertex 40.3362 -0.216579 13.5
      vertex 40.3572 -1.31943 13.5
    endloop
  endfacet
  facet normal 0 0 1
    outer loop
      vertex 39.6133 -0.989609 13.5
      vertex 40.3362 -0.216579 13.5
      vertex 40.2982 -0.199738 13.5
    endloop
  endfacet
  facet normal 0 0 1
    outer loop
      vertex 39.6133 -0.989609 13.5
      vertex 40.2982 -0.199738 13.5
      vertex 40.038 0.24375 13.5
    endloop
  endfacet
  facet normal 0 0 1
    outer loop
      vertex 39.6133 -0.989609 13.5
      vertex 40.038 0.24375 13.5
      vertex 39.8321 1.21251 13.5
    endloop
  endfacet
  facet normal 0 0 1
    outer loop
      vertex 40.3362 -0.216579 13.5
      vertex 39.6133 -0.989609 13.5
      vertex 40.3572 -1.31943 13.5
    endloop
  endfacet
  facet normal 0 0 1
    outer loop
      vertex 39.6133 -0.989609 13.5
      vertex 39.8321 1.21251 13.5
      vertex 39.746 2.91649 13.5
    endloop
  endfacet
  facet normal 0 0 1
    outer loop
      vertex 1.68488 21.5191 13.5
      vertex 3.19107 18.5353 13.5
      vertex 4.4444 18.6805 13.5
    endloop
  endfacet
  facet normal 0 0 1
    outer loop
      vertex 1.68488 21.5191 13.5
      vertex 0.977771 20.812 13.5
      vertex 3.19107 18.5353 13.5
    endloop
  endfacet
  facet normal 0 0 1
    outer loop
      vertex 1.68488 21.5191 13.5
      vertex 0.760998 21.1364 13.5
      vertex 0.977771 20.812 13.5
    endloop
  endfacet
  facet normal 0 0 1
    outer loop
      vertex -0.215271 24.9305 13.5
      vertex 0.760998 21.1364 13.5
      vertex 1.68488 21.5191 13.5
    endloop
  endfacet
  facet normal 0 0 1
    outer loop
      vertex -0.215271 24.9305 13.5
      vertex -1.13915 24.5478 13.5
      vertex 0.760998 21.1364 13.5
    endloop
  endfacet
  facet normal -0 0 1
    outer loop
      vertex -2.23729 28.376 13.5
      vertex -0.215271 24.9305 13.5
      vertex -1.31342 28.7587 13.5
    endloop
  endfacet
  facet normal 0 0 1
    outer loop
      vertex -2.31342 28.7587 13.5
      vertex -1.31342 28.7587 13.5
      vertex -1.66675 32.8474 13.5
    endloop
  endfacet
  facet normal 0 0 1
    outer loop
      vertex -0.215271 24.9305 13.5
      vertex -2.23729 28.376 13.5
      vertex -1.13915 24.5478 13.5
    endloop
  endfacet
  facet normal -0 0 1
    outer loop
      vertex 3.19107 18.5353 13.5
      vertex 2.60938 15.7401 13.5
      vertex 4.4444 18.6805 13.5
    endloop
  endfacet
  facet normal -0 0 1
    outer loop
      vertex 1.6855 16.1227 13.5
      vertex 2.60938 15.7401 13.5
      vertex 3.19107 18.5353 13.5
    endloop
  endfacet
  facet normal 0 0 1
    outer loop
      vertex 1.6855 16.1227 13.5
      vertex 1.38885 12.9688 13.5
      vertex 2.60938 15.7401 13.5
    endloop
  endfacet
  facet normal -0 0 1
    outer loop
      vertex 0.464977 13.3514 13.5
      vertex 1.38885 12.9688 13.5
      vertex 1.6855 16.1227 13.5
    endloop
  endfacet
  facet normal 0 0 1
    outer loop
      vertex 1.38885 12.9688 13.5
      vertex -0.213855 10.7623 13.5
      vertex 0.710022 10.3796 13.5
    endloop
  endfacet
  facet normal 0 0 1
    outer loop
      vertex -0.213855 10.7623 13.5
      vertex 1.38885 12.9688 13.5
      vertex 0.464977 13.3514 13.5
    endloop
  endfacet
  facet normal -0 0 1
    outer loop
      vertex 18.4371 45.5027 13.5
      vertex 19.467 45.4839 13.5
      vertex 19.361 45.8854 13.5
    endloop
  endfacet
  facet normal 0 -0 1
    outer loop
      vertex 18.4985 45.0883 13.5
      vertex 19.467 45.4839 13.5
      vertex 18.4777 45.3489 13.5
    endloop
  endfacet
  facet normal 0 0 1
    outer loop
      vertex 18.3317 45.7119 13.5
      vertex 19.361 45.8854 13.5
      vertex 19.1718 46.2609 13.5
    endloop
  endfacet
  facet normal 0 0 1
    outer loop
      vertex 18.2506 45.8084 13.5
      vertex 19.1718 46.2609 13.5
      vertex 18.8888 46.5974 13.5
    endloop
  endfacet
  facet normal 0 0 1
    outer loop
      vertex 19.5 45.0694 13.5
      vertex 18.4985 45.0883 13.5
      vertex 19.2057 43.6903 13.5
    endloop
  endfacet
  facet normal -0 0 1
    outer loop
      vertex 18.2819 44.073 13.5
      vertex 19.2057 43.6903 13.5
      vertex 18.4985 45.0883 13.5
    endloop
  endfacet
  facet normal 0 0 1
    outer loop
      vertex 19.467 45.4839 13.5
      vertex 18.4985 45.0883 13.5
      vertex 19.5 45.0694 13.5
    endloop
  endfacet
  facet normal 0 0 1
    outer loop
      vertex 19.467 45.4839 13.5
      vertex 18.4371 45.5027 13.5
      vertex 18.4777 45.3489 13.5
    endloop
  endfacet
  facet normal 0 0 1
    outer loop
      vertex 19.361 45.8854 13.5
      vertex 18.3317 45.7119 13.5
      vertex 18.4371 45.5027 13.5
    endloop
  endfacet
  facet normal 0 0 1
    outer loop
      vertex 18.2506 45.8084 13.5
      vertex 18.8888 46.5974 13.5
      vertex 18.2742 46.9218 13.5
    endloop
  endfacet
  facet normal 0 0 1
    outer loop
      vertex 19.1718 46.2609 13.5
      vertex 18.2506 45.8084 13.5
      vertex 18.3317 45.7119 13.5
    endloop
  endfacet
  facet normal 0 0 1
    outer loop
      vertex 18.2742 46.9218 13.5
      vertex 17.8915 45.9979 13.5
      vertex 18.2506 45.8084 13.5
    endloop
  endfacet
  facet normal 0 0 1
    outer loop
      vertex 17.6805 47.1615 13.5
      vertex 17.8915 45.9979 13.5
      vertex 18.2742 46.9218 13.5
    endloop
  endfacet
  facet normal 0 0 1
    outer loop
      vertex 17.6805 47.1615 13.5
      vertex 17.2978 46.2376 13.5
      vertex 17.8915 45.9979 13.5
    endloop
  endfacet
  facet normal 0 0 1
    outer loop
      vertex 17.1075 47.31 13.5
      vertex 17.2978 46.2376 13.5
      vertex 17.6805 47.1615 13.5
    endloop
  endfacet
  facet normal 0 0 1
    outer loop
      vertex 17.1075 47.31 13.5
      vertex 16.9692 46.3228 13.5
      vertex 17.2978 46.2376 13.5
    endloop
  endfacet
  facet normal 0 0 1
    outer loop
      vertex 17.1075 47.31 13.5
      vertex 16.7692 46.3413 13.5
      vertex 16.9692 46.3228 13.5
    endloop
  endfacet
  facet normal 0 0 1
    outer loop
      vertex 16.5555 47.361 13.5
      vertex 16.7692 46.3413 13.5
      vertex 17.1075 47.31 13.5
    endloop
  endfacet
  facet normal 0 0 1
    outer loop
      vertex 12.5842 45.1083 13.5
      vertex 16.7692 46.3413 13.5
      vertex 16.5555 47.361 13.5
    endloop
  endfacet
  facet normal 0 0 1
    outer loop
      vertex 16.7692 46.3413 13.5
      vertex 12.5842 45.1083 13.5
      vertex 13.3164 44.3827 13.5
    endloop
  endfacet
  facet normal 0 0 1
    outer loop
      vertex 9.53473 39.6526 13.5
      vertex 13.3164 44.3827 13.5
      vertex 12.5842 45.1083 13.5
    endloop
  endfacet
  facet normal 0 0 1
    outer loop
      vertex 13.3164 44.3827 13.5
      vertex 9.53473 39.6526 13.5
      vertex 10.4586 39.27 13.5
    endloop
  endfacet
  facet normal 0 0 1
    outer loop
      vertex 7.57892 32.947 13.5
      vertex 10.4586 39.27 13.5
      vertex 9.53473 39.6526 13.5
    endloop
  endfacet
  facet normal 0 0 1
    outer loop
      vertex 8.55583 32.7461 13.5
      vertex 7.57892 32.947 13.5
      vertex 7.88879 26.9444 13.5
    endloop
  endfacet
  facet normal 0 0 1
    outer loop
      vertex 10.4586 39.27 13.5
      vertex 7.57892 32.947 13.5
      vertex 8.55583 32.7461 13.5
    endloop
  endfacet
  facet normal 0 0 1
    outer loop
      vertex 19.2057 43.6903 13.5
      vertex 18.2819 44.073 13.5
      vertex 18.5209 42.3698 13.5
    endloop
  endfacet
  facet normal -0 0 1
    outer loop
      vertex 17.6326 42.8211 13.5
      vertex 18.5209 42.3698 13.5
      vertex 18.2819 44.073 13.5
    endloop
  endfacet
  facet normal 0 0 1
    outer loop
      vertex 17.0351 41.9776 13.5
      vertex 18.5209 42.3698 13.5
      vertex 17.6326 42.8211 13.5
    endloop
  endfacet
  facet normal 0 0 1
    outer loop
      vertex 18.5209 42.3698 13.5
      vertex 17.0351 41.9776 13.5
      vertex 17.7422 41.2705 13.5
    endloop
  endfacet
  facet normal 0 0 1
    outer loop
      vertex 16.4596 41.2626 13.5
      vertex 17.7422 41.2705 13.5
      vertex 17.0351 41.9776 13.5
    endloop
  endfacet
  facet normal 0 0 1
    outer loop
      vertex 17.7422 41.2705 13.5
      vertex 16.4596 41.2626 13.5
      vertex 17.1667 40.5555 13.5
    endloop
  endfacet
  facet normal -0 0 1
    outer loop
      vertex 16.2429 40.9382 13.5
      vertex 17.1667 40.5555 13.5
      vertex 16.4596 41.2626 13.5
    endloop
  endfacet
  facet normal 0 0 1
    outer loop
      vertex 17.1667 40.5555 13.5
      vertex 16.2429 40.9382 13.5
      vertex 16.9158 40.1682 13.5
    endloop
  endfacet
  facet normal 0 0 1
    outer loop
      vertex 16.9158 40.1682 13.5
      vertex 15.9919 40.5508 13.5
      vertex 16.743 39.7483 13.5
    endloop
  endfacet
  facet normal -0 0 1
    outer loop
      vertex 15.9919 40.5508 13.5
      vertex 16.9158 40.1682 13.5
      vertex 16.2429 40.9382 13.5
    endloop
  endfacet
  facet normal 0 0 1
    outer loop
      vertex 69.3655 33.0209 13.5
      vertex 70.3655 33.0209 13.5
      vertex 70.3221 33.3333 13.5
    endloop
  endfacet
  facet normal 0 -0 1
    outer loop
      vertex 69.3777 32.7084 13.5
      vertex 70.3655 33.0209 13.5
      vertex 69.3655 33.0209 13.5
    endloop
  endfacet
  facet normal 0 0 1
    outer loop
      vertex 69.3221 33.3333 13.5
      vertex 70.3221 33.3333 13.5
      vertex 70.246 33.716 13.5
    endloop
  endfacet
  facet normal 0 0 1
    outer loop
      vertex 69.237 33.6458 13.5
      vertex 70.246 33.716 13.5
      vertex 70.1609 34.0285 13.5
    endloop
  endfacet
  facet normal 0 0 1
    outer loop
      vertex 69.237 33.6458 13.5
      vertex 70.1609 34.0285 13.5
      vertex 70.0236 34.3411 13.5
    endloop
  endfacet
  facet normal 0 0 1
    outer loop
      vertex 69.0997 33.9584 13.5
      vertex 70.0236 34.3411 13.5
      vertex 69.8068 34.6655 13.5
    endloop
  endfacet
  facet normal 0 0 1
    outer loop
      vertex 70.3221 33.3333 13.5
      vertex 69.3221 33.3333 13.5
      vertex 69.3655 33.0209 13.5
    endloop
  endfacet
  facet normal 0 0 1
    outer loop
      vertex 68.8682 30.7803 13.5
      vertex 70.3016 32.3258 13.5
      vertex 69.3777 32.7084 13.5
    endloop
  endfacet
  facet normal 0 0 1
    outer loop
      vertex 70.3016 32.3258 13.5
      vertex 68.8682 30.7803 13.5
      vertex 69.792 30.3976 13.5
    endloop
  endfacet
  facet normal 0 0 1
    outer loop
      vertex 70.3777 32.7084 13.5
      vertex 69.3777 32.7084 13.5
      vertex 70.3016 32.3258 13.5
    endloop
  endfacet
  facet normal 0 0 1
    outer loop
      vertex 70.3655 33.0209 13.5
      vertex 69.3777 32.7084 13.5
      vertex 70.3777 32.7084 13.5
    endloop
  endfacet
  facet normal 0 0 1
    outer loop
      vertex 70.246 33.716 13.5
      vertex 69.237 33.6458 13.5
      vertex 69.3221 33.3333 13.5
    endloop
  endfacet
  facet normal 0 0 1
    outer loop
      vertex 70.0236 34.3411 13.5
      vertex 69.0997 33.9584 13.5
      vertex 69.237 33.6458 13.5
    endloop
  endfacet
  facet normal -0 0 1
    outer loop
      vertex 68.3871 34.7972 13.5
      vertex 69.8068 34.6655 13.5
      vertex 69.0943 35.5043 13.5
    endloop
  endfacet
  facet normal 0 0 1
    outer loop
      vertex 68.3871 34.7972 13.5
      vertex 69.0943 35.5043 13.5
      vertex 68.7698 35.7211 13.5
    endloop
  endfacet
  facet normal 0 0 1
    outer loop
      vertex 69.8068 34.6655 13.5
      vertex 68.3871 34.7972 13.5
      vertex 69.0997 33.9584 13.5
    endloop
  endfacet
  facet normal 0 0 1
    outer loop
      vertex 67.5234 35.356 13.5
      vertex 68.7698 35.7211 13.5
      vertex 67.9061 36.2799 13.5
    endloop
  endfacet
  facet normal 0 0 1
    outer loop
      vertex 68.7698 35.7211 13.5
      vertex 67.5234 35.356 13.5
      vertex 68.3871 34.7972 13.5
    endloop
  endfacet
  facet normal 0 0 1
    outer loop
      vertex 66.9278 36.5913 13.5
      vertex 67.5234 35.356 13.5
      vertex 67.9061 36.2799 13.5
    endloop
  endfacet
  facet normal 0 0 1
    outer loop
      vertex 66.5451 35.6674 13.5
      vertex 66.9278 36.5913 13.5
      vertex 66.5451 36.6674 13.5
    endloop
  endfacet
  facet normal 0 0 1
    outer loop
      vertex 66.9278 36.5913 13.5
      vertex 66.5451 35.6674 13.5
      vertex 67.5234 35.356 13.5
    endloop
  endfacet
  facet normal 0 0 1
    outer loop
      vertex 65.4885 35.7639 13.5
      vertex 66.5451 36.6674 13.5
      vertex 65.4885 36.7639 13.5
    endloop
  endfacet
  facet normal 0 0 1
    outer loop
      vertex 66.5451 36.6674 13.5
      vertex 65.4885 35.7639 13.5
      vertex 66.5451 35.6674 13.5
    endloop
  endfacet
  facet normal -0 0 1
    outer loop
      vertex 64.5225 36.7031 13.5
      vertex 65.4885 35.7639 13.5
      vertex 65.4885 36.7639 13.5
    endloop
  endfacet
  facet normal 0 0 1
    outer loop
      vertex 64.5225 36.7031 13.5
      vertex 64.5225 35.7031 13.5
      vertex 65.4885 35.7639 13.5
    endloop
  endfacet
  facet normal -0 0 1
    outer loop
      vertex 63.5512 36.5382 13.5
      vertex 64.5225 35.7031 13.5
      vertex 64.5225 36.7031 13.5
    endloop
  endfacet
  facet normal 0 0 1
    outer loop
      vertex 63.5512 36.5382 13.5
      vertex 63.5512 35.5382 13.5
      vertex 64.5225 35.7031 13.5
    endloop
  endfacet
  facet normal -0 0 1
    outer loop
      vertex 63.1685 36.4621 13.5
      vertex 63.5512 35.5382 13.5
      vertex 63.5512 36.5382 13.5
    endloop
  endfacet
  facet normal 0 0 1
    outer loop
      vertex 63.1685 36.4621 13.5
      vertex 62.5903 35.295 13.5
      vertex 63.5512 35.5382 13.5
    endloop
  endfacet
  facet normal -0 0 1
    outer loop
      vertex 62.2076 36.2189 13.5
      vertex 62.5903 35.295 13.5
      vertex 63.1685 36.4621 13.5
    endloop
  endfacet
  facet normal 0 0 1
    outer loop
      vertex 62.2076 36.2189 13.5
      vertex 61.6553 35 13.5
      vertex 62.5903 35.295 13.5
    endloop
  endfacet
  facet normal -0 0 1
    outer loop
      vertex 61.2727 35.9239 13.5
      vertex 61.6553 35 13.5
      vertex 62.2076 36.2189 13.5
    endloop
  endfacet
  facet normal -0 0 1
    outer loop
      vertex 60.9482 35.7071 13.5
      vertex 61.6553 35 13.5
      vertex 61.2727 35.9239 13.5
    endloop
  endfacet
  facet normal 0 0 1
    outer loop
      vertex 60.9482 35.7071 13.5
      vertex 57.8403 32.0551 13.5
      vertex 61.6553 35 13.5
    endloop
  endfacet
  facet normal -0 0 1
    outer loop
      vertex 57.1332 32.7622 13.5
      vertex 57.8403 32.0551 13.5
      vertex 60.9482 35.7071 13.5
    endloop
  endfacet
  facet normal -0 0 1
    outer loop
      vertex 56.9164 32.4378 13.5
      vertex 57.8403 32.0551 13.5
      vertex 57.1332 32.7622 13.5
    endloop
  endfacet
  facet normal 0 0 1
    outer loop
      vertex 56.9164 32.4378 13.5
      vertex 54.5928 26.5973 13.5
      vertex 57.8403 32.0551 13.5
    endloop
  endfacet
  facet normal -0 0 1
    outer loop
      vertex 53.669 26.98 13.5
      vertex 54.5928 26.5973 13.5
      vertex 56.9164 32.4378 13.5
    endloop
  endfacet
  facet normal 0 0 1
    outer loop
      vertex 51.411 20.0117 13.5
      vertex 54.5928 26.5973 13.5
      vertex 53.669 26.98 13.5
    endloop
  endfacet
  facet normal 0 0 1
    outer loop
      vertex 51.3349 19.629 13.5
      vertex 52.3349 19.629 13.5
      vertex 51.411 20.0117 13.5
    endloop
  endfacet
  facet normal 0 0 1
    outer loop
      vertex 54.5928 26.5973 13.5
      vertex 51.411 20.0117 13.5
      vertex 52.3349 19.629 13.5
    endloop
  endfacet
  facet normal 0 0 1
    outer loop
      vertex 69.792 30.3976 13.5
      vertex 68.8682 30.7803 13.5
      vertex 69.5753 30.0732 13.5
    endloop
  endfacet
  facet normal 0 0 1
    outer loop
      vertex 67.6346 28.9497 13.5
      vertex 69.5753 30.0732 13.5
      vertex 68.8682 30.7803 13.5
    endloop
  endfacet
  facet normal 0 0 1
    outer loop
      vertex 69.5753 30.0732 13.5
      vertex 67.6346 28.9497 13.5
      vertex 68.3417 28.2426 13.5
    endloop
  endfacet
  facet normal 0 0 1
    outer loop
      vertex 66.1198 27.3665 13.5
      vertex 68.3417 28.2426 13.5
      vertex 67.6346 28.9497 13.5
    endloop
  endfacet
  facet normal 0 0 1
    outer loop
      vertex 68.3417 28.2426 13.5
      vertex 66.1198 27.3665 13.5
      vertex 66.8269 26.6594 13.5
    endloop
  endfacet
  facet normal 0 0 1
    outer loop
      vertex 66.1198 27.3665 13.5
      vertex 65.4764 25.4759 13.5
      vertex 66.8269 26.6594 13.5
    endloop
  endfacet
  facet normal -0 0 1
    outer loop
      vertex 64.7665 26.1805 13.5
      vertex 65.4764 25.4759 13.5
      vertex 66.1198 27.3665 13.5
    endloop
  endfacet
  facet normal 0 0 1
    outer loop
      vertex 64.7665 26.1805 13.5
      vertex 62.7867 21.4282 13.5
      vertex 65.4764 25.4759 13.5
    endloop
  endfacet
  facet normal -0 0 1
    outer loop
      vertex 61.8628 21.8109 13.5
      vertex 62.7867 21.4282 13.5
      vertex 64.7665 26.1805 13.5
    endloop
  endfacet
  facet normal 0 0 1
    outer loop
      vertex 60.079 17.2134 13.5
      vertex 62.7867 21.4282 13.5
      vertex 61.8628 21.8109 13.5
    endloop
  endfacet
  facet normal 0 0 1
    outer loop
      vertex 62.7867 21.4282 13.5
      vertex 60.079 17.2134 13.5
      vertex 61.0029 16.8308 13.5
    endloop
  endfacet
  facet normal 0 0 1
    outer loop
      vertex 61.0029 16.8308 13.5
      vertex 60.079 17.2134 13.5
      vertex 60.1797 12.7972 13.5
    endloop
  endfacet
  facet normal -0 0 1
    outer loop
      vertex 59.1807 12.8114 13.5
      vertex 60.1797 12.7972 13.5
      vertex 60.079 17.2134 13.5
    endloop
  endfacet
  facet normal 0 0 1
    outer loop
      vertex 60.1797 12.7972 13.5
      vertex 59.1807 12.8114 13.5
      vertex 59.9333 9.02794 13.5
    endloop
  endfacet
  facet normal 0 0 1
    outer loop
      vertex 58.9333 9.02794 13.5
      vertex 59.9333 9.02794 13.5
      vertex 59.1807 12.8114 13.5
    endloop
  endfacet
  facet normal 0 -0 1
    outer loop
      vertex 58.9715 7.5988 13.5
      vertex 59.9333 9.02794 13.5
      vertex 58.9333 9.02794 13.5
    endloop
  endfacet
  facet normal 0 -0 1
    outer loop
      vertex 59.0721 6.44966 13.5
      vertex 59.9333 9.02794 13.5
      vertex 58.9715 7.5988 13.5
    endloop
  endfacet
  facet normal 0 0 1
    outer loop
      vertex 59.9333 9.02794 13.5
      vertex 59.0721 6.44966 13.5
      vertex 59.7709 4.61372 13.5
    endloop
  endfacet
  facet normal -0 -0 1
    outer loop
      vertex 59.2144 5.60005 13.5
      vertex 59.7709 4.61372 13.5
      vertex 59.0721 6.44966 13.5
    endloop
  endfacet
  facet normal 0 0 1
    outer loop
      vertex 59.7709 4.61372 13.5
      vertex 59.2144 5.60005 13.5
      vertex 59.3777 5.06943 13.5
    endloop
  endfacet
  facet normal 0 0 1
    outer loop
      vertex 70.6273 7.18104 13.5
      vertex 71.5441 9.79149 13.5
      vertex 71.5441 11.875 13.5
    endloop
  endfacet
  facet normal 0 0 1
    outer loop
      vertex 71.5441 9.79149 13.5
      vertex 71.204 1.8663 13.5
      vertex 71.2801 1.48362 13.5
    endloop
  endfacet
  facet normal 0 0 1
    outer loop
      vertex 71.5441 9.79149 13.5
      vertex 70.6578 6.22284 13.5
      vertex 71.204 1.8663 13.5
    endloop
  endfacet
  facet normal 0 0 1
    outer loop
      vertex 71.5441 9.79149 13.5
      vertex 70.6273 7.18104 13.5
      vertex 70.6578 6.22284 13.5
    endloop
  endfacet
  facet normal 0 0 1
    outer loop
      vertex 68.4852 4.71031 13.5
      vertex 70.6273 7.18104 13.5
      vertex 71.5441 11.875 13.5
    endloop
  endfacet
  facet normal 0 0 1
    outer loop
      vertex 70.6273 7.18104 13.5
      vertex 68.4852 4.71031 13.5
      vertex 69.409 4.32763 13.5
    endloop
  endfacet
  facet normal 0 0 1
    outer loop
      vertex 69.409 4.32763 13.5
      vertex 68.4852 4.71031 13.5
      vertex 69.1923 4.00321 13.5
    endloop
  endfacet
  facet normal 0 0 1
    outer loop
      vertex 65.322 0.390701 13.5
      vertex 69.1923 4.00321 13.5
      vertex 68.4852 4.71031 13.5
    endloop
  endfacet
  facet normal 0 0 1
    outer loop
      vertex 69.1923 4.00321 13.5
      vertex 65.322 0.390701 13.5
      vertex 66.0291 -0.316402 13.5
    endloop
  endfacet
  facet normal 0 0 1
    outer loop
      vertex 65.322 0.390701 13.5
      vertex 63.0326 -2.43539 13.5
      vertex 66.0291 -0.316402 13.5
    endloop
  endfacet
  facet normal -0 0 1
    outer loop
      vertex 62.3255 -1.72829 13.5
      vertex 63.0326 -2.43539 13.5
      vertex 65.322 0.390701 13.5
    endloop
  endfacet
  facet normal 0 0 1
    outer loop
      vertex 63.0326 -2.43539 13.5
      vertex 62.3255 -1.72829 13.5
      vertex 62.7082 -2.65216 13.5
    endloop
  endfacet
  facet normal 0 0 1
    outer loop
      vertex 62.3255 -1.72829 13.5
      vertex 60.1492 -3.21537 13.5
      vertex 62.7082 -2.65216 13.5
    endloop
  endfacet
  facet normal -0 0 1
    outer loop
      vertex 59.7665 -2.29149 13.5
      vertex 60.1492 -3.21537 13.5
      vertex 62.3255 -1.72829 13.5
    endloop
  endfacet
  facet normal 0 0 1
    outer loop
      vertex 59.7665 -2.29149 13.5
      vertex 59.7665 -3.29149 13.5
      vertex 60.1492 -3.21537 13.5
    endloop
  endfacet
  facet normal 0 0 1
    outer loop
      vertex 59.0513 -3.24373 13.5
      vertex 59.7665 -2.29149 13.5
      vertex 59.0513 -2.24373 13.5
    endloop
  endfacet
  facet normal 0 0 1
    outer loop
      vertex 59.7665 -2.29149 13.5
      vertex 59.0513 -3.24373 13.5
      vertex 59.7665 -3.29149 13.5
    endloop
  endfacet
  facet normal 0 0 1
    outer loop
      vertex 59.0513 -2.24373 13.5
      vertex 58.6686 -3.16761 13.5
      vertex 59.0513 -3.24373 13.5
    endloop
  endfacet
  facet normal 0 0 1
    outer loop
      vertex 58.4193 -2.118 13.5
      vertex 58.6686 -3.16761 13.5
      vertex 59.0513 -2.24373 13.5
    endloop
  endfacet
  facet normal 0 0 1
    outer loop
      vertex 58.4193 -2.118 13.5
      vertex 58.0366 -3.04187 13.5
      vertex 58.6686 -3.16761 13.5
    endloop
  endfacet
  facet normal 0 0 1
    outer loop
      vertex 57.8915 -1.94 13.5
      vertex 58.0366 -3.04187 13.5
      vertex 58.4193 -2.118 13.5
    endloop
  endfacet
  facet normal 0 0 1
    outer loop
      vertex 57.8915 -1.94 13.5
      vertex 57.5088 -2.86388 13.5
      vertex 58.0366 -3.04187 13.5
    endloop
  endfacet
  facet normal 0 0 1
    outer loop
      vertex 57.1058 -2.65987 13.5
      vertex 57.8915 -1.94 13.5
      vertex 57.4885 -1.73599 13.5
    endloop
  endfacet
  facet normal 0 0 1
    outer loop
      vertex 57.8915 -1.94 13.5
      vertex 57.1058 -2.65987 13.5
      vertex 57.5088 -2.86388 13.5
    endloop
  endfacet
  facet normal 0 0 1
    outer loop
      vertex 57.4885 -1.73599 13.5
      vertex 56.7814 -2.4431 13.5
      vertex 57.1058 -2.65987 13.5
    endloop
  endfacet
  facet normal 0 0 1
    outer loop
      vertex 54.7464 0.795288 13.5
      vertex 56.7814 -2.4431 13.5
      vertex 57.4885 -1.73599 13.5
    endloop
  endfacet
  facet normal 0 0 1
    outer loop
      vertex 54.7464 0.795288 13.5
      vertex 54.0393 0.0881834 13.5
      vertex 56.7814 -2.4431 13.5
    endloop
  endfacet
  facet normal 0 0 1
    outer loop
      vertex 54.7464 0.795288 13.5
      vertex 53.8225 0.412606 13.5
      vertex 54.0393 0.0881834 13.5
    endloop
  endfacet
  facet normal -0 0 1
    outer loop
      vertex 52.6754 2.44142 13.5
      vertex 54.7464 0.795288 13.5
      vertex 52.8844 4.08852 13.5
    endloop
  endfacet
  facet normal 0 0 1
    outer loop
      vertex 52.6754 2.44142 13.5
      vertex 52.8844 4.08852 13.5
      vertex 52.7034 4.74632 13.5
    endloop
  endfacet
  facet normal 0 0 1
    outer loop
      vertex 54.7464 0.795288 13.5
      vertex 52.6754 2.44142 13.5
      vertex 53.8225 0.412606 13.5
    endloop
  endfacet
  facet normal 0 0 1
    outer loop
      vertex 50.267 -0.173721 13.5
      vertex 52.6754 2.44142 13.5
      vertex 52.7034 4.74632 13.5
    endloop
  endfacet
  facet normal 0 0 1
    outer loop
      vertex 52.6754 2.44142 13.5
      vertex 50.267 -0.173721 13.5
      vertex 51.1909 -0.556402 13.5
    endloop
  endfacet
  facet normal 0 0 1
    outer loop
      vertex 51.1909 -0.556402 13.5
      vertex 50.267 -0.173721 13.5
      vertex 50.9741 -0.880825 13.5
    endloop
  endfacet
  facet normal 0 0 1
    outer loop
      vertex 50.267 -0.173721 13.5
      vertex 45.9074 -5.31007 13.5
      vertex 50.9741 -0.880825 13.5
    endloop
  endfacet
  facet normal -0 0 1
    outer loop
      vertex 45.2003 -4.60297 13.5
      vertex 45.9074 -5.31007 13.5
      vertex 50.267 -0.173721 13.5
    endloop
  endfacet
  facet normal 0 0 1
    outer loop
      vertex 45.9074 -5.31007 13.5
      vertex 45.2003 -4.60297 13.5
      vertex 45.5829 -5.52684 13.5
    endloop
  endfacet
  facet normal 0 0 1
    outer loop
      vertex 45.2003 -4.60297 13.5
      vertex 40.9067 -6.68781 13.5
      vertex 45.5829 -5.52684 13.5
    endloop
  endfacet
  facet normal -0 0 1
    outer loop
      vertex 40.524 -5.76393 13.5
      vertex 40.9067 -6.68781 13.5
      vertex 45.2003 -4.60297 13.5
    endloop
  endfacet
  facet normal 0 0 1
    outer loop
      vertex 40.524 -5.76393 13.5
      vertex 40.524 -6.76393 13.5
      vertex 40.9067 -6.68781 13.5
    endloop
  endfacet
  facet normal 0 0 1
    outer loop
      vertex 39.0109 -6.64568 13.5
      vertex 40.524 -5.76393 13.5
      vertex 39.0109 -5.64568 13.5
    endloop
  endfacet
  facet normal 0 0 1
    outer loop
      vertex 40.524 -5.76393 13.5
      vertex 39.0109 -6.64568 13.5
      vertex 40.524 -6.76393 13.5
    endloop
  endfacet
  facet normal 0 0 1
    outer loop
      vertex 39.0109 -5.64568 13.5
      vertex 38.6282 -6.56955 13.5
      vertex 39.0109 -6.64568 13.5
    endloop
  endfacet
  facet normal 0 0 1
    outer loop
      vertex 37.7531 -5.33859 13.5
      vertex 38.6282 -6.56955 13.5
      vertex 39.0109 -5.64568 13.5
    endloop
  endfacet
  facet normal 0 0 1
    outer loop
      vertex 37.7531 -5.33859 13.5
      vertex 37.3704 -6.26247 13.5
      vertex 38.6282 -6.56955 13.5
    endloop
  endfacet
  facet normal 0 0 1
    outer loop
      vertex 36.4146 -5.8382 13.5
      vertex 37.7531 -5.33859 13.5
      vertex 36.7973 -4.91432 13.5
    endloop
  endfacet
  facet normal 0 0 1
    outer loop
      vertex 37.7531 -5.33859 13.5
      vertex 36.4146 -5.8382 13.5
      vertex 37.3704 -6.26247 13.5
    endloop
  endfacet
  facet normal 0 0 1
    outer loop
      vertex 36.0902 -5.62143 13.5
      vertex 36.7973 -4.91432 13.5
      vertex 36.1904 -4.44443 13.5
    endloop
  endfacet
  facet normal 0 0 1
    outer loop
      vertex 36.7973 -4.91432 13.5
      vertex 36.0902 -5.62143 13.5
      vertex 36.4146 -5.8382 13.5
    endloop
  endfacet
  facet normal 0 0 1
    outer loop
      vertex 36.1904 -4.44443 13.5
      vertex 35.4833 -5.15153 13.5
      vertex 36.0902 -5.62143 13.5
    endloop
  endfacet
  facet normal 0 0 1
    outer loop
      vertex 36.1904 -4.44443 13.5
      vertex 35.2666 -4.82711 13.5
      vertex 35.4833 -5.15153 13.5
    endloop
  endfacet
  facet normal 0 0 1
    outer loop
      vertex 33.6316 -0.479584 13.5
      vertex 35.2666 -4.82711 13.5
      vertex 36.1904 -4.44443 13.5
    endloop
  endfacet
  facet normal 0 0 1
    outer loop
      vertex 33.6316 -0.479584 13.5
      vertex 32.7077 -0.862265 13.5
      vertex 35.2666 -4.82711 13.5
    endloop
  endfacet
  facet normal -0 0 1
    outer loop
      vertex 31.0863 4.02696 13.5
      vertex 33.6316 -0.479584 13.5
      vertex 32.0101 4.40964 13.5
    endloop
  endfacet
  facet normal -0 0 1
    outer loop
      vertex 30.9264 4.94694 13.5
      vertex 32.0101 4.40964 13.5
      vertex 31.4028 8.30933 13.5
    endloop
  endfacet
  facet normal 0 0 1
    outer loop
      vertex 33.6316 -0.479584 13.5
      vertex 31.0863 4.02696 13.5
      vertex 32.7077 -0.862265 13.5
    endloop
  endfacet
  facet normal 0 0 1
    outer loop
      vertex 32.0101 4.40964 13.5
      vertex 31.0101 4.40964 13.5
      vertex 31.0863 4.02696 13.5
    endloop
  endfacet
  facet normal 0 0 1
    outer loop
      vertex 32.0101 4.40964 13.5
      vertex 30.9264 4.94694 13.5
      vertex 31.0101 4.40964 13.5
    endloop
  endfacet
  facet normal 0 0 1
    outer loop
      vertex 29.0278 3.25531 13.5
      vertex 30.9264 4.94694 13.5
      vertex 31.4028 8.30933 13.5
    endloop
  endfacet
  facet normal 0 0 1
    outer loop
      vertex 30.9264 4.94694 13.5
      vertex 29.0278 3.25531 13.5
      vertex 29.9517 2.87263 13.5
    endloop
  endfacet
  facet normal 0 0 1
    outer loop
      vertex 29.9517 2.87263 13.5
      vertex 29.0278 3.25531 13.5
      vertex 29.7349 2.54821 13.5
    endloop
  endfacet
  facet normal 0 0 1
    outer loop
      vertex 22.4167 -3.95058 13.5
      vertex 29.7349 2.54821 13.5
      vertex 29.0278 3.25531 13.5
    endloop
  endfacet
  facet normal 0 0 1
    outer loop
      vertex 29.7349 2.54821 13.5
      vertex 22.4167 -3.95058 13.5
      vertex 23.1238 -4.65768 13.5
    endloop
  endfacet
  facet normal 0 0 1
    outer loop
      vertex 23.1238 -4.65768 13.5
      vertex 22.4167 -3.95058 13.5
      vertex 22.7994 -4.87445 13.5
    endloop
  endfacet
  facet normal 0 0 1
    outer loop
      vertex 22.4167 -3.95058 13.5
      vertex 14.9382 -7.65987 13.5
      vertex 22.7994 -4.87445 13.5
    endloop
  endfacet
  facet normal -0 0 1
    outer loop
      vertex 14.5555 -6.73599 13.5
      vertex 14.9382 -7.65987 13.5
      vertex 22.4167 -3.95058 13.5
    endloop
  endfacet
  facet normal 0 0 1
    outer loop
      vertex 14.5555 -6.73599 13.5
      vertex 14.5555 -7.73599 13.5
      vertex 14.9382 -7.65987 13.5
    endloop
  endfacet
  facet normal 0 0 1
    outer loop
      vertex 12.5547 -7.56128 13.5
      vertex 14.5555 -6.73599 13.5
      vertex 12.5547 -6.56128 13.5
    endloop
  endfacet
  facet normal 0 0 1
    outer loop
      vertex 14.5555 -6.73599 13.5
      vertex 12.5547 -7.56128 13.5
      vertex 14.5555 -7.73599 13.5
    endloop
  endfacet
  facet normal 0 0 1
    outer loop
      vertex 12.5547 -6.56128 13.5
      vertex 12.172 -7.48516 13.5
      vertex 12.5547 -7.56128 13.5
    endloop
  endfacet
  facet normal 0 0 1
    outer loop
      vertex 10.5486 -6.01562 13.5
      vertex 12.172 -7.48516 13.5
      vertex 12.5547 -6.56128 13.5
    endloop
  endfacet
  facet normal 0 0 1
    outer loop
      vertex 10.5486 -6.01562 13.5
      vertex 10.166 -6.9395 13.5
      vertex 12.172 -7.48516 13.5
    endloop
  endfacet
  facet normal -0 0 1
    outer loop
      vertex 8.14948 -5.99002 13.5
      vertex 10.5486 -6.01562 13.5
      vertex 8.53217 -5.06615 13.5
    endloop
  endfacet
  facet normal 0 0 1
    outer loop
      vertex 10.5486 -6.01562 13.5
      vertex 8.14948 -5.99002 13.5
      vertex 10.166 -6.9395 13.5
    endloop
  endfacet
  facet normal 0 0 1
    outer loop
      vertex 8.53217 -5.06615 13.5
      vertex 7.82506 -5.77325 13.5
      vertex 8.14948 -5.99002 13.5
    endloop
  endfacet
  facet normal 0 0 1
    outer loop
      vertex 6.5 -3.6805 13.5
      vertex 7.82506 -5.77325 13.5
      vertex 8.53217 -5.06615 13.5
    endloop
  endfacet
  facet normal 0 0 1
    outer loop
      vertex 6.5 -3.6805 13.5
      vertex 5.7929 -4.3876 13.5
      vertex 7.82506 -5.77325 13.5
    endloop
  endfacet
  facet normal 0 0 1
    outer loop
      vertex 5.07025 -2.40456 13.5
      vertex 5.7929 -4.3876 13.5
      vertex 6.5 -3.6805 13.5
    endloop
  endfacet
  facet normal 0 0 1
    outer loop
      vertex 5.07025 -2.40456 13.5
      vertex 4.36315 -3.11166 13.5
      vertex 5.7929 -4.3876 13.5
    endloop
  endfacet
  facet normal -0 0 1
    outer loop
      vertex 2.35533 -0.689861 13.5
      vertex 5.07025 -2.40456 13.5
      vertex 3.06244 0.0172424 13.5
    endloop
  endfacet
  facet normal 0 0 1
    outer loop
      vertex 5.07025 -2.40456 13.5
      vertex 2.35533 -0.689861 13.5
      vertex 4.36315 -3.11166 13.5
    endloop
  endfacet
  facet normal 0 0 1
    outer loop
      vertex 3.06244 0.0172424 13.5
      vertex 2.13856 -0.365438 13.5
      vertex 2.35533 -0.689861 13.5
    endloop
  endfacet
  facet normal 0 0 1
    outer loop
      vertex 1.27338 3.50685 13.5
      vertex 2.13856 -0.365438 13.5
      vertex 3.06244 0.0172424 13.5
    endloop
  endfacet
  facet normal 0 0 1
    outer loop
      vertex 1.27338 3.50685 13.5
      vertex 0.349499 3.12417 13.5
      vertex 2.13856 -0.365438 13.5
    endloop
  endfacet
  facet normal 0 0 1
    outer loop
      vertex 0.273376 3.50685 13.5
      vertex 1.27338 3.50685 13.5
      vertex 0.5 7.98599 13.5
    endloop
  endfacet
  facet normal 0 0 1
    outer loop
      vertex -0.289978 10.3796 13.5
      vertex 0.710022 10.3796 13.5
      vertex -0.213855 10.7623 13.5
    endloop
  endfacet
  facet normal 0 0 1
    outer loop
      vertex 1.27338 3.50685 13.5
      vertex 0.273376 3.50685 13.5
      vertex 0.349499 3.12417 13.5
    endloop
  endfacet
  facet normal 0 0 1
    outer loop
      vertex 0.710022 10.3796 13.5
      vertex -0.289978 10.3796 13.5
      vertex 0.5 7.98599 13.5
    endloop
  endfacet
  facet normal 0 0 1
    outer loop
      vertex -0.5 7.98599 13.5
      vertex 0.5 7.98599 13.5
      vertex -0.289978 10.3796 13.5
    endloop
  endfacet
  facet normal 0 0 1
    outer loop
      vertex 0.5 7.98599 13.5
      vertex -0.5 7.98599 13.5
      vertex 0.273376 3.50685 13.5
    endloop
  endfacet
  facet normal 0 0 1
    outer loop
      vertex 83.9409 55.3667 13.5
      vertex 82.9409 55.3667 13.5
      vertex 83.0997 52.0834 13.5
    endloop
  endfacet
  facet normal 0 0 1
    outer loop
      vertex 83.4123 58.0902 13.5
      vertex 82.4123 58.0902 13.5
      vertex 82.9409 55.3667 13.5
    endloop
  endfacet
  facet normal 0 0 1
    outer loop
      vertex 82.3597 60.4153 13.5
      vertex 82.4123 58.0902 13.5
      vertex 83.3362 58.4729 13.5
    endloop
  endfacet
  facet normal 0 0 1
    outer loop
      vertex 81.4359 60.0326 13.5
      vertex 82.3597 60.4153 13.5
      vertex 82.143 60.7397 13.5
    endloop
  endfacet
  facet normal 0 0 1
    outer loop
      vertex 81.4359 60.0326 13.5
      vertex 82.143 60.7397 13.5
      vertex 81.8185 60.9565 13.5
    endloop
  endfacet
  facet normal 0 0 1
    outer loop
      vertex 82.3597 60.4153 13.5
      vertex 81.4359 60.0326 13.5
      vertex 82.4123 58.0902 13.5
    endloop
  endfacet
  facet normal -0 0 1
    outer loop
      vertex 79.9333 60.9724 13.5
      vertex 81.8185 60.9565 13.5
      vertex 80.316 61.8963 13.5
    endloop
  endfacet
  facet normal 0 0 1
    outer loop
      vertex 79.9333 60.9724 13.5
      vertex 80.316 61.8963 13.5
      vertex 79.9333 61.9724 13.5
    endloop
  endfacet
  facet normal 0 0 1
    outer loop
      vertex 81.8185 60.9565 13.5
      vertex 79.9333 60.9724 13.5
      vertex 81.4359 60.0326 13.5
    endloop
  endfacet
  facet normal -0 0 1
    outer loop
      vertex 79.7665 61.9724 13.5
      vertex 79.9333 60.9724 13.5
      vertex 79.9333 61.9724 13.5
    endloop
  endfacet
  facet normal 0 0 1
    outer loop
      vertex 79.7665 61.9724 13.5
      vertex 79.7665 60.9724 13.5
      vertex 79.9333 60.9724 13.5
    endloop
  endfacet
  facet normal -0 0 1
    outer loop
      vertex 79.3838 61.8963 13.5
      vertex 79.7665 60.9724 13.5
      vertex 79.7665 61.9724 13.5
    endloop
  endfacet
  facet normal -0 0 1
    outer loop
      vertex 79.0594 61.6795 13.5
      vertex 79.7665 60.9724 13.5
      vertex 79.3838 61.8963 13.5
    endloop
  endfacet
  facet normal 0 0 1
    outer loop
      vertex 76.4249 58.7716 13.5
      vertex 79.7665 60.9724 13.5
      vertex 79.0594 61.6795 13.5
    endloop
  endfacet
  facet normal 0 0 1
    outer loop
      vertex 79.7665 60.9724 13.5
      vertex 76.4249 58.7716 13.5
      vertex 77.132 58.0645 13.5
    endloop
  endfacet
  facet normal -0 0 1
    outer loop
      vertex 76.2081 58.4472 13.5
      vertex 77.132 58.0645 13.5
      vertex 76.4249 58.7716 13.5
    endloop
  endfacet
  facet normal 0 0 1
    outer loop
      vertex 74.0579 50.2787 13.5
      vertex 77.132 58.0645 13.5
      vertex 76.2081 58.4472 13.5
    endloop
  endfacet
  facet normal 0 0 1
    outer loop
      vertex 77.132 58.0645 13.5
      vertex 74.0579 50.2787 13.5
      vertex 74.9818 49.896 13.5
    endloop
  endfacet
  facet normal 0 0 1
    outer loop
      vertex 73.9818 49.896 13.5
      vertex 74.9818 49.896 13.5
      vertex 74.0579 50.2787 13.5
    endloop
  endfacet
  facet normal -0 0 1
    outer loop
      vertex 73.9818 49.896 13.5
      vertex 73.0712 37.3004 13.5
      vertex 74.9818 49.896 13.5
    endloop
  endfacet
  facet normal 0 0 1
    outer loop
      vertex 72.0712 37.3004 13.5
      vertex 73.0712 37.3004 13.5
      vertex 73.9818 49.896 13.5
    endloop
  endfacet
  facet normal -0 0 1
    outer loop
      vertex 72.0712 37.3004 13.5
      vertex 71.1553 21.111 13.5
      vertex 73.0712 37.3004 13.5
    endloop
  endfacet
  facet normal -0 0 1
    outer loop
      vertex 70.1832 21.3463 13.5
      vertex 71.1553 21.111 13.5
      vertex 72.0712 37.3004 13.5
    endloop
  endfacet
  facet normal 0 0 1
    outer loop
      vertex 71.1553 21.111 13.5
      vertex 70.1832 21.3463 13.5
      vertex 70.1848 18.1487 13.5
    endloop
  endfacet
  facet normal -0 0 1
    outer loop
      vertex 69.2609 18.5314 13.5
      vertex 70.1848 18.1487 13.5
      vertex 70.1832 21.3463 13.5
    endloop
  endfacet
  facet normal 0 0 1
    outer loop
      vertex 69.2609 18.5314 13.5
      vertex 67.7248 12.309 13.5
      vertex 70.1848 18.1487 13.5
    endloop
  endfacet
  facet normal -0 0 1
    outer loop
      vertex 66.8009 12.6917 13.5
      vertex 67.7248 12.309 13.5
      vertex 69.2609 18.5314 13.5
    endloop
  endfacet
  facet normal 0 0 1
    outer loop
      vertex 63.6908 7.26563 13.5
      vertex 67.7248 12.309 13.5
      vertex 66.8009 12.6917 13.5
    endloop
  endfacet
  facet normal 0 0 1
    outer loop
      vertex 67.7248 12.309 13.5
      vertex 63.6908 7.26563 13.5
      vertex 64.4522 6.5995 13.5
    endloop
  endfacet
  facet normal 0 0 1
    outer loop
      vertex 60.8202 5.09965 13.5
      vertex 64.4522 6.5995 13.5
      vertex 63.6908 7.26563 13.5
    endloop
  endfacet
  facet normal 0 0 1
    outer loop
      vertex 64.4522 6.5995 13.5
      vertex 60.8202 5.09965 13.5
      vertex 61.0441 4.02794 13.5
    endloop
  endfacet
  facet normal 0 0 1
    outer loop
      vertex 60.1901 4.28825 13.5
      vertex 60.8202 5.09965 13.5
      vertex 60.6818 5.16255 13.5
    endloop
  endfacet
  facet normal 0 0 1
    outer loop
      vertex 60.8202 5.09965 13.5
      vertex 60.6196 4.09302 13.5
      vertex 61.0441 4.02794 13.5
    endloop
  endfacet
  facet normal 0 0 1
    outer loop
      vertex 59.7709 4.61372 13.5
      vertex 60.6818 5.16255 13.5
      vertex 60.478 5.32083 13.5
    endloop
  endfacet
  facet normal 0 0 1
    outer loop
      vertex 59.7709 4.61372 13.5
      vertex 60.478 5.32083 13.5
      vertex 60.2666 5.56586 13.5
    endloop
  endfacet
  facet normal 0 0 1
    outer loop
      vertex 60.8202 5.09965 13.5
      vertex 60.1901 4.28825 13.5
      vertex 60.6196 4.09302 13.5
    endloop
  endfacet
  facet normal 0 0 1
    outer loop
      vertex 59.7709 4.61372 13.5
      vertex 60.2666 5.56586 13.5
      vertex 60.1647 5.89703 13.5
    endloop
  endfacet
  facet normal 0 0 1
    outer loop
      vertex 59.7709 4.61372 13.5
      vertex 60.1647 5.89703 13.5
      vertex 60.0721 6.44966 13.5
    endloop
  endfacet
  facet normal 0 0 1
    outer loop
      vertex 59.7709 4.61372 13.5
      vertex 60.0721 6.44966 13.5
      vertex 59.9715 7.5988 13.5
    endloop
  endfacet
  facet normal 0 0 1
    outer loop
      vertex 60.6818 5.16255 13.5
      vertex 59.7709 4.61372 13.5
      vertex 60.1901 4.28825 13.5
    endloop
  endfacet
  facet normal 0 0 1
    outer loop
      vertex 59.7709 4.61372 13.5
      vertex 59.9715 7.5988 13.5
      vertex 59.9333 9.02794 13.5
    endloop
  endfacet
  facet normal 0 0 1
    outer loop
      vertex 83.0997 52.0834 13.5
      vertex 84.0997 52.0834 13.5
      vertex 83.9409 55.3667 13.5
    endloop
  endfacet
  facet normal 0 0 1
    outer loop
      vertex 82.9409 55.3667 13.5
      vertex 83.9409 55.3667 13.5
      vertex 83.4123 58.0902 13.5
    endloop
  endfacet
  facet normal 0 0 1
    outer loop
      vertex 84.0997 52.0834 13.5
      vertex 83.0997 52.0834 13.5
      vertex 83.8931 47.2886 13.5
    endloop
  endfacet
  facet normal 0 0 1
    outer loop
      vertex 82.4123 58.0902 13.5
      vertex 83.4123 58.0902 13.5
      vertex 83.3362 58.4729 13.5
    endloop
  endfacet
  facet normal 0 0 1
    outer loop
      vertex 82.8931 47.2886 13.5
      vertex 83.8931 47.2886 13.5
      vertex 83.0997 52.0834 13.5
    endloop
  endfacet
  facet normal 0 0 1
    outer loop
      vertex 83.8931 47.2886 13.5
      vertex 82.8931 47.2886 13.5
      vertex 83.4053 42.37 13.5
    endloop
  endfacet
  facet normal 0 0 1
    outer loop
      vertex 82.4053 42.37 13.5
      vertex 83.4053 42.37 13.5
      vertex 82.8931 47.2886 13.5
    endloop
  endfacet
  facet normal 0 0 1
    outer loop
      vertex 83.4053 42.37 13.5
      vertex 82.4053 42.37 13.5
      vertex 82.8342 37.7769 13.5
    endloop
  endfacet
  facet normal 0 0 1
    outer loop
      vertex 81.8342 37.7769 13.5
      vertex 82.8342 37.7769 13.5
      vertex 82.4053 42.37 13.5
    endloop
  endfacet
  facet normal 0 0 1
    outer loop
      vertex 82.8342 37.7769 13.5
      vertex 81.8342 37.7769 13.5
      vertex 82.3777 33.9584 13.5
    endloop
  endfacet
  facet normal 0 0 1
    outer loop
      vertex 81.3777 33.9584 13.5
      vertex 82.3777 33.9584 13.5
      vertex 81.8342 37.7769 13.5
    endloop
  endfacet
  facet normal 0 0 1
    outer loop
      vertex 82.3777 33.9584 13.5
      vertex 81.3777 33.9584 13.5
      vertex 81.5781 24.5204 13.5
    endloop
  endfacet
  facet normal 0 0 1
    outer loop
      vertex 80.5781 24.5204 13.5
      vertex 81.5781 24.5204 13.5
      vertex 81.3777 33.9584 13.5
    endloop
  endfacet
  facet normal 0 0 1
    outer loop
      vertex 81.5781 24.5204 13.5
      vertex 80.5781 24.5204 13.5
      vertex 81.0651 16.9965 13.5
    endloop
  endfacet
  facet normal 0 0 1
    outer loop
      vertex 80.0651 16.9965 13.5
      vertex 81.0651 16.9965 13.5
      vertex 80.5781 24.5204 13.5
    endloop
  endfacet
  facet normal 0 0 1
    outer loop
      vertex 81.0651 16.9965 13.5
      vertex 80.0651 16.9965 13.5
      vertex 80.7916 11.1652 13.5
    endloop
  endfacet
  facet normal 0 0 1
    outer loop
      vertex 79.7916 11.1652 13.5
      vertex 80.7916 11.1652 13.5
      vertex 80.0651 16.9965 13.5
    endloop
  endfacet
  facet normal 0 0 1
    outer loop
      vertex 80.7916 11.1652 13.5
      vertex 79.7916 11.1652 13.5
      vertex 80.7109 6.8055 13.5
    endloop
  endfacet
  facet normal 0 0 1
    outer loop
      vertex 79.7109 6.8055 13.5
      vertex 80.7109 6.8055 13.5
      vertex 79.7916 11.1652 13.5
    endloop
  endfacet
  facet normal 0 -0 1
    outer loop
      vertex 79.8125 3.12057 13.5
      vertex 80.7109 6.8055 13.5
      vertex 79.7109 6.8055 13.5
    endloop
  endfacet
  facet normal 0 0 1
    outer loop
      vertex 80.7109 6.8055 13.5
      vertex 79.8125 3.12057 13.5
      vertex 80.7109 -0.277939 13.5
    endloop
  endfacet
  facet normal -0 -0 1
    outer loop
      vertex 80.0651 0.972061 13.5
      vertex 80.7109 -0.277939 13.5
      vertex 79.8125 3.12057 13.5
    endloop
  endfacet
  facet normal 0 0 1
    outer loop
      vertex 80.7109 -0.277939 13.5
      vertex 80.0651 0.972061 13.5
      vertex 80.3906 -0.0305176 13.5
    endloop
  endfacet
  facet normal 0 0 1
    outer loop
      vertex 96.9548 25.6216 13.5
      vertex 95.9548 25.6216 13.5
      vertex 96.0997 24.5139 13.5
    endloop
  endfacet
  facet normal 0 0 1
    outer loop
      vertex 94.9983 27.0821 13.5
      vertex 96.2722 27.2087 13.5
      vertex 95.7054 27.7892 13.5
    endloop
  endfacet
  facet normal 0 0 1
    outer loop
      vertex 96.4889 26.8843 13.5
      vertex 95.5651 26.5016 13.5
      vertex 95.9548 25.6216 13.5
    endloop
  endfacet
  facet normal 0 0 1
    outer loop
      vertex 94.9983 27.0821 13.5
      vertex 95.7054 27.7892 13.5
      vertex 95.381 28.0059 13.5
    endloop
  endfacet
  facet normal 0 0 1
    outer loop
      vertex 96.2722 27.2087 13.5
      vertex 94.9983 27.0821 13.5
      vertex 95.5651 26.5016 13.5
    endloop
  endfacet
  facet normal 0 0 1
    outer loop
      vertex 94.7048 28.2154 13.5
      vertex 94.9983 27.0821 13.5
      vertex 95.381 28.0059 13.5
    endloop
  endfacet
  facet normal 0 0 1
    outer loop
      vertex 94.3221 27.2915 13.5
      vertex 94.7048 28.2154 13.5
      vertex 94.3221 28.2915 13.5
    endloop
  endfacet
  facet normal 0 0 1
    outer loop
      vertex 94.7048 28.2154 13.5
      vertex 94.3221 27.2915 13.5
      vertex 94.9983 27.0821 13.5
    endloop
  endfacet
  facet normal -0 0 1
    outer loop
      vertex 93.9394 28.2154 13.5
      vertex 94.3221 27.2915 13.5
      vertex 94.3221 28.2915 13.5
    endloop
  endfacet
  facet normal 0 0 1
    outer loop
      vertex 93.9394 28.2154 13.5
      vertex 93.7769 27.1407 13.5
      vertex 94.3221 27.2915 13.5
    endloop
  endfacet
  facet normal -0 0 1
    outer loop
      vertex 93.3942 28.0646 13.5
      vertex 93.7769 27.1407 13.5
      vertex 93.9394 28.2154 13.5
    endloop
  endfacet
  facet normal -0 0 1
    outer loop
      vertex 93.0698 27.8478 13.5
      vertex 93.7769 27.1407 13.5
      vertex 93.3942 28.0646 13.5
    endloop
  endfacet
  facet normal 0 0 1
    outer loop
      vertex 93.7769 27.1407 13.5
      vertex 93.0698 27.8478 13.5
      vertex 93.2526 26.6579 13.5
    endloop
  endfacet
  facet normal -0 0 1
    outer loop
      vertex 92.5455 27.365 13.5
      vertex 93.2526 26.6579 13.5
      vertex 93.0698 27.8478 13.5
    endloop
  endfacet
  facet normal -0 0 1
    outer loop
      vertex 92.3288 27.0406 13.5
      vertex 93.2526 26.6579 13.5
      vertex 92.5455 27.365 13.5
    endloop
  endfacet
  facet normal 0 0 1
    outer loop
      vertex 93.2526 26.6579 13.5
      vertex 92.3288 27.0406 13.5
      vertex 92.7909 25.7976 13.5
    endloop
  endfacet
  facet normal -0 0 1
    outer loop
      vertex 91.867 26.1803 13.5
      vertex 92.7909 25.7976 13.5
      vertex 92.3288 27.0406 13.5
    endloop
  endfacet
  facet normal 0 0 1
    outer loop
      vertex 91.5094 24.8966 13.5
      vertex 92.7909 25.7976 13.5
      vertex 91.867 26.1803 13.5
    endloop
  endfacet
  facet normal 0 0 1
    outer loop
      vertex 92.7909 25.7976 13.5
      vertex 91.5094 24.8966 13.5
      vertex 92.4333 24.5139 13.5
    endloop
  endfacet
  facet normal 0 0 1
    outer loop
      vertex 89.13 15.7234 13.5
      vertex 92.4333 24.5139 13.5
      vertex 91.5094 24.8966 13.5
    endloop
  endfacet
  facet normal 0 0 1
    outer loop
      vertex 92.4333 24.5139 13.5
      vertex 89.13 15.7234 13.5
      vertex 90.0539 15.3407 13.5
    endloop
  endfacet
  facet normal 0 0 1
    outer loop
      vertex 86.2663 7.86529 13.5
      vertex 90.0539 15.3407 13.5
      vertex 89.13 15.7234 13.5
    endloop
  endfacet
  facet normal 0 0 1
    outer loop
      vertex 90.0539 15.3407 13.5
      vertex 86.2663 7.86529 13.5
      vertex 87.1902 7.4826 13.5
    endloop
  endfacet
  facet normal 0 0 1
    outer loop
      vertex 83.363 2.66081 13.5
      vertex 87.1902 7.4826 13.5
      vertex 86.2663 7.86529 13.5
    endloop
  endfacet
  facet normal 0 0 1
    outer loop
      vertex 87.1902 7.4826 13.5
      vertex 83.363 2.66081 13.5
      vertex 84.1285 1.99425 13.5
    endloop
  endfacet
  facet normal 0 0 1
    outer loop
      vertex 81.0795 1.07587 13.5
      vertex 84.1285 1.99425 13.5
      vertex 83.363 2.66081 13.5
    endloop
  endfacet
  facet normal 0 0 1
    outer loop
      vertex 84.1285 1.99425 13.5
      vertex 81.0795 1.07587 13.5
      vertex 81.1553 -0.0694275 13.5
    endloop
  endfacet
  facet normal 0 0 1
    outer loop
      vertex 80.7109 -0.277939 13.5
      vertex 81.0795 1.07587 13.5
      vertex 81.0378 1.20443 13.5
    endloop
  endfacet
  facet normal 0 0 1
    outer loop
      vertex 81.0795 1.07587 13.5
      vertex 80.9889 -0.0694275 13.5
      vertex 81.1553 -0.0694275 13.5
    endloop
  endfacet
  facet normal 0 0 1
    outer loop
      vertex 81.0795 1.07587 13.5
      vertex 80.7109 -0.277939 13.5
      vertex 80.9889 -0.0694275 13.5
    endloop
  endfacet
  facet normal 0 0 1
    outer loop
      vertex 80.9889 -0.0694275 13.5
      vertex 80.7109 -0.277939 13.5
      vertex 80.9689 -0.102005 13.5
    endloop
  endfacet
  facet normal 0 0 1
    outer loop
      vertex 80.9689 -0.102005 13.5
      vertex 80.7109 -0.277939 13.5
      vertex 80.9125 -0.173721 13.5
    endloop
  endfacet
  facet normal 0 0 1
    outer loop
      vertex 80.7109 -0.277939 13.5
      vertex 81.0378 1.20443 13.5
      vertex 80.8125 3.12057 13.5
    endloop
  endfacet
  facet normal 0 0 1
    outer loop
      vertex 80.7109 -0.277939 13.5
      vertex 80.8125 3.12057 13.5
      vertex 80.7109 6.8055 13.5
    endloop
  endfacet
  facet normal 0 0 1
    outer loop
      vertex 80.9125 -0.173721 13.5
      vertex 80.7109 -0.277939 13.5
      vertex 80.8247 -0.245361 13.5
    endloop
  endfacet
  facet normal 0 0 1
    outer loop
      vertex 96.0988 24.3164 13.5
      vertex 97.0988 24.3164 13.5
      vertex 97.0997 24.5139 13.5
    endloop
  endfacet
  facet normal 0 0 1
    outer loop
      vertex 97.0988 24.3164 13.5
      vertex 96.0988 24.3164 13.5
      vertex 97.0928 24.1319 13.5
    endloop
  endfacet
  facet normal 0 0 1
    outer loop
      vertex 96.0928 24.1319 13.5
      vertex 97.0928 24.1319 13.5
      vertex 96.0988 24.3164 13.5
    endloop
  endfacet
  facet normal 0 0 1
    outer loop
      vertex 96.0762 23.9475 13.5
      vertex 97.0762 23.9475 13.5
      vertex 96.0928 24.1319 13.5
    endloop
  endfacet
  facet normal 0 0 1
    outer loop
      vertex 96.0997 24.5139 13.5
      vertex 97.0997 24.5139 13.5
      vertex 96.9548 25.6216 13.5
    endloop
  endfacet
  facet normal 0 0 1
    outer loop
      vertex 95.9548 25.6216 13.5
      vertex 96.9548 25.6216 13.5
      vertex 96.8786 26.0043 13.5
    endloop
  endfacet
  facet normal 0 0 1
    outer loop
      vertex 95.9548 25.6216 13.5
      vertex 96.8786 26.0043 13.5
      vertex 96.4889 26.8843 13.5
    endloop
  endfacet
  facet normal 0 0 1
    outer loop
      vertex 95.5651 26.5016 13.5
      vertex 96.4889 26.8843 13.5
      vertex 96.2722 27.2087 13.5
    endloop
  endfacet
  facet normal 0 0 1
    outer loop
      vertex 96.0988 24.3164 13.5
      vertex 97.0997 24.5139 13.5
      vertex 96.0997 24.5139 13.5
    endloop
  endfacet
  facet normal 0 0 1
    outer loop
      vertex 97.0928 24.1319 13.5
      vertex 96.0928 24.1319 13.5
      vertex 97.0762 23.9475 13.5
    endloop
  endfacet
  facet normal 0 0 1
    outer loop
      vertex 97.0762 23.9475 13.5
      vertex 96.0762 23.9475 13.5
      vertex 97.0441 23.75 13.5
    endloop
  endfacet
  facet normal 0 0 1
    outer loop
      vertex 96.0441 23.75 13.5
      vertex 97.0441 23.75 13.5
      vertex 96.0762 23.9475 13.5
    endloop
  endfacet
  facet normal 0 0 1
    outer loop
      vertex 97.0441 23.75 13.5
      vertex 96.0441 23.75 13.5
      vertex 96.968 23.3673 13.5
    endloop
  endfacet
  facet normal 0 0 1
    outer loop
      vertex 91.6675 8.09563 13.5
      vertex 96.968 23.3673 13.5
      vertex 96.0441 23.75 13.5
    endloop
  endfacet
  facet normal 0 0 1
    outer loop
      vertex 96.968 23.3673 13.5
      vertex 91.6675 8.09563 13.5
      vertex 92.5914 7.71294 13.5
    endloop
  endfacet
  facet normal 0 0 1
    outer loop
      vertex 91.6675 8.09563 13.5
      vertex 87.7876 -1.60666 13.5
      vertex 92.5914 7.71294 13.5
    endloop
  endfacet
  facet normal -0 0 1
    outer loop
      vertex 86.8637 -1.22398 13.5
      vertex 87.7876 -1.60666 13.5
      vertex 91.6675 8.09563 13.5
    endloop
  endfacet
  facet normal 0 0 1
    outer loop
      vertex 87.7876 -1.60666 13.5
      vertex 86.8637 -1.22398 13.5
      vertex 87.5708 -1.93109 13.5
    endloop
  endfacet
  facet normal 0 0 1
    outer loop
      vertex 86.8637 -1.22398 13.5
      vertex 82.9545 -6.41999 13.5
      vertex 87.5708 -1.93109 13.5
    endloop
  endfacet
  facet normal -0 0 1
    outer loop
      vertex 82.2474 -5.71289 13.5
      vertex 82.9545 -6.41999 13.5
      vertex 86.8637 -1.22398 13.5
    endloop
  endfacet
  facet normal 0 0 1
    outer loop
      vertex 82.9545 -6.41999 13.5
      vertex 82.2474 -5.71289 13.5
      vertex 82.6301 -6.63677 13.5
    endloop
  endfacet
  facet normal 0 0 1
    outer loop
      vertex 82.2474 -5.71289 13.5
      vertex 78.816 -7.79888 13.5
      vertex 82.6301 -6.63677 13.5
    endloop
  endfacet
  facet normal -0 0 1
    outer loop
      vertex 78.4333 -6.875 13.5
      vertex 78.816 -7.79888 13.5
      vertex 82.2474 -5.71289 13.5
    endloop
  endfacet
  facet normal 0 0 1
    outer loop
      vertex 78.4333 -6.875 13.5
      vertex 78.4333 -7.875 13.5
      vertex 78.816 -7.79888 13.5
    endloop
  endfacet
  facet normal 0 0 1
    outer loop
      vertex 77.5799 -7.81419 13.5
      vertex 78.4333 -6.875 13.5
      vertex 77.5799 -6.81419 13.5
    endloop
  endfacet
  facet normal 0 0 1
    outer loop
      vertex 78.4333 -6.875 13.5
      vertex 77.5799 -7.81419 13.5
      vertex 78.4333 -7.875 13.5
    endloop
  endfacet
  facet normal 0 0 1
    outer loop
      vertex 77.5799 -6.81419 13.5
      vertex 77.1972 -7.73807 13.5
      vertex 77.5799 -7.81419 13.5
    endloop
  endfacet
  facet normal 0 0 1
    outer loop
      vertex 76.8568 -6.64932 13.5
      vertex 77.1972 -7.73807 13.5
      vertex 77.5799 -6.81419 13.5
    endloop
  endfacet
  facet normal 0 0 1
    outer loop
      vertex 76.8568 -6.64932 13.5
      vertex 76.4741 -7.5732 13.5
      vertex 77.1972 -7.73807 13.5
    endloop
  endfacet
  facet normal 0 0 1
    outer loop
      vertex 76.2692 -6.40625 13.5
      vertex 76.4741 -7.5732 13.5
      vertex 76.8568 -6.64932 13.5
    endloop
  endfacet
  facet normal 0 0 1
    outer loop
      vertex 76.2692 -6.40625 13.5
      vertex 75.8865 -7.33013 13.5
      vertex 76.4741 -7.5732 13.5
    endloop
  endfacet
  facet normal 0 0 1
    outer loop
      vertex 75.4394 -7.03487 13.5
      vertex 76.2692 -6.40625 13.5
      vertex 75.8221 -6.11099 13.5
    endloop
  endfacet
  facet normal 0 0 1
    outer loop
      vertex 76.2692 -6.40625 13.5
      vertex 75.4394 -7.03487 13.5
      vertex 75.8865 -7.33013 13.5
    endloop
  endfacet
  facet normal 0 0 1
    outer loop
      vertex 75.8221 -6.11099 13.5
      vertex 75.115 -6.8181 13.5
      vertex 75.4394 -7.03487 13.5
    endloop
  endfacet
  facet normal 0 0 1
    outer loop
      vertex 75.8221 -6.11099 13.5
      vertex 74.8982 -6.49367 13.5
      vertex 75.115 -6.8181 13.5
    endloop
  endfacet
  facet normal 0 0 1
    outer loop
      vertex 73.4896 -2.5032 13.5
      vertex 74.8982 -6.49367 13.5
      vertex 75.8221 -6.11099 13.5
    endloop
  endfacet
  facet normal 0 0 1
    outer loop
      vertex 73.4896 -2.5032 13.5
      vertex 72.5658 -2.88589 13.5
      vertex 74.8982 -6.49367 13.5
    endloop
  endfacet
  facet normal -0 0 1
    outer loop
      vertex 71.2801 1.48362 13.5
      vertex 73.4896 -2.5032 13.5
      vertex 72.204 1.8663 13.5
    endloop
  endfacet
  facet normal 0 0 1
    outer loop
      vertex 71.2801 1.48362 13.5
      vertex 72.204 1.8663 13.5
      vertex 71.6578 6.22284 13.5
    endloop
  endfacet
  facet normal 0 0 1
    outer loop
      vertex 73.4896 -2.5032 13.5
      vertex 71.2801 1.48362 13.5
      vertex 72.5658 -2.88589 13.5
    endloop
  endfacet
  facet normal 0 0 1
    outer loop
      vertex 71.2801 1.48362 13.5
      vertex 71.6578 6.22284 13.5
      vertex 71.5441 9.79149 13.5
    endloop
  endfacet
  facet normal 0 0 1
    outer loop
      vertex 52.3349 19.629 13.5
      vertex 51.3349 19.629 13.5
      vertex 51.4885 12.1529 13.5
    endloop
  endfacet
  facet normal -0 0 1
    outer loop
      vertex 50.5241 11.707 13.5
      vertex 51.5287 11.6487 13.5
      vertex 51.4885 12.1529 13.5
    endloop
  endfacet
  facet normal 0 0 1
    outer loop
      vertex 50.4885 12.1529 13.5
      vertex 51.4885 12.1529 13.5
      vertex 51.3349 19.629 13.5
    endloop
  endfacet
  facet normal 0 -0 1
    outer loop
      vertex 50.5241 11.707 13.5
      vertex 51.4885 12.1529 13.5
      vertex 50.4885 12.1529 13.5
    endloop
  endfacet
  facet normal 0 0 1
    outer loop
      vertex 51.5287 11.6487 13.5
      vertex 50.5241 11.707 13.5
      vertex 51.0101 9.56581 13.5
    endloop
  endfacet
  facet normal 0 0 1
    outer loop
      vertex 23.5555 45.4165 13.5
      vertex 24.5555 45.4165 13.5
      vertex 24.4794 45.7992 13.5
    endloop
  endfacet
  facet normal 0 0 1
    outer loop
      vertex 24.5555 45.4165 13.5
      vertex 23.5555 45.4165 13.5
      vertex 24.3793 43.7119 13.5
    endloop
  endfacet
  facet normal -0 0 1
    outer loop
      vertex 22.8646 48.8119 13.5
      vertex 24.4794 45.7992 13.5
      vertex 23.7885 49.1946 13.5
    endloop
  endfacet
  facet normal 0 0 1
    outer loop
      vertex 23.3793 43.7119 13.5
      vertex 24.3793 43.7119 13.5
      vertex 23.5555 45.4165 13.5
    endloop
  endfacet
  facet normal 0 0 1
    outer loop
      vertex 24.3793 43.7119 13.5
      vertex 23.3793 43.7119 13.5
      vertex 24.3032 43.3292 13.5
    endloop
  endfacet
  facet normal 0 0 1
    outer loop
      vertex 24.4794 45.7992 13.5
      vertex 22.8646 48.8119 13.5
      vertex 23.5555 45.4165 13.5
    endloop
  endfacet
  facet normal 0 0 1
    outer loop
      vertex 22.2017 51.8671 13.5
      vertex 22.8646 48.8119 13.5
      vertex 23.7885 49.1946 13.5
    endloop
  endfacet
  facet normal 0 0 1
    outer loop
      vertex 21.2778 51.4845 13.5
      vertex 22.2017 51.8671 13.5
      vertex 21.9849 52.1916 13.5
    endloop
  endfacet
  facet normal 0 0 1
    outer loop
      vertex 22.2017 51.8671 13.5
      vertex 21.2778 51.4845 13.5
      vertex 22.8646 48.8119 13.5
    endloop
  endfacet
  facet normal -0 0 1
    outer loop
      vertex 19.5243 53.2586 13.5
      vertex 21.9849 52.1916 13.5
      vertex 20.2314 53.9657 13.5
    endloop
  endfacet
  facet normal 0 0 1
    outer loop
      vertex 19.5243 53.2586 13.5
      vertex 20.2314 53.9657 13.5
      vertex 19.907 54.1825 13.5
    endloop
  endfacet
  facet normal 0 0 1
    outer loop
      vertex 21.9849 52.1916 13.5
      vertex 19.5243 53.2586 13.5
      vertex 21.2778 51.4845 13.5
    endloop
  endfacet
  facet normal 0 0 1
    outer loop
      vertex 18.3332 53.9584 13.5
      vertex 19.907 54.1825 13.5
      vertex 18.7159 54.8823 13.5
    endloop
  endfacet
  facet normal 0 0 1
    outer loop
      vertex 19.907 54.1825 13.5
      vertex 18.3332 53.9584 13.5
      vertex 19.5243 53.2586 13.5
    endloop
  endfacet
  facet normal 0 0 1
    outer loop
      vertex 17.7168 55.1557 13.5
      vertex 18.3332 53.9584 13.5
      vertex 18.7159 54.8823 13.5
    endloop
  endfacet
  facet normal 0 0 1
    outer loop
      vertex 17.3341 54.2318 13.5
      vertex 17.7168 55.1557 13.5
      vertex 17.3341 55.2318 13.5
    endloop
  endfacet
  facet normal 0 0 1
    outer loop
      vertex 17.7168 55.1557 13.5
      vertex 17.3341 54.2318 13.5
      vertex 18.3332 53.9584 13.5
    endloop
  endfacet
  facet normal 0 0 1
    outer loop
      vertex 16.3403 54.4272 13.5
      vertex 17.3341 55.2318 13.5
      vertex 16.3403 55.4272 13.5
    endloop
  endfacet
  facet normal 0 0 1
    outer loop
      vertex 17.3341 55.2318 13.5
      vertex 16.3403 54.4272 13.5
      vertex 17.3341 54.2318 13.5
    endloop
  endfacet
  facet normal 0 0 1
    outer loop
      vertex 15.3568 54.5444 13.5
      vertex 16.3403 55.4272 13.5
      vertex 15.3568 55.5444 13.5
    endloop
  endfacet
  facet normal 0 0 1
    outer loop
      vertex 16.3403 55.4272 13.5
      vertex 15.3568 54.5444 13.5
      vertex 16.3403 54.4272 13.5
    endloop
  endfacet
  facet normal 0 0 1
    outer loop
      vertex 14.3888 54.5834 13.5
      vertex 15.3568 55.5444 13.5
      vertex 14.3888 55.5834 13.5
    endloop
  endfacet
  facet normal 0 0 1
    outer loop
      vertex 15.3568 55.5444 13.5
      vertex 14.3888 54.5834 13.5
      vertex 15.3568 54.5444 13.5
    endloop
  endfacet
  facet normal -0 0 1
    outer loop
      vertex 14.0061 55.5073 13.5
      vertex 14.3888 54.5834 13.5
      vertex 14.3888 55.5834 13.5
    endloop
  endfacet
  facet normal 0 0 1
    outer loop
      vertex 14.0061 55.5073 13.5
      vertex 7.89575 52.6618 13.5
      vertex 14.3888 54.5834 13.5
    endloop
  endfacet
  facet normal -0 0 1
    outer loop
      vertex 7.51307 53.5857 13.5
      vertex 7.89575 52.6618 13.5
      vertex 14.0061 55.5073 13.5
    endloop
  endfacet
  facet normal -0 0 1
    outer loop
      vertex 7.18865 53.3689 13.5
      vertex 7.89575 52.6618 13.5
      vertex 7.51307 53.5857 13.5
    endloop
  endfacet
  facet normal 0 0 1
    outer loop
      vertex 7.18865 53.3689 13.5
      vertex 2.81934 47.6477 13.5
      vertex 7.89575 52.6618 13.5
    endloop
  endfacet
  facet normal -0 0 1
    outer loop
      vertex 2.11223 48.3548 13.5
      vertex 2.81934 47.6477 13.5
      vertex 7.18865 53.3689 13.5
    endloop
  endfacet
  facet normal -0 0 1
    outer loop
      vertex 1.89546 48.0304 13.5
      vertex 2.81934 47.6477 13.5
      vertex 2.11223 48.3548 13.5
    endloop
  endfacet
  facet normal 0 0 1
    outer loop
      vertex 1.89546 48.0304 13.5
      vertex -0.486206 40.6675 13.5
      vertex 2.81934 47.6477 13.5
    endloop
  endfacet
  facet normal -0 0 1
    outer loop
      vertex -1.41008 41.0502 13.5
      vertex -0.486206 40.6675 13.5
      vertex 1.89546 48.0304 13.5
    endloop
  endfacet
  facet normal 0 0 1
    outer loop
      vertex -1.48621 40.6675 13.5
      vertex -0.486206 40.6675 13.5
      vertex -1.41008 41.0502 13.5
    endloop
  endfacet
  facet normal -0 0 1
    outer loop
      vertex -1.48621 40.6675 13.5
      vertex -1.66675 32.8474 13.5
      vertex -0.486206 40.6675 13.5
    endloop
  endfacet
  facet normal 0 0 1
    outer loop
      vertex -2.66675 32.8474 13.5
      vertex -1.66675 32.8474 13.5
      vertex -1.48621 40.6675 13.5
    endloop
  endfacet
  facet normal 0 -0 1
    outer loop
      vertex -2.31342 28.7587 13.5
      vertex -1.66675 32.8474 13.5
      vertex -2.66675 32.8474 13.5
    endloop
  endfacet
  facet normal 0 0 1
    outer loop
      vertex -1.31342 28.7587 13.5
      vertex -2.31342 28.7587 13.5
      vertex -2.23729 28.376 13.5
    endloop
  endfacet
  facet normal 0 0 1
    outer loop
      vertex 22.8125 41.9358 13.5
      vertex 24.3032 43.3292 13.5
      vertex 23.3793 43.7119 13.5
    endloop
  endfacet
  facet normal 0 0 1
    outer loop
      vertex 24.3032 43.3292 13.5
      vertex 22.8125 41.9358 13.5
      vertex 23.7364 41.5531 13.5
    endloop
  endfacet
  facet normal 0 0 1
    outer loop
      vertex 22.8125 41.9358 13.5
      vertex 22.7216 39.7118 13.5
      vertex 23.7364 41.5531 13.5
    endloop
  endfacet
  facet normal -0 0 1
    outer loop
      vertex 21.7977 40.0945 13.5
      vertex 22.7216 39.7118 13.5
      vertex 22.8125 41.9358 13.5
    endloop
  endfacet
  facet normal 0 0 1
    outer loop
      vertex 22.7216 39.7118 13.5
      vertex 21.7977 40.0945 13.5
      vertex 22.5048 39.3873 13.5
    endloop
  endfacet
  facet normal 0 0 1
    outer loop
      vertex 20.2776 38.1944 13.5
      vertex 22.5048 39.3873 13.5
      vertex 21.7977 40.0945 13.5
    endloop
  endfacet
  facet normal 0 0 1
    outer loop
      vertex 22.5048 39.3873 13.5
      vertex 20.2776 38.1944 13.5
      vertex 20.9847 37.4873 13.5
    endloop
  endfacet
  facet normal -0 0 1
    outer loop
      vertex 19.7377 37.5674 13.5
      vertex 20.9847 37.4873 13.5
      vertex 20.2776 38.1944 13.5
    endloop
  endfacet
  facet normal 0 0 1
    outer loop
      vertex 20.9847 37.4873 13.5
      vertex 19.7377 37.5674 13.5
      vertex 20.4448 36.8603 13.5
    endloop
  endfacet
  facet normal 0 0 1
    outer loop
      vertex 20.4448 36.8603 13.5
      vertex 19.7377 37.5674 13.5
      vertex 19.9154 36.4284 13.5
    endloop
  endfacet
  facet normal -0 0 1
    outer loop
      vertex 19.2083 37.1355 13.5
      vertex 19.9154 36.4284 13.5
      vertex 19.7377 37.5674 13.5
    endloop
  endfacet
  facet normal 0 0 1
    outer loop
      vertex 19.9154 36.4284 13.5
      vertex 19.2083 37.1355 13.5
      vertex 19.5909 36.2116 13.5
    endloop
  endfacet
  facet normal -0 0 1
    outer loop
      vertex 18.6996 36.8858 13.5
      vertex 19.5909 36.2116 13.5
      vertex 19.2083 37.1355 13.5
    endloop
  endfacet
  facet normal 0 0 1
    outer loop
      vertex 19.5909 36.2116 13.5
      vertex 18.6996 36.8858 13.5
      vertex 19.0823 35.962 13.5
    endloop
  endfacet
  facet normal 0 0 1
    outer loop
      vertex 18.6996 36.8858 13.5
      vertex 18.6996 35.8858 13.5
      vertex 19.0823 35.962 13.5
    endloop
  endfacet
  facet normal -0 0 1
    outer loop
      vertex 18.2224 36.8055 13.5
      vertex 18.6996 35.8858 13.5
      vertex 18.6996 36.8858 13.5
    endloop
  endfacet
  facet normal 0 0 1
    outer loop
      vertex 18.2224 36.8055 13.5
      vertex 18.2224 35.8055 13.5
      vertex 18.6996 35.8858 13.5
    endloop
  endfacet
  facet normal 0 0 1
    outer loop
      vertex 18.2224 36.8055 13.5
      vertex 17.8397 35.8816 13.5
      vertex 18.2224 35.8055 13.5
    endloop
  endfacet
  facet normal 0 0 1
    outer loop
      vertex 17.572 36.9748 13.5
      vertex 17.8397 35.8816 13.5
      vertex 18.2224 36.8055 13.5
    endloop
  endfacet
  facet normal 0 0 1
    outer loop
      vertex 17.572 36.9748 13.5
      vertex 17.1893 36.0509 13.5
      vertex 17.8397 35.8816 13.5
    endloop
  endfacet
  facet normal 0 0 1
    outer loop
      vertex 16.8649 36.2677 13.5
      vertex 17.572 36.9748 13.5
      vertex 17.0625 37.4306 13.5
    endloop
  endfacet
  facet normal 0 0 1
    outer loop
      vertex 17.572 36.9748 13.5
      vertex 16.8649 36.2677 13.5
      vertex 17.1893 36.0509 13.5
    endloop
  endfacet
  facet normal 0 0 1
    outer loop
      vertex 16.1386 37.0479 13.5
      vertex 17.0625 37.4306 13.5
      vertex 16.73 38.0947 13.5
    endloop
  endfacet
  facet normal 0 0 1
    outer loop
      vertex 15.73 38.0947 13.5
      vertex 16.73 38.0947 13.5
      vertex 16.6111 38.8889 13.5
    endloop
  endfacet
  facet normal 0 0 1
    outer loop
      vertex 17.0625 37.4306 13.5
      vertex 16.3554 36.7235 13.5
      vertex 16.8649 36.2677 13.5
    endloop
  endfacet
  facet normal -0 0 1
    outer loop
      vertex 15.8192 40.131 13.5
      vertex 16.743 39.7483 13.5
      vertex 15.9919 40.5508 13.5
    endloop
  endfacet
  facet normal 0 0 1
    outer loop
      vertex 15.7194 39.698 13.5
      vertex 16.743 39.7483 13.5
      vertex 15.8192 40.131 13.5
    endloop
  endfacet
  facet normal 0 0 1
    outer loop
      vertex 17.0625 37.4306 13.5
      vertex 16.1386 37.0479 13.5
      vertex 16.3554 36.7235 13.5
    endloop
  endfacet
  facet normal 0 0 1
    outer loop
      vertex 16.743 39.7483 13.5
      vertex 15.7194 39.698 13.5
      vertex 16.6432 39.3153 13.5
    endloop
  endfacet
  facet normal 0 0 1
    outer loop
      vertex 15.6432 39.3153 13.5
      vertex 16.6432 39.3153 13.5
      vertex 15.7194 39.698 13.5
    endloop
  endfacet
  facet normal 0 0 1
    outer loop
      vertex 16.6432 39.3153 13.5
      vertex 15.6432 39.3153 13.5
      vertex 16.6111 38.8889 13.5
    endloop
  endfacet
  facet normal 0 0 1
    outer loop
      vertex 16.73 38.0947 13.5
      vertex 15.8062 37.712 13.5
      vertex 16.1386 37.0479 13.5
    endloop
  endfacet
  facet normal 0 0 1
    outer loop
      vertex 16.73 38.0947 13.5
      vertex 15.73 38.0947 13.5
      vertex 15.8062 37.712 13.5
    endloop
  endfacet
  facet normal 0 0 1
    outer loop
      vertex 15.6111 38.8889 13.5
      vertex 16.6111 38.8889 13.5
      vertex 15.6432 39.3153 13.5
    endloop
  endfacet
  facet normal 0 0 1
    outer loop
      vertex 16.6111 38.8889 13.5
      vertex 15.6111 38.8889 13.5
      vertex 15.73 38.0947 13.5
    endloop
  endfacet
  facet normal 0 0 1
    outer loop
      vertex 43.571 49.6008 13.5
      vertex 42.571 49.6008 13.5
      vertex 42.5797 49.4444 13.5
    endloop
  endfacet
  facet normal 0 -0 1
    outer loop
      vertex 42.5328 49.9132 13.5
      vertex 43.4479 50.4521 13.5
      vertex 42.524 50.0694 13.5
    endloop
  endfacet
  facet normal 0 0 1
    outer loop
      vertex 43.4479 50.4521 13.5
      vertex 42.5328 49.9132 13.5
      vertex 42.571 49.6008 13.5
    endloop
  endfacet
  facet normal 0 0 1
    outer loop
      vertex 42.0596 51.9802 13.5
      vertex 42.9834 52.3629 13.5
      vertex 42.1492 53.6552 13.5
    endloop
  endfacet
  facet normal 0 0 1
    outer loop
      vertex 43.4479 50.4521 13.5
      vertex 42.0596 51.9802 13.5
      vertex 42.524 50.0694 13.5
    endloop
  endfacet
  facet normal 0 0 1
    outer loop
      vertex 41.2253 53.2725 13.5
      vertex 42.1492 53.6552 13.5
      vertex 41.9324 53.9796 13.5
    endloop
  endfacet
  facet normal 0 0 1
    outer loop
      vertex 41.2253 53.2725 13.5
      vertex 41.9324 53.9796 13.5
      vertex 41.608 54.1964 13.5
    endloop
  endfacet
  facet normal 0 0 1
    outer loop
      vertex 42.1492 53.6552 13.5
      vertex 41.2253 53.2725 13.5
      vertex 42.0596 51.9802 13.5
    endloop
  endfacet
  facet normal 0 0 1
    outer loop
      vertex 40.1099 54.0048 13.5
      vertex 41.608 54.1964 13.5
      vertex 40.4926 54.9287 13.5
    endloop
  endfacet
  facet normal 0 0 1
    outer loop
      vertex 40.1099 54.0048 13.5
      vertex 40.4926 54.9287 13.5
      vertex 40.1099 55.0048 13.5
    endloop
  endfacet
  facet normal 0 0 1
    outer loop
      vertex 41.608 54.1964 13.5
      vertex 40.1099 54.0048 13.5
      vertex 41.2253 53.2725 13.5
    endloop
  endfacet
  facet normal 0 0 1
    outer loop
      vertex 38.8016 54.236 13.5
      vertex 40.1099 55.0048 13.5
      vertex 38.8016 55.236 13.5
    endloop
  endfacet
  facet normal 0 0 1
    outer loop
      vertex 40.1099 55.0048 13.5
      vertex 38.8016 54.236 13.5
      vertex 40.1099 54.0048 13.5
    endloop
  endfacet
  facet normal -0 0 1
    outer loop
      vertex 38.5934 55.2348 13.5
      vertex 38.8016 54.236 13.5
      vertex 38.8016 55.236 13.5
    endloop
  endfacet
  facet normal 0 0 1
    outer loop
      vertex 38.5934 55.2348 13.5
      vertex 38.5934 54.2348 13.5
      vertex 38.8016 54.236 13.5
    endloop
  endfacet
  facet normal -0 0 1
    outer loop
      vertex 38.3851 55.2273 13.5
      vertex 38.5934 54.2348 13.5
      vertex 38.5934 55.2348 13.5
    endloop
  endfacet
  facet normal 0 0 1
    outer loop
      vertex 38.3851 55.2273 13.5
      vertex 38.3851 54.2273 13.5
      vertex 38.5934 54.2348 13.5
    endloop
  endfacet
  facet normal -0 0 1
    outer loop
      vertex 38.1767 55.2066 13.5
      vertex 38.3851 54.2273 13.5
      vertex 38.3851 55.2273 13.5
    endloop
  endfacet
  facet normal 0 0 1
    outer loop
      vertex 38.1767 55.2066 13.5
      vertex 38.1767 54.2066 13.5
      vertex 38.3851 54.2273 13.5
    endloop
  endfacet
  facet normal -0 0 1
    outer loop
      vertex 37.9684 55.1665 13.5
      vertex 38.1767 54.2066 13.5
      vertex 38.1767 55.2066 13.5
    endloop
  endfacet
  facet normal 0 0 1
    outer loop
      vertex 37.9684 55.1665 13.5
      vertex 37.9684 54.1665 13.5
      vertex 38.1767 54.2066 13.5
    endloop
  endfacet
  facet normal -0 0 1
    outer loop
      vertex 37.5858 55.0904 13.5
      vertex 37.9684 54.1665 13.5
      vertex 37.9684 55.1665 13.5
    endloop
  endfacet
  facet normal -0 0 1
    outer loop
      vertex 36.4434 54.5664 13.5
      vertex 37.9684 54.1665 13.5
      vertex 37.5858 55.0904 13.5
    endloop
  endfacet
  facet normal 0 0 1
    outer loop
      vertex 37.9684 54.1665 13.5
      vertex 36.4434 54.5664 13.5
      vertex 36.826 53.6425 13.5
    endloop
  endfacet
  facet normal -0 0 1
    outer loop
      vertex 36.1189 54.3496 13.5
      vertex 36.826 53.6425 13.5
      vertex 36.4434 54.5664 13.5
    endloop
  endfacet
  facet normal 0 0 1
    outer loop
      vertex 35.1224 53.2852 13.5
      vertex 36.826 53.6425 13.5
      vertex 36.1189 54.3496 13.5
    endloop
  endfacet
  facet normal 0 0 1
    outer loop
      vertex 36.826 53.6425 13.5
      vertex 35.1224 53.2852 13.5
      vertex 35.8295 52.5781 13.5
    endloop
  endfacet
  facet normal -0 0 1
    outer loop
      vertex 34.9057 52.9608 13.5
      vertex 35.8295 52.5781 13.5
      vertex 35.1224 53.2852 13.5
    endloop
  endfacet
  facet normal 0 0 1
    outer loop
      vertex 35.8295 52.5781 13.5
      vertex 34.9057 52.9608 13.5
      vertex 35.1246 51.11 13.5
    endloop
  endfacet
  facet normal -0 0 1
    outer loop
      vertex 34.2008 51.4927 13.5
      vertex 35.1246 51.11 13.5
      vertex 34.9057 52.9608 13.5
    endloop
  endfacet
  facet normal 0 0 1
    outer loop
      vertex 34.1246 51.11 13.5
      vertex 35.1246 51.11 13.5
      vertex 34.2008 51.4927 13.5
    endloop
  endfacet
  facet normal 0 0 1
    outer loop
      vertex 33.8572 49.375 13.5
      vertex 34.8572 49.375 13.5
      vertex 34.1246 51.11 13.5
    endloop
  endfacet
  facet normal 0 0 1
    outer loop
      vertex 35.1246 51.11 13.5
      vertex 34.1246 51.11 13.5
      vertex 34.8572 49.375 13.5
    endloop
  endfacet
  facet normal 0 -0 1
    outer loop
      vertex 34.4116 46.7484 13.5
      vertex 34.8572 49.375 13.5
      vertex 33.989 48.2978 13.5
    endloop
  endfacet
  facet normal 0 0 1
    outer loop
      vertex 34.8572 49.375 13.5
      vertex 34.4116 46.7484 13.5
      vertex 34.6284 46.4239 13.5
    endloop
  endfacet
  facet normal 0 -0 1
    outer loop
      vertex 33.8582 49.2078 13.5
      vertex 34.8572 49.375 13.5
      vertex 33.8572 49.375 13.5
    endloop
  endfacet
  facet normal 0 0 1
    outer loop
      vertex 34.8572 49.375 13.5
      vertex 33.9128 48.6805 13.5
      vertex 33.989 48.2978 13.5
    endloop
  endfacet
  facet normal 0 -0 1
    outer loop
      vertex 33.8642 49.0277 13.5
      vertex 34.8572 49.375 13.5
      vertex 33.8582 49.2078 13.5
    endloop
  endfacet
  facet normal 0 0 1
    outer loop
      vertex 34.8572 49.375 13.5
      vertex 33.8807 48.8477 13.5
      vertex 33.9128 48.6805 13.5
    endloop
  endfacet
  facet normal 0 -0 1
    outer loop
      vertex 33.8807 48.8477 13.5
      vertex 34.8572 49.375 13.5
      vertex 33.8642 49.0277 13.5
    endloop
  endfacet
  facet normal 0 0 1
    outer loop
      vertex 42.571 49.6008 13.5
      vertex 43.571 49.6008 13.5
      vertex 43.5328 49.9132 13.5
    endloop
  endfacet
  facet normal 0 0 1
    outer loop
      vertex 42.571 49.6008 13.5
      vertex 43.524 50.0694 13.5
      vertex 43.4479 50.4521 13.5
    endloop
  endfacet
  facet normal 0 0 1
    outer loop
      vertex 42.571 49.6008 13.5
      vertex 43.5328 49.9132 13.5
      vertex 43.524 50.0694 13.5
    endloop
  endfacet
  facet normal 0 0 1
    outer loop
      vertex 43.571 49.6008 13.5
      vertex 42.5797 49.4444 13.5
      vertex 43.5797 49.4444 13.5
    endloop
  endfacet
  facet normal 0 0 1
    outer loop
      vertex 43.5797 49.4444 13.5
      vertex 42.5797 49.4444 13.5
      vertex 43.2941 47.8255 13.5
    endloop
  endfacet
  facet normal -0 0 1
    outer loop
      vertex 42.0596 51.9802 13.5
      vertex 43.4479 50.4521 13.5
      vertex 42.9834 52.3629 13.5
    endloop
  endfacet
  facet normal 0 0 1
    outer loop
      vertex 42.2941 47.8255 13.5
      vertex 43.2941 47.8255 13.5
      vertex 42.5797 49.4444 13.5
    endloop
  endfacet
  facet normal 0 0 1
    outer loop
      vertex 43.2941 47.8255 13.5
      vertex 42.2941 47.8255 13.5
      vertex 43.2179 47.4429 13.5
    endloop
  endfacet
  facet normal 0 0 1
    outer loop
      vertex 43.2179 47.4429 13.5
      vertex 42.2941 47.8255 13.5
      vertex 42.4687 46.1625 13.5
    endloop
  endfacet
  facet normal -0 0 1
    outer loop
      vertex 41.5449 46.5452 13.5
      vertex 42.4687 46.1625 13.5
      vertex 42.2941 47.8255 13.5
    endloop
  endfacet
  facet normal 0 0 1
    outer loop
      vertex 42.4687 46.1625 13.5
      vertex 41.5449 46.5452 13.5
      vertex 42.252 45.8381 13.5
    endloop
  endfacet
  facet normal 0 0 1
    outer loop
      vertex 41.5449 46.5452 13.5
      vertex 41.2007 44.9483 13.5
      vertex 42.252 45.8381 13.5
    endloop
  endfacet
  facet normal -0 0 1
    outer loop
      vertex 40.4936 45.6554 13.5
      vertex 41.2007 44.9483 13.5
      vertex 41.5449 46.5452 13.5
    endloop
  endfacet
  facet normal 0 0 1
    outer loop
      vertex 41.2007 44.9483 13.5
      vertex 40.4936 45.6554 13.5
      vertex 40.8763 44.7315 13.5
    endloop
  endfacet
  facet normal 0 0 1
    outer loop
      vertex 40.4936 45.6554 13.5
      vertex 39.6843 44.2846 13.5
      vertex 40.8763 44.7315 13.5
    endloop
  endfacet
  facet normal -0 0 1
    outer loop
      vertex 39.3016 45.2084 13.5
      vertex 39.6843 44.2846 13.5
      vertex 40.4936 45.6554 13.5
    endloop
  endfacet
  facet normal 0 0 1
    outer loop
      vertex 39.3016 45.2084 13.5
      vertex 39.3016 44.2084 13.5
      vertex 39.6843 44.2846 13.5
    endloop
  endfacet
  facet normal -0 0 1
    outer loop
      vertex 39.0934 45.1683 13.5
      vertex 39.3016 44.2084 13.5
      vertex 39.3016 45.2084 13.5
    endloop
  endfacet
  facet normal 0 0 1
    outer loop
      vertex 39.0934 45.1683 13.5
      vertex 39.0934 44.1683 13.5
      vertex 39.3016 44.2084 13.5
    endloop
  endfacet
  facet normal -0 0 1
    outer loop
      vertex 38.8851 45.1476 13.5
      vertex 39.0934 44.1683 13.5
      vertex 39.0934 45.1683 13.5
    endloop
  endfacet
  facet normal 0 0 1
    outer loop
      vertex 38.8851 45.1476 13.5
      vertex 38.8851 44.1476 13.5
      vertex 39.0934 44.1683 13.5
    endloop
  endfacet
  facet normal -0 0 1
    outer loop
      vertex 38.6767 45.1401 13.5
      vertex 38.8851 44.1476 13.5
      vertex 38.8851 45.1476 13.5
    endloop
  endfacet
  facet normal 0 0 1
    outer loop
      vertex 38.6767 45.1401 13.5
      vertex 38.6767 44.1401 13.5
      vertex 38.8851 44.1476 13.5
    endloop
  endfacet
  facet normal -0 0 1
    outer loop
      vertex 38.4684 45.1389 13.5
      vertex 38.6767 44.1401 13.5
      vertex 38.6767 45.1401 13.5
    endloop
  endfacet
  facet normal 0 0 1
    outer loop
      vertex 38.4684 45.1389 13.5
      vertex 38.4684 44.1389 13.5
      vertex 38.6767 44.1401 13.5
    endloop
  endfacet
  facet normal 0 0 1
    outer loop
      vertex 37.2018 44.3603 13.5
      vertex 38.4684 45.1389 13.5
      vertex 37.2018 45.3603 13.5
    endloop
  endfacet
  facet normal 0 0 1
    outer loop
      vertex 38.4684 45.1389 13.5
      vertex 37.2018 44.3603 13.5
      vertex 38.4684 44.1389 13.5
    endloop
  endfacet
  facet normal 0 0 1
    outer loop
      vertex 37.2018 45.3603 13.5
      vertex 36.8192 44.4365 13.5
      vertex 37.2018 44.3603 13.5
    endloop
  endfacet
  facet normal 0 0 1
    outer loop
      vertex 35.7453 45.1004 13.5
      vertex 37.2018 45.3603 13.5
      vertex 36.128 46.0243 13.5
    endloop
  endfacet
  facet normal 0 0 1
    outer loop
      vertex 37.2018 45.3603 13.5
      vertex 35.7453 45.1004 13.5
      vertex 36.8192 44.4365 13.5
    endloop
  endfacet
  facet normal 0 0 1
    outer loop
      vertex 36.128 46.0243 13.5
      vertex 35.4209 45.3172 13.5
      vertex 35.7453 45.1004 13.5
    endloop
  endfacet
  facet normal -0 0 1
    outer loop
      vertex 34.6284 46.4239 13.5
      vertex 36.128 46.0243 13.5
      vertex 35.3355 47.131 13.5
    endloop
  endfacet
  facet normal 0 0 1
    outer loop
      vertex 34.6284 46.4239 13.5
      vertex 35.3355 47.131 13.5
      vertex 34.9128 48.6805 13.5
    endloop
  endfacet
  facet normal 0 0 1
    outer loop
      vertex 34.6284 46.4239 13.5
      vertex 34.9128 48.6805 13.5
      vertex 34.8807 48.8477 13.5
    endloop
  endfacet
  facet normal 0 0 1
    outer loop
      vertex 36.128 46.0243 13.5
      vertex 34.6284 46.4239 13.5
      vertex 35.4209 45.3172 13.5
    endloop
  endfacet
  facet normal 0 0 1
    outer loop
      vertex 34.8642 49.0277 13.5
      vertex 34.6284 46.4239 13.5
      vertex 34.8807 48.8477 13.5
    endloop
  endfacet
  facet normal 0 0 1
    outer loop
      vertex 34.8582 49.2078 13.5
      vertex 34.6284 46.4239 13.5
      vertex 34.8642 49.0277 13.5
    endloop
  endfacet
  facet normal 0 0 1
    outer loop
      vertex 34.6284 46.4239 13.5
      vertex 34.8582 49.2078 13.5
      vertex 34.8572 49.375 13.5
    endloop
  endfacet
  facet normal 0.291459 -0.956583 0
    outer loop
      vertex 78.816 -7.79888 2.25
      vertex 82.6301 -6.63677 13.5
      vertex 78.816 -7.79888 13.5
    endloop
  endfacet
  facet normal 0.291459 -0.956583 0
    outer loop
      vertex 82.6301 -6.63677 13.5
      vertex 78.816 -7.79888 2.25
      vertex 82.6301 -6.63677 2.25
    endloop
  endfacet
  facet normal 0.555611 -0.831443 0
    outer loop
      vertex 82.6301 -6.63677 2.25
      vertex 82.9545 -6.41999 13.5
      vertex 82.6301 -6.63677 13.5
    endloop
  endfacet
  facet normal 0.555611 -0.831443 0
    outer loop
      vertex 82.9545 -6.41999 13.5
      vertex 82.6301 -6.63677 2.25
      vertex 82.9545 -6.41999 2.25
    endloop
  endfacet
  facet normal 0.697145 -0.71693 0
    outer loop
      vertex 82.9545 -6.41999 2.25
      vertex 87.5708 -1.93109 13.5
      vertex 82.9545 -6.41999 13.5
    endloop
  endfacet
  facet normal 0.697145 -0.71693 0
    outer loop
      vertex 87.5708 -1.93109 13.5
      vertex 82.9545 -6.41999 2.25
      vertex 87.5708 -1.93109 2.25
    endloop
  endfacet
  facet normal 0.831443 -0.555611 0
    outer loop
      vertex 87.5708 -1.93109 13.5
      vertex 87.7876 -1.60666 2.25
      vertex 87.7876 -1.60666 13.5
    endloop
  endfacet
  facet normal 0.831443 -0.555611 0
    outer loop
      vertex 87.7876 -1.60666 2.25
      vertex 87.5708 -1.93109 13.5
      vertex 87.5708 -1.93109 2.25
    endloop
  endfacet
  facet normal 0.888866 -0.458167 0
    outer loop
      vertex 87.7876 -1.60666 13.5
      vertex 92.5914 7.71294 2.25
      vertex 92.5914 7.71294 13.5
    endloop
  endfacet
  facet normal 0.888866 -0.458167 0
    outer loop
      vertex 92.5914 7.71294 2.25
      vertex 87.7876 -1.60666 13.5
      vertex 87.7876 -1.60666 2.25
    endloop
  endfacet
  facet normal 0.96307 -0.269252 0
    outer loop
      vertex 92.5914 7.71294 13.5
      vertex 96.968 23.3673 2.25
      vertex 96.968 23.3673 13.5
    endloop
  endfacet
  facet normal 0.96307 -0.269252 0
    outer loop
      vertex 96.968 23.3673 2.25
      vertex 92.5914 7.71294 13.5
      vertex 92.5914 7.71294 2.25
    endloop
  endfacet
  facet normal 0.980797 -0.195032 0
    outer loop
      vertex 96.968 23.3673 13.5
      vertex 97.0441 23.75 2.25
      vertex 97.0441 23.75 13.5
    endloop
  endfacet
  facet normal 0.980797 -0.195032 0
    outer loop
      vertex 97.0441 23.75 2.25
      vertex 96.968 23.3673 13.5
      vertex 96.968 23.3673 2.25
    endloop
  endfacet
  facet normal 0.987048 -0.160427 0
    outer loop
      vertex 97.0441 23.75 13.5
      vertex 97.0762 23.9475 2.25
      vertex 97.0762 23.9475 13.5
    endloop
  endfacet
  facet normal 0.987048 -0.160427 0
    outer loop
      vertex 97.0762 23.9475 2.25
      vertex 97.0441 23.75 13.5
      vertex 97.0441 23.75 2.25
    endloop
  endfacet
  facet normal 0.995973 -0.0896591 0
    outer loop
      vertex 97.0762 23.9475 13.5
      vertex 97.0928 24.1319 2.25
      vertex 97.0928 24.1319 13.5
    endloop
  endfacet
  facet normal 0.995973 -0.0896591 0
    outer loop
      vertex 97.0928 24.1319 2.25
      vertex 97.0762 23.9475 13.5
      vertex 97.0762 23.9475 2.25
    endloop
  endfacet
  facet normal 0.999472 -0.0325031 0
    outer loop
      vertex 97.0928 24.1319 13.5
      vertex 97.0988 24.3164 2.25
      vertex 97.0988 24.3164 13.5
    endloop
  endfacet
  facet normal 0.999472 -0.0325031 0
    outer loop
      vertex 97.0988 24.3164 2.25
      vertex 97.0928 24.1319 13.5
      vertex 97.0928 24.1319 2.25
    endloop
  endfacet
  facet normal 0.99999 -0.00455691 0
    outer loop
      vertex 97.0988 24.3164 13.5
      vertex 97.0997 24.5139 2.25
      vertex 97.0997 24.5139 13.5
    endloop
  endfacet
  facet normal 0.99999 -0.00455691 0
    outer loop
      vertex 97.0997 24.5139 2.25
      vertex 97.0988 24.3164 13.5
      vertex 97.0988 24.3164 2.25
    endloop
  endfacet
  facet normal 0.991552 0.129707 0
    outer loop
      vertex 97.0997 24.5139 13.5
      vertex 96.9548 25.6216 2.25
      vertex 96.9548 25.6216 13.5
    endloop
  endfacet
  facet normal 0.991552 0.129707 0
    outer loop
      vertex 96.9548 25.6216 2.25
      vertex 97.0997 24.5139 13.5
      vertex 97.0997 24.5139 2.25
    endloop
  endfacet
  facet normal 0.980748 0.195278 0
    outer loop
      vertex 96.9548 25.6216 13.5
      vertex 96.8786 26.0043 2.25
      vertex 96.8786 26.0043 13.5
    endloop
  endfacet
  facet normal 0.980748 0.195278 0
    outer loop
      vertex 96.8786 26.0043 2.25
      vertex 96.9548 25.6216 13.5
      vertex 96.9548 25.6216 2.25
    endloop
  endfacet
  facet normal 0.914355 0.404914 0
    outer loop
      vertex 96.8786 26.0043 13.5
      vertex 96.4889 26.8843 2.25
      vertex 96.4889 26.8843 13.5
    endloop
  endfacet
  facet normal 0.914355 0.404914 0
    outer loop
      vertex 96.4889 26.8843 2.25
      vertex 96.8786 26.0043 13.5
      vertex 96.8786 26.0043 2.25
    endloop
  endfacet
  facet normal 0.831537 0.555469 0
    outer loop
      vertex 96.4889 26.8843 13.5
      vertex 96.2722 27.2087 2.25
      vertex 96.2722 27.2087 13.5
    endloop
  endfacet
  facet normal 0.831537 0.555469 0
    outer loop
      vertex 96.2722 27.2087 2.25
      vertex 96.4889 26.8843 13.5
      vertex 96.4889 26.8843 2.25
    endloop
  endfacet
  facet normal 0.715499 0.698613 0
    outer loop
      vertex 96.2722 27.2087 13.5
      vertex 95.7054 27.7892 2.25
      vertex 95.7054 27.7892 13.5
    endloop
  endfacet
  facet normal 0.715499 0.698613 0
    outer loop
      vertex 95.7054 27.7892 2.25
      vertex 96.2722 27.2087 13.5
      vertex 96.2722 27.2087 2.25
    endloop
  endfacet
  facet normal 0.555469 0.831537 -0
    outer loop
      vertex 95.7054 27.7892 2.25
      vertex 95.381 28.0059 13.5
      vertex 95.7054 27.7892 13.5
    endloop
  endfacet
  facet normal 0.555469 0.831537 0
    outer loop
      vertex 95.381 28.0059 13.5
      vertex 95.7054 27.7892 2.25
      vertex 95.381 28.0059 2.25
    endloop
  endfacet
  facet normal 0.295942 0.955206 -0
    outer loop
      vertex 95.381 28.0059 2.25
      vertex 94.7048 28.2154 13.5
      vertex 95.381 28.0059 13.5
    endloop
  endfacet
  facet normal 0.295942 0.955206 0
    outer loop
      vertex 94.7048 28.2154 13.5
      vertex 95.381 28.0059 2.25
      vertex 94.7048 28.2154 2.25
    endloop
  endfacet
  facet normal 0.195032 0.980797 -0
    outer loop
      vertex 94.7048 28.2154 2.25
      vertex 94.3221 28.2915 13.5
      vertex 94.7048 28.2154 13.5
    endloop
  endfacet
  facet normal 0.195032 0.980797 0
    outer loop
      vertex 94.3221 28.2915 13.5
      vertex 94.7048 28.2154 2.25
      vertex 94.3221 28.2915 2.25
    endloop
  endfacet
  facet normal -0.195032 0.980797 0
    outer loop
      vertex 94.3221 28.2915 2.25
      vertex 93.9394 28.2154 13.5
      vertex 94.3221 28.2915 13.5
    endloop
  endfacet
  facet normal -0.195032 0.980797 0
    outer loop
      vertex 93.9394 28.2154 13.5
      vertex 94.3221 28.2915 2.25
      vertex 93.9394 28.2154 2.25
    endloop
  endfacet
  facet normal -0.266586 0.963811 0
    outer loop
      vertex 93.9394 28.2154 2.25
      vertex 93.3942 28.0646 13.5
      vertex 93.9394 28.2154 13.5
    endloop
  endfacet
  facet normal -0.266586 0.963811 0
    outer loop
      vertex 93.3942 28.0646 13.5
      vertex 93.9394 28.2154 2.25
      vertex 93.3942 28.0646 2.25
    endloop
  endfacet
  facet normal -0.555646 0.831419 0
    outer loop
      vertex 93.3942 28.0646 2.25
      vertex 93.0698 27.8478 13.5
      vertex 93.3942 28.0646 13.5
    endloop
  endfacet
  facet normal -0.555646 0.831419 0
    outer loop
      vertex 93.0698 27.8478 13.5
      vertex 93.3942 28.0646 2.25
      vertex 93.0698 27.8478 2.25
    endloop
  endfacet
  facet normal -0.677394 0.735621 0
    outer loop
      vertex 93.0698 27.8478 2.25
      vertex 92.5455 27.365 13.5
      vertex 93.0698 27.8478 13.5
    endloop
  endfacet
  facet normal -0.677394 0.735621 0
    outer loop
      vertex 92.5455 27.365 13.5
      vertex 93.0698 27.8478 2.25
      vertex 92.5455 27.365 2.25
    endloop
  endfacet
  facet normal -0.831537 0.555469 0
    outer loop
      vertex 92.3288 27.0406 2.25
      vertex 92.5455 27.365 13.5
      vertex 92.5455 27.365 2.25
    endloop
  endfacet
  facet normal -0.831537 0.555469 0
    outer loop
      vertex 92.5455 27.365 13.5
      vertex 92.3288 27.0406 2.25
      vertex 92.3288 27.0406 13.5
    endloop
  endfacet
  facet normal -0.881085 0.472957 0
    outer loop
      vertex 91.867 26.1803 2.25
      vertex 92.3288 27.0406 13.5
      vertex 92.3288 27.0406 2.25
    endloop
  endfacet
  facet normal -0.881085 0.472957 0
    outer loop
      vertex 92.3288 27.0406 13.5
      vertex 91.867 26.1803 2.25
      vertex 91.867 26.1803 13.5
    endloop
  endfacet
  facet normal -0.963321 0.268352 0
    outer loop
      vertex 91.5094 24.8966 2.25
      vertex 91.867 26.1803 13.5
      vertex 91.867 26.1803 2.25
    endloop
  endfacet
  facet normal -0.963321 0.268352 0
    outer loop
      vertex 91.867 26.1803 13.5
      vertex 91.5094 24.8966 2.25
      vertex 91.5094 24.8966 13.5
    endloop
  endfacet
  facet normal -0.967967 0.251077 0
    outer loop
      vertex 89.13 15.7234 2.25
      vertex 91.5094 24.8966 13.5
      vertex 91.5094 24.8966 2.25
    endloop
  endfacet
  facet normal -0.967967 0.251077 0
    outer loop
      vertex 91.5094 24.8966 13.5
      vertex 89.13 15.7234 2.25
      vertex 89.13 15.7234 13.5
    endloop
  endfacet
  facet normal -0.939555 0.342398 0
    outer loop
      vertex 86.2663 7.86529 2.25
      vertex 89.13 15.7234 13.5
      vertex 89.13 15.7234 2.25
    endloop
  endfacet
  facet normal -0.939555 0.342398 0
    outer loop
      vertex 89.13 15.7234 13.5
      vertex 86.2663 7.86529 2.25
      vertex 86.2663 7.86529 13.5
    endloop
  endfacet
  facet normal -0.873307 0.487171 0
    outer loop
      vertex 83.363 2.66081 2.25
      vertex 86.2663 7.86529 13.5
      vertex 86.2663 7.86529 2.25
    endloop
  endfacet
  facet normal -0.873307 0.487171 0
    outer loop
      vertex 86.2663 7.86529 13.5
      vertex 83.363 2.66081 2.25
      vertex 83.363 2.66081 13.5
    endloop
  endfacet
  facet normal -0.570196 0.821509 0
    outer loop
      vertex 83.363 2.66081 2.25
      vertex 81.0795 1.07587 13.5
      vertex 83.363 2.66081 13.5
    endloop
  endfacet
  facet normal -0.570196 0.821509 0
    outer loop
      vertex 81.0795 1.07587 13.5
      vertex 83.363 2.66081 2.25
      vertex 81.0795 1.07587 2.25
    endloop
  endfacet
  facet normal 0.951212 0.308537 0
    outer loop
      vertex 81.0795 1.07587 13.5
      vertex 81.0378 1.20443 2.25
      vertex 81.0378 1.20443 13.5
    endloop
  endfacet
  facet normal 0.951212 0.308537 0
    outer loop
      vertex 81.0378 1.20443 2.25
      vertex 81.0795 1.07587 13.5
      vertex 81.0795 1.07587 2.25
    endloop
  endfacet
  facet normal 0.993158 0.116776 0
    outer loop
      vertex 81.0378 1.20443 13.5
      vertex 80.8125 3.12057 2.25
      vertex 80.8125 3.12057 13.5
    endloop
  endfacet
  facet normal 0.993158 0.116776 0
    outer loop
      vertex 80.8125 3.12057 2.25
      vertex 81.0378 1.20443 13.5
      vertex 81.0378 1.20443 2.25
    endloop
  endfacet
  facet normal 0.99962 0.0275613 0
    outer loop
      vertex 80.8125 3.12057 13.5
      vertex 80.7109 6.8055 2.25
      vertex 80.7109 6.8055 13.5
    endloop
  endfacet
  facet normal 0.99962 0.0275613 0
    outer loop
      vertex 80.7109 6.8055 2.25
      vertex 80.8125 3.12057 13.5
      vertex 80.8125 3.12057 2.25
    endloop
  endfacet
  facet normal 0.999829 -0.0185073 0
    outer loop
      vertex 80.7109 6.8055 13.5
      vertex 80.7916 11.1652 2.25
      vertex 80.7916 11.1652 13.5
    endloop
  endfacet
  facet normal 0.999829 -0.0185073 0
    outer loop
      vertex 80.7916 11.1652 2.25
      vertex 80.7109 6.8055 13.5
      vertex 80.7109 6.8055 2.25
    endloop
  endfacet
  facet normal 0.998902 -0.0468506 0
    outer loop
      vertex 80.7916 11.1652 13.5
      vertex 81.0651 16.9965 2.25
      vertex 81.0651 16.9965 13.5
    endloop
  endfacet
  facet normal 0.998902 -0.0468506 0
    outer loop
      vertex 81.0651 16.9965 2.25
      vertex 80.7916 11.1652 13.5
      vertex 80.7916 11.1652 2.25
    endloop
  endfacet
  facet normal 0.997684 -0.0680248 0
    outer loop
      vertex 81.0651 16.9965 13.5
      vertex 81.5781 24.5204 2.25
      vertex 81.5781 24.5204 13.5
    endloop
  endfacet
  facet normal 0.997684 -0.0680248 0
    outer loop
      vertex 81.5781 24.5204 2.25
      vertex 81.0651 16.9965 13.5
      vertex 81.0651 16.9965 2.25
    endloop
  endfacet
  facet normal 0.99643 -0.0844189 0
    outer loop
      vertex 81.5781 24.5204 13.5
      vertex 82.3777 33.9584 2.25
      vertex 82.3777 33.9584 13.5
    endloop
  endfacet
  facet normal 0.99643 -0.0844189 0
    outer loop
      vertex 82.3777 33.9584 2.25
      vertex 81.5781 24.5204 13.5
      vertex 81.5781 24.5204 2.25
    endloop
  endfacet
  facet normal 0.99293 -0.118704 0
    outer loop
      vertex 82.3777 33.9584 13.5
      vertex 82.8342 37.7769 2.25
      vertex 82.8342 37.7769 13.5
    endloop
  endfacet
  facet normal 0.99293 -0.118704 0
    outer loop
      vertex 82.8342 37.7769 2.25
      vertex 82.3777 33.9584 13.5
      vertex 82.3777 33.9584 2.25
    endloop
  endfacet
  facet normal 0.992358 -0.123389 0
    outer loop
      vertex 82.8342 37.7769 13.5
      vertex 83.4053 42.37 2.25
      vertex 83.4053 42.37 13.5
    endloop
  endfacet
  facet normal 0.992358 -0.123389 0
    outer loop
      vertex 83.4053 42.37 2.25
      vertex 82.8342 37.7769 13.5
      vertex 82.8342 37.7769 2.25
    endloop
  endfacet
  facet normal 0.995118 -0.0986904 0
    outer loop
      vertex 83.4053 42.37 13.5
      vertex 83.8931 47.2886 2.25
      vertex 83.8931 47.2886 13.5
    endloop
  endfacet
  facet normal 0.995118 -0.0986904 0
    outer loop
      vertex 83.8931 47.2886 2.25
      vertex 83.4053 42.37 13.5
      vertex 83.4053 42.37 2.25
    endloop
  endfacet
  facet normal 0.999073 -0.0430484 0
    outer loop
      vertex 83.8931 47.2886 13.5
      vertex 84.0997 52.0834 2.25
      vertex 84.0997 52.0834 13.5
    endloop
  endfacet
  facet normal 0.999073 -0.0430484 0
    outer loop
      vertex 84.0997 52.0834 2.25
      vertex 83.8931 47.2886 13.5
      vertex 83.8931 47.2886 2.25
    endloop
  endfacet
  facet normal 0.998832 0.0483095 0
    outer loop
      vertex 84.0997 52.0834 13.5
      vertex 83.9409 55.3667 2.25
      vertex 83.9409 55.3667 13.5
    endloop
  endfacet
  facet normal 0.998832 0.0483095 0
    outer loop
      vertex 83.9409 55.3667 2.25
      vertex 84.0997 52.0834 13.5
      vertex 84.0997 52.0834 2.25
    endloop
  endfacet
  facet normal 0.981681 0.190533 0
    outer loop
      vertex 83.9409 55.3667 13.5
      vertex 83.4123 58.0902 2.25
      vertex 83.4123 58.0902 13.5
    endloop
  endfacet
  facet normal 0.981681 0.190533 0
    outer loop
      vertex 83.4123 58.0902 2.25
      vertex 83.9409 55.3667 13.5
      vertex 83.9409 55.3667 2.25
    endloop
  endfacet
  facet normal 0.980797 0.195032 0
    outer loop
      vertex 83.4123 58.0902 13.5
      vertex 83.3362 58.4729 2.25
      vertex 83.3362 58.4729 13.5
    endloop
  endfacet
  facet normal 0.980797 0.195032 0
    outer loop
      vertex 83.3362 58.4729 2.25
      vertex 83.4123 58.0902 13.5
      vertex 83.4123 58.0902 2.25
    endloop
  endfacet
  facet normal 0.89345 0.449163 0
    outer loop
      vertex 83.3362 58.4729 13.5
      vertex 82.3597 60.4153 2.25
      vertex 82.3597 60.4153 13.5
    endloop
  endfacet
  facet normal 0.89345 0.449163 0
    outer loop
      vertex 82.3597 60.4153 2.25
      vertex 83.3362 58.4729 13.5
      vertex 83.3362 58.4729 2.25
    endloop
  endfacet
  facet normal 0.831537 0.555469 0
    outer loop
      vertex 82.3597 60.4153 13.5
      vertex 82.143 60.7397 2.25
      vertex 82.143 60.7397 13.5
    endloop
  endfacet
  facet normal 0.831537 0.555469 0
    outer loop
      vertex 82.143 60.7397 2.25
      vertex 82.3597 60.4153 13.5
      vertex 82.3597 60.4153 2.25
    endloop
  endfacet
  facet normal 0.555528 0.831498 -0
    outer loop
      vertex 82.143 60.7397 2.25
      vertex 81.8185 60.9565 13.5
      vertex 82.143 60.7397 13.5
    endloop
  endfacet
  facet normal 0.555528 0.831498 0
    outer loop
      vertex 81.8185 60.9565 13.5
      vertex 82.143 60.7397 2.25
      vertex 81.8185 60.9565 2.25
    endloop
  endfacet
  facet normal 0.530298 0.847811 -0
    outer loop
      vertex 81.8185 60.9565 2.25
      vertex 80.316 61.8963 13.5
      vertex 81.8185 60.9565 13.5
    endloop
  endfacet
  facet normal 0.530298 0.847811 0
    outer loop
      vertex 80.316 61.8963 13.5
      vertex 81.8185 60.9565 2.25
      vertex 80.316 61.8963 2.25
    endloop
  endfacet
  facet normal 0.195032 0.980797 -0
    outer loop
      vertex 80.316 61.8963 2.25
      vertex 79.9333 61.9724 13.5
      vertex 80.316 61.8963 13.5
    endloop
  endfacet
  facet normal 0.195032 0.980797 0
    outer loop
      vertex 79.9333 61.9724 13.5
      vertex 80.316 61.8963 2.25
      vertex 79.9333 61.9724 2.25
    endloop
  endfacet
  facet normal 0 1 -0
    outer loop
      vertex 79.9333 61.9724 2.25
      vertex 79.7665 61.9724 13.5
      vertex 79.9333 61.9724 13.5
    endloop
  endfacet
  facet normal 0 1 0
    outer loop
      vertex 79.7665 61.9724 13.5
      vertex 79.9333 61.9724 2.25
      vertex 79.7665 61.9724 2.25
    endloop
  endfacet
  facet normal -0.195032 0.980797 0
    outer loop
      vertex 79.7665 61.9724 2.25
      vertex 79.3838 61.8963 13.5
      vertex 79.7665 61.9724 13.5
    endloop
  endfacet
  facet normal -0.195032 0.980797 0
    outer loop
      vertex 79.3838 61.8963 13.5
      vertex 79.7665 61.9724 2.25
      vertex 79.3838 61.8963 2.25
    endloop
  endfacet
  facet normal -0.555646 0.831419 0
    outer loop
      vertex 79.3838 61.8963 2.25
      vertex 79.0594 61.6795 13.5
      vertex 79.3838 61.8963 13.5
    endloop
  endfacet
  facet normal -0.555646 0.831419 0
    outer loop
      vertex 79.0594 61.6795 13.5
      vertex 79.3838 61.8963 2.25
      vertex 79.0594 61.6795 2.25
    endloop
  endfacet
  facet normal -0.741086 0.67141 0
    outer loop
      vertex 76.4249 58.7716 2.25
      vertex 79.0594 61.6795 13.5
      vertex 79.0594 61.6795 2.25
    endloop
  endfacet
  facet normal -0.741086 0.67141 0
    outer loop
      vertex 79.0594 61.6795 13.5
      vertex 76.4249 58.7716 2.25
      vertex 76.4249 58.7716 13.5
    endloop
  endfacet
  facet normal -0.831419 0.555646 0
    outer loop
      vertex 76.2081 58.4472 2.25
      vertex 76.4249 58.7716 13.5
      vertex 76.4249 58.7716 2.25
    endloop
  endfacet
  facet normal -0.831419 0.555646 0
    outer loop
      vertex 76.4249 58.7716 13.5
      vertex 76.2081 58.4472 2.25
      vertex 76.2081 58.4472 13.5
    endloop
  endfacet
  facet normal -0.967057 0.254559 0
    outer loop
      vertex 74.0579 50.2787 2.25
      vertex 76.2081 58.4472 13.5
      vertex 76.2081 58.4472 2.25
    endloop
  endfacet
  facet normal -0.967057 0.254559 0
    outer loop
      vertex 76.2081 58.4472 13.5
      vertex 74.0579 50.2787 2.25
      vertex 74.0579 50.2787 13.5
    endloop
  endfacet
  facet normal -0.980797 0.195032 0
    outer loop
      vertex 73.9818 49.896 2.25
      vertex 74.0579 50.2787 13.5
      vertex 74.0579 50.2787 2.25
    endloop
  endfacet
  facet normal -0.980797 0.195032 0
    outer loop
      vertex 74.0579 50.2787 13.5
      vertex 73.9818 49.896 2.25
      vertex 73.9818 49.896 13.5
    endloop
  endfacet
  facet normal -0.98869 0.149972 0
    outer loop
      vertex 72.0712 37.3004 2.25
      vertex 73.9818 49.896 13.5
      vertex 73.9818 49.896 2.25
    endloop
  endfacet
  facet normal -0.98869 0.149972 0
    outer loop
      vertex 73.9818 49.896 13.5
      vertex 72.0712 37.3004 2.25
      vertex 72.0712 37.3004 13.5
    endloop
  endfacet
  facet normal -0.993071 0.117519 0
    outer loop
      vertex 70.1832 21.3463 2.25
      vertex 72.0712 37.3004 13.5
      vertex 72.0712 37.3004 2.25
    endloop
  endfacet
  facet normal -0.993071 0.117519 0
    outer loop
      vertex 72.0712 37.3004 13.5
      vertex 70.1832 21.3463 2.25
      vertex 70.1832 21.3463 13.5
    endloop
  endfacet
  facet normal -0.950291 0.311362 0
    outer loop
      vertex 69.2609 18.5314 2.25
      vertex 70.1832 21.3463 13.5
      vertex 70.1832 21.3463 2.25
    endloop
  endfacet
  facet normal -0.950291 0.311362 0
    outer loop
      vertex 70.1832 21.3463 13.5
      vertex 69.2609 18.5314 2.25
      vertex 69.2609 18.5314 13.5
    endloop
  endfacet
  facet normal -0.921569 0.388215 0
    outer loop
      vertex 66.8009 12.6917 2.25
      vertex 69.2609 18.5314 13.5
      vertex 69.2609 18.5314 2.25
    endloop
  endfacet
  facet normal -0.921569 0.388215 0
    outer loop
      vertex 69.2609 18.5314 13.5
      vertex 66.8009 12.6917 2.25
      vertex 66.8009 12.6917 13.5
    endloop
  endfacet
  facet normal -0.867589 0.497282 0
    outer loop
      vertex 63.6908 7.26563 2.25
      vertex 66.8009 12.6917 13.5
      vertex 66.8009 12.6917 2.25
    endloop
  endfacet
  facet normal -0.867589 0.497282 0
    outer loop
      vertex 66.8009 12.6917 13.5
      vertex 63.6908 7.26563 2.25
      vertex 63.6908 7.26563 13.5
    endloop
  endfacet
  facet normal -0.602316 0.798257 0
    outer loop
      vertex 63.6908 7.26563 2.25
      vertex 60.8202 5.09965 13.5
      vertex 63.6908 7.26563 13.5
    endloop
  endfacet
  facet normal -0.602316 0.798257 0
    outer loop
      vertex 60.8202 5.09965 13.5
      vertex 63.6908 7.26563 2.25
      vertex 60.8202 5.09965 2.25
    endloop
  endfacet
  facet normal 0.413753 0.910389 -0
    outer loop
      vertex 60.8202 5.09965 2.25
      vertex 60.6818 5.16255 13.5
      vertex 60.8202 5.09965 13.5
    endloop
  endfacet
  facet normal 0.413753 0.910389 0
    outer loop
      vertex 60.6818 5.16255 13.5
      vertex 60.8202 5.09965 2.25
      vertex 60.6818 5.16255 2.25
    endloop
  endfacet
  facet normal 0.613382 0.789786 -0
    outer loop
      vertex 60.6818 5.16255 2.25
      vertex 60.478 5.32083 13.5
      vertex 60.6818 5.16255 13.5
    endloop
  endfacet
  facet normal 0.613382 0.789786 0
    outer loop
      vertex 60.478 5.32083 13.5
      vertex 60.6818 5.16255 2.25
      vertex 60.478 5.32083 2.25
    endloop
  endfacet
  facet normal 0.757154 0.653236 0
    outer loop
      vertex 60.478 5.32083 13.5
      vertex 60.2666 5.56586 2.25
      vertex 60.2666 5.56586 13.5
    endloop
  endfacet
  facet normal 0.757154 0.653236 0
    outer loop
      vertex 60.2666 5.56586 2.25
      vertex 60.478 5.32083 13.5
      vertex 60.478 5.32083 2.25
    endloop
  endfacet
  facet normal 0.955778 0.29409 0
    outer loop
      vertex 60.2666 5.56586 13.5
      vertex 60.1647 5.89703 2.25
      vertex 60.1647 5.89703 13.5
    endloop
  endfacet
  facet normal 0.955778 0.29409 0
    outer loop
      vertex 60.1647 5.89703 2.25
      vertex 60.2666 5.56586 13.5
      vertex 60.2666 5.56586 2.25
    endloop
  endfacet
  facet normal 0.98625 0.165258 0
    outer loop
      vertex 60.1647 5.89703 13.5
      vertex 60.0721 6.44966 2.25
      vertex 60.0721 6.44966 13.5
    endloop
  endfacet
  facet normal 0.98625 0.165258 0
    outer loop
      vertex 60.0721 6.44966 2.25
      vertex 60.1647 5.89703 13.5
      vertex 60.1647 5.89703 2.25
    endloop
  endfacet
  facet normal 0.99619 0.0872102 0
    outer loop
      vertex 60.0721 6.44966 13.5
      vertex 59.9715 7.5988 2.25
      vertex 59.9715 7.5988 13.5
    endloop
  endfacet
  facet normal 0.99619 0.0872102 0
    outer loop
      vertex 59.9715 7.5988 2.25
      vertex 60.0721 6.44966 13.5
      vertex 60.0721 6.44966 2.25
    endloop
  endfacet
  facet normal 0.999643 0.0267198 0
    outer loop
      vertex 59.9715 7.5988 13.5
      vertex 59.9333 9.02794 2.25
      vertex 59.9333 9.02794 13.5
    endloop
  endfacet
  facet normal 0.999643 0.0267198 0
    outer loop
      vertex 59.9333 9.02794 2.25
      vertex 59.9715 7.5988 13.5
      vertex 59.9715 7.5988 2.25
    endloop
  endfacet
  facet normal 0.99787 -0.0652317 0
    outer loop
      vertex 59.9333 9.02794 13.5
      vertex 60.1797 12.7972 2.25
      vertex 60.1797 12.7972 13.5
    endloop
  endfacet
  facet normal 0.99787 -0.0652317 0
    outer loop
      vertex 60.1797 12.7972 2.25
      vertex 59.9333 9.02794 13.5
      vertex 59.9333 9.02794 2.25
    endloop
  endfacet
  facet normal 0.979803 -0.199964 0
    outer loop
      vertex 60.1797 12.7972 13.5
      vertex 61.0029 16.8308 2.25
      vertex 61.0029 16.8308 13.5
    endloop
  endfacet
  facet normal 0.979803 -0.199964 0
    outer loop
      vertex 61.0029 16.8308 2.25
      vertex 60.1797 12.7972 13.5
      vertex 60.1797 12.7972 2.25
    endloop
  endfacet
  facet normal 0.932284 -0.361728 0
    outer loop
      vertex 61.0029 16.8308 13.5
      vertex 62.7867 21.4282 2.25
      vertex 62.7867 21.4282 13.5
    endloop
  endfacet
  facet normal 0.932284 -0.361728 0
    outer loop
      vertex 62.7867 21.4282 2.25
      vertex 61.0029 16.8308 13.5
      vertex 61.0029 16.8308 2.25
    endloop
  endfacet
  facet normal 0.832882 -0.553451 0
    outer loop
      vertex 62.7867 21.4282 13.5
      vertex 65.4764 25.4759 2.25
      vertex 65.4764 25.4759 13.5
    endloop
  endfacet
  facet normal 0.832882 -0.553451 0
    outer loop
      vertex 65.4764 25.4759 2.25
      vertex 62.7867 21.4282 13.5
      vertex 62.7867 21.4282 2.25
    endloop
  endfacet
  facet normal 0.659076 -0.752076 0
    outer loop
      vertex 65.4764 25.4759 2.25
      vertex 66.8269 26.6594 13.5
      vertex 65.4764 25.4759 13.5
    endloop
  endfacet
  facet normal 0.659076 -0.752076 0
    outer loop
      vertex 66.8269 26.6594 13.5
      vertex 65.4764 25.4759 2.25
      vertex 66.8269 26.6594 2.25
    endloop
  endfacet
  facet normal 0.722543 -0.691326 0
    outer loop
      vertex 66.8269 26.6594 13.5
      vertex 68.3417 28.2426 2.25
      vertex 68.3417 28.2426 13.5
    endloop
  endfacet
  facet normal 0.722543 -0.691326 0
    outer loop
      vertex 68.3417 28.2426 2.25
      vertex 66.8269 26.6594 13.5
      vertex 66.8269 26.6594 2.25
    endloop
  endfacet
  facet normal 0.82928 -0.558833 0
    outer loop
      vertex 68.3417 28.2426 13.5
      vertex 69.5753 30.0732 2.25
      vertex 69.5753 30.0732 13.5
    endloop
  endfacet
  facet normal 0.82928 -0.558833 0
    outer loop
      vertex 69.5753 30.0732 2.25
      vertex 68.3417 28.2426 13.5
      vertex 68.3417 28.2426 2.25
    endloop
  endfacet
  facet normal 0.831537 -0.555469 0
    outer loop
      vertex 69.5753 30.0732 13.5
      vertex 69.792 30.3976 2.25
      vertex 69.792 30.3976 13.5
    endloop
  endfacet
  facet normal 0.831537 -0.555469 0
    outer loop
      vertex 69.792 30.3976 2.25
      vertex 69.5753 30.0732 13.5
      vertex 69.5753 30.0732 2.25
    endloop
  endfacet
  facet normal 0.966805 -0.255515 0
    outer loop
      vertex 69.792 30.3976 13.5
      vertex 70.3016 32.3258 2.25
      vertex 70.3016 32.3258 13.5
    endloop
  endfacet
  facet normal 0.966805 -0.255515 0
    outer loop
      vertex 70.3016 32.3258 2.25
      vertex 69.792 30.3976 13.5
      vertex 69.792 30.3976 2.25
    endloop
  endfacet
  facet normal 0.980787 -0.195081 0
    outer loop
      vertex 70.3016 32.3258 13.5
      vertex 70.3777 32.7084 2.25
      vertex 70.3777 32.7084 13.5
    endloop
  endfacet
  facet normal 0.980787 -0.195081 0
    outer loop
      vertex 70.3777 32.7084 2.25
      vertex 70.3016 32.3258 13.5
      vertex 70.3016 32.3258 2.25
    endloop
  endfacet
  facet normal 0.999239 0.0390103 0
    outer loop
      vertex 70.3777 32.7084 13.5
      vertex 70.3655 33.0209 2.25
      vertex 70.3655 33.0209 13.5
    endloop
  endfacet
  facet normal 0.999239 0.0390103 0
    outer loop
      vertex 70.3655 33.0209 2.25
      vertex 70.3777 32.7084 13.5
      vertex 70.3777 32.7084 2.25
    endloop
  endfacet
  facet normal 0.990487 0.137603 0
    outer loop
      vertex 70.3655 33.0209 13.5
      vertex 70.3221 33.3333 2.25
      vertex 70.3221 33.3333 13.5
    endloop
  endfacet
  facet normal 0.990487 0.137603 0
    outer loop
      vertex 70.3221 33.3333 2.25
      vertex 70.3655 33.0209 13.5
      vertex 70.3655 33.0209 2.25
    endloop
  endfacet
  facet normal 0.980797 0.195032 0
    outer loop
      vertex 70.3221 33.3333 13.5
      vertex 70.246 33.716 2.25
      vertex 70.246 33.716 13.5
    endloop
  endfacet
  facet normal 0.980797 0.195032 0
    outer loop
      vertex 70.246 33.716 2.25
      vertex 70.3221 33.3333 13.5
      vertex 70.3221 33.3333 2.25
    endloop
  endfacet
  facet normal 0.964864 0.262752 0
    outer loop
      vertex 70.246 33.716 13.5
      vertex 70.1609 34.0285 2.25
      vertex 70.1609 34.0285 13.5
    endloop
  endfacet
  facet normal 0.964864 0.262752 0
    outer loop
      vertex 70.1609 34.0285 2.25
      vertex 70.246 33.716 13.5
      vertex 70.246 33.716 2.25
    endloop
  endfacet
  facet normal 0.915578 0.40214 0
    outer loop
      vertex 70.1609 34.0285 13.5
      vertex 70.0236 34.3411 2.25
      vertex 70.0236 34.3411 13.5
    endloop
  endfacet
  facet normal 0.915578 0.40214 0
    outer loop
      vertex 70.0236 34.3411 2.25
      vertex 70.1609 34.0285 13.5
      vertex 70.1609 34.0285 2.25
    endloop
  endfacet
  facet normal 0.831419 0.555646 0
    outer loop
      vertex 70.0236 34.3411 13.5
      vertex 69.8068 34.6655 2.25
      vertex 69.8068 34.6655 13.5
    endloop
  endfacet
  facet normal 0.831419 0.555646 0
    outer loop
      vertex 69.8068 34.6655 2.25
      vertex 70.0236 34.3411 13.5
      vertex 70.0236 34.3411 2.25
    endloop
  endfacet
  facet normal 0.762154 0.647395 0
    outer loop
      vertex 69.8068 34.6655 13.5
      vertex 69.0943 35.5043 2.25
      vertex 69.0943 35.5043 13.5
    endloop
  endfacet
  facet normal 0.762154 0.647395 0
    outer loop
      vertex 69.0943 35.5043 2.25
      vertex 69.8068 34.6655 13.5
      vertex 69.8068 34.6655 2.25
    endloop
  endfacet
  facet normal 0.555528 0.831498 -0
    outer loop
      vertex 69.0943 35.5043 2.25
      vertex 68.7698 35.7211 13.5
      vertex 69.0943 35.5043 13.5
    endloop
  endfacet
  facet normal 0.555528 0.831498 0
    outer loop
      vertex 68.7698 35.7211 13.5
      vertex 69.0943 35.5043 2.25
      vertex 68.7698 35.7211 2.25
    endloop
  endfacet
  facet normal 0.543207 0.839599 -0
    outer loop
      vertex 68.7698 35.7211 2.25
      vertex 67.9061 36.2799 13.5
      vertex 68.7698 35.7211 13.5
    endloop
  endfacet
  facet normal 0.543207 0.839599 0
    outer loop
      vertex 67.9061 36.2799 13.5
      vertex 68.7698 35.7211 2.25
      vertex 67.9061 36.2799 2.25
    endloop
  endfacet
  facet normal 0.303312 0.952891 -0
    outer loop
      vertex 67.9061 36.2799 2.25
      vertex 66.9278 36.5913 13.5
      vertex 67.9061 36.2799 13.5
    endloop
  endfacet
  facet normal 0.303312 0.952891 0
    outer loop
      vertex 66.9278 36.5913 13.5
      vertex 67.9061 36.2799 2.25
      vertex 66.9278 36.5913 2.25
    endloop
  endfacet
  facet normal 0.195032 0.980797 -0
    outer loop
      vertex 66.9278 36.5913 2.25
      vertex 66.5451 36.6674 13.5
      vertex 66.9278 36.5913 13.5
    endloop
  endfacet
  facet normal 0.195032 0.980797 0
    outer loop
      vertex 66.5451 36.6674 13.5
      vertex 66.9278 36.5913 2.25
      vertex 66.5451 36.6674 2.25
    endloop
  endfacet
  facet normal 0.0909521 0.995855 -0
    outer loop
      vertex 66.5451 36.6674 2.25
      vertex 65.4885 36.7639 13.5
      vertex 66.5451 36.6674 13.5
    endloop
  endfacet
  facet normal 0.0909521 0.995855 0
    outer loop
      vertex 65.4885 36.7639 13.5
      vertex 66.5451 36.6674 2.25
      vertex 65.4885 36.7639 2.25
    endloop
  endfacet
  facet normal -0.0628157 0.998025 0
    outer loop
      vertex 65.4885 36.7639 2.25
      vertex 64.5225 36.7031 13.5
      vertex 65.4885 36.7639 13.5
    endloop
  endfacet
  facet normal -0.0628157 0.998025 0
    outer loop
      vertex 64.5225 36.7031 13.5
      vertex 65.4885 36.7639 2.25
      vertex 64.5225 36.7031 2.25
    endloop
  endfacet
  facet normal -0.167377 0.985893 0
    outer loop
      vertex 64.5225 36.7031 2.25
      vertex 63.5512 36.5382 13.5
      vertex 64.5225 36.7031 13.5
    endloop
  endfacet
  facet normal -0.167377 0.985893 0
    outer loop
      vertex 63.5512 36.5382 13.5
      vertex 64.5225 36.7031 2.25
      vertex 63.5512 36.5382 2.25
    endloop
  endfacet
  facet normal -0.195032 0.980797 0
    outer loop
      vertex 63.5512 36.5382 2.25
      vertex 63.1685 36.4621 13.5
      vertex 63.5512 36.5382 13.5
    endloop
  endfacet
  facet normal -0.195032 0.980797 0
    outer loop
      vertex 63.1685 36.4621 13.5
      vertex 63.5512 36.5382 2.25
      vertex 63.1685 36.4621 2.25
    endloop
  endfacet
  facet normal -0.245359 0.969432 0
    outer loop
      vertex 63.1685 36.4621 2.25
      vertex 62.2076 36.2189 13.5
      vertex 63.1685 36.4621 13.5
    endloop
  endfacet
  facet normal -0.245359 0.969432 0
    outer loop
      vertex 62.2076 36.2189 13.5
      vertex 63.1685 36.4621 2.25
      vertex 62.2076 36.2189 2.25
    endloop
  endfacet
  facet normal -0.300917 0.95365 0
    outer loop
      vertex 62.2076 36.2189 2.25
      vertex 61.2727 35.9239 13.5
      vertex 62.2076 36.2189 13.5
    endloop
  endfacet
  facet normal -0.300917 0.95365 0
    outer loop
      vertex 61.2727 35.9239 13.5
      vertex 62.2076 36.2189 2.25
      vertex 61.2727 35.9239 2.25
    endloop
  endfacet
  facet normal -0.555528 0.831498 0
    outer loop
      vertex 61.2727 35.9239 2.25
      vertex 60.9482 35.7071 13.5
      vertex 61.2727 35.9239 13.5
    endloop
  endfacet
  facet normal -0.555528 0.831498 0
    outer loop
      vertex 60.9482 35.7071 13.5
      vertex 61.2727 35.9239 2.25
      vertex 60.9482 35.7071 2.25
    endloop
  endfacet
  facet normal -0.611051 0.791592 0
    outer loop
      vertex 60.9482 35.7071 2.25
      vertex 57.1332 32.7622 13.5
      vertex 60.9482 35.7071 13.5
    endloop
  endfacet
  facet normal -0.611051 0.791592 0
    outer loop
      vertex 57.1332 32.7622 13.5
      vertex 60.9482 35.7071 2.25
      vertex 57.1332 32.7622 2.25
    endloop
  endfacet
  facet normal -0.831419 0.555646 0
    outer loop
      vertex 56.9164 32.4378 2.25
      vertex 57.1332 32.7622 13.5
      vertex 57.1332 32.7622 2.25
    endloop
  endfacet
  facet normal -0.831419 0.555646 0
    outer loop
      vertex 57.1332 32.7622 13.5
      vertex 56.9164 32.4378 2.25
      vertex 56.9164 32.4378 13.5
    endloop
  endfacet
  facet normal -0.859382 0.511334 0
    outer loop
      vertex 53.669 26.98 2.25
      vertex 56.9164 32.4378 13.5
      vertex 56.9164 32.4378 2.25
    endloop
  endfacet
  facet normal -0.859382 0.511334 0
    outer loop
      vertex 56.9164 32.4378 13.5
      vertex 53.669 26.98 2.25
      vertex 53.669 26.98 13.5
    endloop
  endfacet
  facet normal -0.951302 0.308259 0
    outer loop
      vertex 51.411 20.0117 2.25
      vertex 53.669 26.98 13.5
      vertex 53.669 26.98 2.25
    endloop
  endfacet
  facet normal -0.951302 0.308259 0
    outer loop
      vertex 53.669 26.98 13.5
      vertex 51.411 20.0117 2.25
      vertex 51.411 20.0117 13.5
    endloop
  endfacet
  facet normal -0.980797 0.195032 0
    outer loop
      vertex 51.3349 19.629 2.25
      vertex 51.411 20.0117 13.5
      vertex 51.411 20.0117 2.25
    endloop
  endfacet
  facet normal -0.980797 0.195032 0
    outer loop
      vertex 51.411 20.0117 13.5
      vertex 51.3349 19.629 2.25
      vertex 51.3349 19.629 13.5
    endloop
  endfacet
  facet normal -0.993652 0.112495 0
    outer loop
      vertex 50.4885 12.1529 2.25
      vertex 51.3349 19.629 13.5
      vertex 51.3349 19.629 2.25
    endloop
  endfacet
  facet normal -0.993652 0.112495 0
    outer loop
      vertex 51.3349 19.629 13.5
      vertex 50.4885 12.1529 2.25
      vertex 50.4885 12.1529 13.5
    endloop
  endfacet
  facet normal -0.996828 -0.0795853 0
    outer loop
      vertex 50.5241 11.707 2.25
      vertex 50.4885 12.1529 13.5
      vertex 50.4885 12.1529 2.25
    endloop
  endfacet
  facet normal -0.996828 -0.0795853 0
    outer loop
      vertex 50.4885 12.1529 13.5
      vertex 50.5241 11.707 2.25
      vertex 50.5241 11.707 13.5
    endloop
  endfacet
  facet normal -0.970379 0.241586 0
    outer loop
      vertex 50.0863 9.94849 2.25
      vertex 50.5241 11.707 13.5
      vertex 50.5241 11.707 2.25
    endloop
  endfacet
  facet normal -0.970379 0.241586 0
    outer loop
      vertex 50.5241 11.707 13.5
      vertex 50.0863 9.94849 2.25
      vertex 50.0863 9.94849 13.5
    endloop
  endfacet
  facet normal -0.885355 0.464915 0
    outer loop
      vertex 46.2975 2.73333 2.25
      vertex 50.0863 9.94849 13.5
      vertex 50.0863 9.94849 2.25
    endloop
  endfacet
  facet normal -0.885355 0.464915 0
    outer loop
      vertex 50.0863 9.94849 13.5
      vertex 46.2975 2.73333 2.25
      vertex 46.2975 2.73333 13.5
    endloop
  endfacet
  facet normal -0.443512 0.896268 0
    outer loop
      vertex 46.2975 2.73333 2.25
      vertex 40.3362 -0.216579 13.5
      vertex 46.2975 2.73333 13.5
    endloop
  endfacet
  facet normal -0.443512 0.896268 0
    outer loop
      vertex 40.3362 -0.216579 13.5
      vertex 46.2975 2.73333 2.25
      vertex 40.3362 -0.216579 2.25
    endloop
  endfacet
  facet normal 0.405176 0.914239 -0
    outer loop
      vertex 40.3362 -0.216579 2.25
      vertex 40.2982 -0.199738 13.5
      vertex 40.3362 -0.216579 13.5
    endloop
  endfacet
  facet normal 0.405176 0.914239 0
    outer loop
      vertex 40.2982 -0.199738 13.5
      vertex 40.3362 -0.216579 2.25
      vertex 40.2982 -0.199738 2.25
    endloop
  endfacet
  facet normal 0.862508 0.506044 0
    outer loop
      vertex 40.2982 -0.199738 13.5
      vertex 40.038 0.24375 2.25
      vertex 40.038 0.24375 13.5
    endloop
  endfacet
  facet normal 0.862508 0.506044 0
    outer loop
      vertex 40.038 0.24375 2.25
      vertex 40.2982 -0.199738 13.5
      vertex 40.2982 -0.199738 2.25
    endloop
  endfacet
  facet normal 0.978151 0.207896 0
    outer loop
      vertex 40.038 0.24375 13.5
      vertex 39.8321 1.21251 2.25
      vertex 39.8321 1.21251 13.5
    endloop
  endfacet
  facet normal 0.978151 0.207896 0
    outer loop
      vertex 39.8321 1.21251 2.25
      vertex 40.038 0.24375 13.5
      vertex 40.038 0.24375 2.25
    endloop
  endfacet
  facet normal 0.998726 0.0504644 0
    outer loop
      vertex 39.8321 1.21251 13.5
      vertex 39.746 2.91649 2.25
      vertex 39.746 2.91649 13.5
    endloop
  endfacet
  facet normal 0.998726 0.0504644 0
    outer loop
      vertex 39.746 2.91649 2.25
      vertex 39.8321 1.21251 13.5
      vertex 39.8321 1.21251 2.25
    endloop
  endfacet
  facet normal 0.997515 -0.070454 0
    outer loop
      vertex 39.746 2.91649 13.5
      vertex 40.1541 8.69453 2.25
      vertex 40.1541 8.69453 13.5
    endloop
  endfacet
  facet normal 0.997515 -0.070454 0
    outer loop
      vertex 40.1541 8.69453 2.25
      vertex 39.746 2.91649 13.5
      vertex 39.746 2.91649 2.25
    endloop
  endfacet
  facet normal 0.992018 -0.1261 0
    outer loop
      vertex 40.1541 8.69453 13.5
      vertex 41.0516 15.7551 2.25
      vertex 41.0516 15.7551 13.5
    endloop
  endfacet
  facet normal 0.992018 -0.1261 0
    outer loop
      vertex 41.0516 15.7551 2.25
      vertex 40.1541 8.69453 13.5
      vertex 40.1541 8.69453 2.25
    endloop
  endfacet
  facet normal 0.992845 -0.119407 0
    outer loop
      vertex 41.0516 15.7551 13.5
      vertex 41.9493 23.2193 2.25
      vertex 41.9493 23.2193 13.5
    endloop
  endfacet
  facet normal 0.992845 -0.119407 0
    outer loop
      vertex 41.9493 23.2193 2.25
      vertex 41.0516 15.7551 13.5
      vertex 41.0516 15.7551 2.25
    endloop
  endfacet
  facet normal 0.998301 -0.0582632 0
    outer loop
      vertex 41.9493 23.2193 13.5
      vertex 42.3572 30.2084 2.25
      vertex 42.3572 30.2084 13.5
    endloop
  endfacet
  facet normal 0.998301 -0.0582632 0
    outer loop
      vertex 42.3572 30.2084 2.25
      vertex 41.9493 23.2193 13.5
      vertex 41.9493 23.2193 2.25
    endloop
  endfacet
  facet normal 0.999784 0.0207775 0
    outer loop
      vertex 42.3572 30.2084 13.5
      vertex 42.3243 31.7915 2.25
      vertex 42.3243 31.7915 13.5
    endloop
  endfacet
  facet normal 0.999784 0.0207775 0
    outer loop
      vertex 42.3243 31.7915 2.25
      vertex 42.3572 30.2084 13.5
      vertex 42.3572 30.2084 2.25
    endloop
  endfacet
  facet normal 0.997507 0.0705658 0
    outer loop
      vertex 42.3243 31.7915 13.5
      vertex 42.2183 33.2899 2.25
      vertex 42.2183 33.2899 13.5
    endloop
  endfacet
  facet normal 0.997507 0.0705658 0
    outer loop
      vertex 42.2183 33.2899 2.25
      vertex 42.3243 31.7915 13.5
      vertex 42.3243 31.7915 2.25
    endloop
  endfacet
  facet normal 0.990749 0.135705 0
    outer loop
      vertex 42.2183 33.2899 13.5
      vertex 42.0291 34.6712 2.25
      vertex 42.0291 34.6712 13.5
    endloop
  endfacet
  facet normal 0.990749 0.135705 0
    outer loop
      vertex 42.0291 34.6712 2.25
      vertex 42.2183 33.2899 13.5
      vertex 42.2183 33.2899 2.25
    endloop
  endfacet
  facet normal 0.980748 0.195278 0
    outer loop
      vertex 42.0291 34.6712 13.5
      vertex 41.9529 35.0539 2.25
      vertex 41.9529 35.0539 13.5
    endloop
  endfacet
  facet normal 0.980748 0.195278 0
    outer loop
      vertex 41.9529 35.0539 2.25
      vertex 42.0291 34.6712 13.5
      vertex 42.0291 34.6712 2.25
    endloop
  endfacet
  facet normal 0.974605 0.223929 0
    outer loop
      vertex 41.9529 35.0539 13.5
      vertex 41.6699 36.2856 2.25
      vertex 41.6699 36.2856 13.5
    endloop
  endfacet
  facet normal 0.974605 0.223929 0
    outer loop
      vertex 41.6699 36.2856 2.25
      vertex 41.9529 35.0539 13.5
      vertex 41.9529 35.0539 2.25
    endloop
  endfacet
  facet normal 0.921184 0.389126 0
    outer loop
      vertex 41.6699 36.2856 13.5
      vertex 41.1804 37.4444 2.25
      vertex 41.1804 37.4444 13.5
    endloop
  endfacet
  facet normal 0.921184 0.389126 0
    outer loop
      vertex 41.1804 37.4444 2.25
      vertex 41.6699 36.2856 13.5
      vertex 41.6699 36.2856 2.25
    endloop
  endfacet
  facet normal 0.831419 0.555646 0
    outer loop
      vertex 41.1804 37.4444 13.5
      vertex 40.9636 37.7688 2.25
      vertex 40.9636 37.7688 13.5
    endloop
  endfacet
  facet normal 0.831419 0.555646 0
    outer loop
      vertex 40.9636 37.7688 2.25
      vertex 41.1804 37.4444 13.5
      vertex 41.1804 37.4444 2.25
    endloop
  endfacet
  facet normal 0.772328 0.635224 0
    outer loop
      vertex 40.9636 37.7688 13.5
      vertex 40.2033 38.6932 2.25
      vertex 40.2033 38.6932 13.5
    endloop
  endfacet
  facet normal 0.772328 0.635224 0
    outer loop
      vertex 40.2033 38.6932 2.25
      vertex 40.9636 37.7688 13.5
      vertex 40.9636 37.7688 2.25
    endloop
  endfacet
  facet normal 0.555528 0.831498 -0
    outer loop
      vertex 40.2033 38.6932 2.25
      vertex 39.8788 38.91 13.5
      vertex 40.2033 38.6932 13.5
    endloop
  endfacet
  facet normal 0.555528 0.831498 0
    outer loop
      vertex 39.8788 38.91 13.5
      vertex 40.2033 38.6932 2.25
      vertex 39.8788 38.91 2.25
    endloop
  endfacet
  facet normal 0.534111 0.845414 -0
    outer loop
      vertex 39.8788 38.91 2.25
      vertex 38.9101 39.522 13.5
      vertex 39.8788 38.91 13.5
    endloop
  endfacet
  facet normal 0.534111 0.845414 0
    outer loop
      vertex 38.9101 39.522 13.5
      vertex 39.8788 38.91 2.25
      vertex 38.9101 39.522 2.25
    endloop
  endfacet
  facet normal 0.195081 0.980787 -0
    outer loop
      vertex 38.9101 39.522 2.25
      vertex 38.5275 39.5981 13.5
      vertex 38.9101 39.522 13.5
    endloop
  endfacet
  facet normal 0.195081 0.980787 0
    outer loop
      vertex 38.5275 39.5981 13.5
      vertex 38.9101 39.522 2.25
      vertex 38.5275 39.5981 2.25
    endloop
  endfacet
  facet normal 0.194728 0.980857 -0
    outer loop
      vertex 38.5275 39.5981 2.25
      vertex 37.4128 39.8194 13.5
      vertex 38.5275 39.5981 13.5
    endloop
  endfacet
  facet normal 0.194728 0.980857 0
    outer loop
      vertex 37.4128 39.8194 13.5
      vertex 38.5275 39.5981 2.25
      vertex 37.4128 39.8194 2.25
    endloop
  endfacet
  facet normal -0.195081 0.980787 0
    outer loop
      vertex 37.4128 39.8194 2.25
      vertex 37.0302 39.7433 13.5
      vertex 37.4128 39.8194 13.5
    endloop
  endfacet
  facet normal -0.195081 0.980787 0
    outer loop
      vertex 37.0302 39.7433 13.5
      vertex 37.4128 39.8194 2.25
      vertex 37.0302 39.7433 2.25
    endloop
  endfacet
  facet normal -0.210484 0.977597 0
    outer loop
      vertex 37.0302 39.7433 2.25
      vertex 35.8765 39.4949 13.5
      vertex 37.0302 39.7433 13.5
    endloop
  endfacet
  facet normal -0.210484 0.977597 0
    outer loop
      vertex 35.8765 39.4949 13.5
      vertex 37.0302 39.7433 2.25
      vertex 35.8765 39.4949 2.25
    endloop
  endfacet
  facet normal -0.555646 0.831419 0
    outer loop
      vertex 35.8765 39.4949 2.25
      vertex 35.5521 39.2781 13.5
      vertex 35.8765 39.4949 13.5
    endloop
  endfacet
  facet normal -0.555646 0.831419 0
    outer loop
      vertex 35.5521 39.2781 13.5
      vertex 35.8765 39.4949 2.25
      vertex 35.5521 39.2781 2.25
    endloop
  endfacet
  facet normal -0.569011 0.82233 0
    outer loop
      vertex 35.5521 39.2781 2.25
      vertex 34.3932 38.4762 13.5
      vertex 35.5521 39.2781 13.5
    endloop
  endfacet
  facet normal -0.569011 0.82233 0
    outer loop
      vertex 34.3932 38.4762 13.5
      vertex 35.5521 39.2781 2.25
      vertex 34.3932 38.4762 2.25
    endloop
  endfacet
  facet normal -0.798427 0.602092 0
    outer loop
      vertex 33.3073 37.0362 2.25
      vertex 34.3932 38.4762 13.5
      vertex 34.3932 38.4762 2.25
    endloop
  endfacet
  facet normal -0.798427 0.602092 0
    outer loop
      vertex 34.3932 38.4762 13.5
      vertex 33.3073 37.0362 2.25
      vertex 33.3073 37.0362 13.5
    endloop
  endfacet
  facet normal -0.831419 0.555646 0
    outer loop
      vertex 33.0905 36.7118 2.25
      vertex 33.3073 37.0362 13.5
      vertex 33.3073 37.0362 2.25
    endloop
  endfacet
  facet normal -0.831419 0.555646 0
    outer loop
      vertex 33.3073 37.0362 13.5
      vertex 33.0905 36.7118 2.25
      vertex 33.0905 36.7118 13.5
    endloop
  endfacet
  facet normal -0.917931 0.39674 0
    outer loop
      vertex 32.1558 34.5492 2.25
      vertex 33.0905 36.7118 13.5
      vertex 33.0905 36.7118 2.25
    endloop
  endfacet
  facet normal -0.917931 0.39674 0
    outer loop
      vertex 33.0905 36.7118 13.5
      vertex 32.1558 34.5492 2.25
      vertex 32.1558 34.5492 13.5
    endloop
  endfacet
  facet normal -0.967091 0.254431 0
    outer loop
      vertex 31.6297 32.5495 2.25
      vertex 32.1558 34.5492 13.5
      vertex 32.1558 34.5492 2.25
    endloop
  endfacet
  facet normal -0.967091 0.254431 0
    outer loop
      vertex 32.1558 34.5492 13.5
      vertex 31.6297 32.5495 2.25
      vertex 31.6297 32.5495 13.5
    endloop
  endfacet
  facet normal -0.980797 0.195032 0
    outer loop
      vertex 31.5536 32.1668 2.25
      vertex 31.6297 32.5495 13.5
      vertex 31.6297 32.5495 2.25
    endloop
  endfacet
  facet normal -0.980797 0.195032 0
    outer loop
      vertex 31.6297 32.5495 13.5
      vertex 31.5536 32.1668 2.25
      vertex 31.5536 32.1668 13.5
    endloop
  endfacet
  facet normal -0.985511 0.169609 0
    outer loop
      vertex 30.8296 27.96 2.25
      vertex 31.5536 32.1668 13.5
      vertex 31.5536 32.1668 2.25
    endloop
  endfacet
  facet normal -0.985511 0.169609 0
    outer loop
      vertex 31.5536 32.1668 13.5
      vertex 30.8296 27.96 2.25
      vertex 30.8296 27.96 13.5
    endloop
  endfacet
  facet normal -0.993863 0.110619 0
    outer loop
      vertex 30.1889 22.2036 2.25
      vertex 30.8296 27.96 13.5
      vertex 30.8296 27.96 2.25
    endloop
  endfacet
  facet normal -0.993863 0.110619 0
    outer loop
      vertex 30.8296 27.96 13.5
      vertex 30.1889 22.2036 2.25
      vertex 30.1889 22.2036 13.5
    endloop
  endfacet
  facet normal -0.999139 0.0414853 0
    outer loop
      vertex 30.0796 19.5712 2.25
      vertex 30.1889 22.2036 13.5
      vertex 30.1889 22.2036 2.25
    endloop
  endfacet
  facet normal -0.999139 0.0414853 0
    outer loop
      vertex 30.1889 22.2036 13.5
      vertex 30.0796 19.5712 2.25
      vertex 30.0796 19.5712 13.5
    endloop
  endfacet
  facet normal -0.972563 0.232639 0
    outer loop
      vertex 29.2168 15.9642 2.25
      vertex 30.0796 19.5712 13.5
      vertex 30.0796 19.5712 2.25
    endloop
  endfacet
  facet normal -0.972563 0.232639 0
    outer loop
      vertex 30.0796 19.5712 13.5
      vertex 29.2168 15.9642 2.25
      vertex 29.2168 15.9642 13.5
    endloop
  endfacet
  facet normal -0.91308 0.40778 0
    outer loop
      vertex 25.8909 8.51702 2.25
      vertex 29.2168 15.9642 13.5
      vertex 29.2168 15.9642 2.25
    endloop
  endfacet
  facet normal -0.91308 0.40778 0
    outer loop
      vertex 29.2168 15.9642 13.5
      vertex 25.8909 8.51702 2.25
      vertex 25.8909 8.51702 13.5
    endloop
  endfacet
  facet normal -0.78554 0.618811 0
    outer loop
      vertex 21.7911 3.3126 2.25
      vertex 25.8909 8.51702 13.5
      vertex 25.8909 8.51702 2.25
    endloop
  endfacet
  facet normal -0.78554 0.618811 0
    outer loop
      vertex 25.8909 8.51702 13.5
      vertex 21.7911 3.3126 2.25
      vertex 21.7911 3.3126 13.5
    endloop
  endfacet
  facet normal -0.400319 0.916376 0
    outer loop
      vertex 21.7911 3.3126 2.25
      vertex 17.3461 1.3708 13.5
      vertex 21.7911 3.3126 13.5
    endloop
  endfacet
  facet normal -0.400319 0.916376 0
    outer loop
      vertex 17.3461 1.3708 13.5
      vertex 21.7911 3.3126 2.25
      vertex 17.3461 1.3708 2.25
    endloop
  endfacet
  facet normal 0.152924 0.988238 -0
    outer loop
      vertex 17.3461 1.3708 2.25
      vertex 16.2806 1.53568 13.5
      vertex 17.3461 1.3708 13.5
    endloop
  endfacet
  facet normal 0.152924 0.988238 0
    outer loop
      vertex 16.2806 1.53568 13.5
      vertex 17.3461 1.3708 2.25
      vertex 16.2806 1.53568 2.25
    endloop
  endfacet
  facet normal 0.430303 0.902684 -0
    outer loop
      vertex 16.2806 1.53568 2.25
      vertex 14.9248 2.18198 13.5
      vertex 16.2806 1.53568 13.5
    endloop
  endfacet
  facet normal 0.430303 0.902684 0
    outer loop
      vertex 14.9248 2.18198 13.5
      vertex 16.2806 1.53568 2.25
      vertex 14.9248 2.18198 2.25
    endloop
  endfacet
  facet normal 0.636666 0.77114 -0
    outer loop
      vertex 14.9248 2.18198 2.25
      vertex 13.5585 3.31002 13.5
      vertex 14.9248 2.18198 13.5
    endloop
  endfacet
  facet normal 0.636666 0.77114 0
    outer loop
      vertex 13.5585 3.31002 13.5
      vertex 14.9248 2.18198 2.25
      vertex 13.5585 3.31002 2.25
    endloop
  endfacet
  facet normal 0.771587 0.636124 0
    outer loop
      vertex 13.5585 3.31002 13.5
      vertex 12.1701 4.99408 2.25
      vertex 12.1701 4.99408 13.5
    endloop
  endfacet
  facet normal 0.771587 0.636124 0
    outer loop
      vertex 12.1701 4.99408 2.25
      vertex 13.5585 3.31002 13.5
      vertex 13.5585 3.31002 2.25
    endloop
  endfacet
  facet normal 0.886937 0.46189 0
    outer loop
      vertex 12.1701 4.99408 13.5
      vertex 11.5281 6.22687 2.25
      vertex 11.5281 6.22687 13.5
    endloop
  endfacet
  facet normal 0.886937 0.46189 0
    outer loop
      vertex 11.5281 6.22687 2.25
      vertex 12.1701 4.99408 13.5
      vertex 12.1701 4.99408 2.25
    endloop
  endfacet
  facet normal 0.942227 0.334975 0
    outer loop
      vertex 11.5281 6.22687 13.5
      vertex 11.0073 7.69179 2.25
      vertex 11.0073 7.69179 13.5
    endloop
  endfacet
  facet normal 0.942227 0.334975 0
    outer loop
      vertex 11.0073 7.69179 2.25
      vertex 11.5281 6.22687 13.5
      vertex 11.5281 6.22687 2.25
    endloop
  endfacet
  facet normal 0.978741 0.205102 0
    outer loop
      vertex 11.0073 7.69179 13.5
      vertex 10.7689 8.82943 2.25
      vertex 10.7689 8.82943 13.5
    endloop
  endfacet
  facet normal 0.978741 0.205102 0
    outer loop
      vertex 10.7689 8.82943 2.25
      vertex 11.0073 7.69179 13.5
      vertex 11.0073 7.69179 2.25
    endloop
  endfacet
  facet normal 0.99752 0.0703822 0
    outer loop
      vertex 10.7689 8.82943 13.5
      vertex 10.6667 10.2779 2.25
      vertex 10.6667 10.2779 13.5
    endloop
  endfacet
  facet normal 0.99752 0.0703822 0
    outer loop
      vertex 10.6667 10.2779 2.25
      vertex 10.7689 8.82943 13.5
      vertex 10.7689 8.82943 2.25
    endloop
  endfacet
  facet normal 0.990863 -0.13487 0
    outer loop
      vertex 10.6667 10.2779 13.5
      vertex 11.0646 13.2012 2.25
      vertex 11.0646 13.2012 13.5
    endloop
  endfacet
  facet normal 0.990863 -0.13487 0
    outer loop
      vertex 11.0646 13.2012 2.25
      vertex 10.6667 10.2779 13.5
      vertex 10.6667 10.2779 2.25
    endloop
  endfacet
  facet normal 0.922862 -0.385131 0
    outer loop
      vertex 11.0646 13.2012 13.5
      vertex 12.2258 15.9837 2.25
      vertex 12.2258 15.9837 13.5
    endloop
  endfacet
  facet normal 0.922862 -0.385131 0
    outer loop
      vertex 12.2258 15.9837 2.25
      vertex 11.0646 13.2012 13.5
      vertex 11.0646 13.2012 2.25
    endloop
  endfacet
  facet normal 0.793237 -0.608913 0
    outer loop
      vertex 12.2258 15.9837 13.5
      vertex 13.9598 18.2426 2.25
      vertex 13.9598 18.2426 13.5
    endloop
  endfacet
  facet normal 0.793237 -0.608913 0
    outer loop
      vertex 13.9598 18.2426 2.25
      vertex 12.2258 15.9837 13.5
      vertex 12.2258 15.9837 2.25
    endloop
  endfacet
  facet normal 0.592018 -0.805924 0
    outer loop
      vertex 13.9598 18.2426 2.25
      vertex 16.4295 20.0568 13.5
      vertex 13.9598 18.2426 13.5
    endloop
  endfacet
  facet normal 0.592018 -0.805924 0
    outer loop
      vertex 16.4295 20.0568 13.5
      vertex 13.9598 18.2426 2.25
      vertex 16.4295 20.0568 2.25
    endloop
  endfacet
  facet normal 0.627648 -0.778497 0
    outer loop
      vertex 16.4295 20.0568 2.25
      vertex 16.8372 20.3855 13.5
      vertex 16.4295 20.0568 13.5
    endloop
  endfacet
  facet normal 0.627648 -0.778497 0
    outer loop
      vertex 16.8372 20.3855 13.5
      vertex 16.4295 20.0568 2.25
      vertex 16.8372 20.3855 2.25
    endloop
  endfacet
  facet normal 0.830482 -0.557046 0
    outer loop
      vertex 16.8372 20.3855 13.5
      vertex 17.1931 20.9161 2.25
      vertex 17.1931 20.9161 13.5
    endloop
  endfacet
  facet normal 0.830482 -0.557046 0
    outer loop
      vertex 17.1931 20.9161 2.25
      vertex 16.8372 20.3855 13.5
      vertex 16.8372 20.3855 2.25
    endloop
  endfacet
  facet normal 0.831537 -0.555469 0
    outer loop
      vertex 17.1931 20.9161 13.5
      vertex 17.4098 21.2405 2.25
      vertex 17.4098 21.2405 13.5
    endloop
  endfacet
  facet normal 0.831537 -0.555469 0
    outer loop
      vertex 17.4098 21.2405 2.25
      vertex 17.1931 20.9161 13.5
      vertex 17.1931 20.9161 2.25
    endloop
  endfacet
  facet normal 0.936791 -0.349889 0
    outer loop
      vertex 17.4098 21.2405 13.5
      vertex 17.6615 21.9144 2.25
      vertex 17.6615 21.9144 13.5
    endloop
  endfacet
  facet normal 0.936791 -0.349889 0
    outer loop
      vertex 17.6615 21.9144 2.25
      vertex 17.4098 21.2405 13.5
      vertex 17.4098 21.2405 2.25
    endloop
  endfacet
  facet normal 0.980748 -0.195278 0
    outer loop
      vertex 17.6615 21.9144 13.5
      vertex 17.7377 22.2971 2.25
      vertex 17.7377 22.2971 13.5
    endloop
  endfacet
  facet normal 0.980748 -0.195278 0
    outer loop
      vertex 17.7377 22.2971 2.25
      vertex 17.6615 21.9144 13.5
      vertex 17.6615 21.9144 2.25
    endloop
  endfacet
  facet normal 0.992165 -0.124936 0
    outer loop
      vertex 17.7377 22.2971 13.5
      vertex 17.8332 23.0555 2.25
      vertex 17.8332 23.0555 13.5
    endloop
  endfacet
  facet normal 0.992165 -0.124936 0
    outer loop
      vertex 17.8332 23.0555 2.25
      vertex 17.7377 22.2971 13.5
      vertex 17.7377 22.2971 2.25
    endloop
  endfacet
  facet normal 0.994433 0.105375 0
    outer loop
      vertex 17.8332 23.0555 13.5
      vertex 17.7664 23.6859 2.25
      vertex 17.7664 23.6859 13.5
    endloop
  endfacet
  facet normal 0.994433 0.105375 0
    outer loop
      vertex 17.7664 23.6859 2.25
      vertex 17.8332 23.0555 13.5
      vertex 17.8332 23.0555 2.25
    endloop
  endfacet
  facet normal 0.980748 0.195278 0
    outer loop
      vertex 17.7664 23.6859 13.5
      vertex 17.6902 24.0686 2.25
      vertex 17.6902 24.0686 13.5
    endloop
  endfacet
  facet normal 0.980748 0.195278 0
    outer loop
      vertex 17.6902 24.0686 2.25
      vertex 17.7664 23.6859 13.5
      vertex 17.7664 23.6859 2.25
    endloop
  endfacet
  facet normal 0.941944 0.33577 0
    outer loop
      vertex 17.6902 24.0686 13.5
      vertex 17.4724 24.6796 2.25
      vertex 17.4724 24.6796 13.5
    endloop
  endfacet
  facet normal 0.941944 0.33577 0
    outer loop
      vertex 17.4724 24.6796 2.25
      vertex 17.6902 24.0686 13.5
      vertex 17.6902 24.0686 2.25
    endloop
  endfacet
  facet normal 0.831419 0.555646 0
    outer loop
      vertex 17.4724 24.6796 13.5
      vertex 17.2556 25.004 2.25
      vertex 17.2556 25.004 13.5
    endloop
  endfacet
  facet normal 0.831419 0.555646 0
    outer loop
      vertex 17.2556 25.004 2.25
      vertex 17.4724 24.6796 13.5
      vertex 17.4724 24.6796 2.25
    endloop
  endfacet
  facet normal 0.810178 0.586184 0
    outer loop
      vertex 17.2556 25.004 13.5
      vertex 16.8607 25.5498 2.25
      vertex 16.8607 25.5498 13.5
    endloop
  endfacet
  facet normal 0.810178 0.586184 0
    outer loop
      vertex 16.8607 25.5498 2.25
      vertex 17.2556 25.004 13.5
      vertex 17.2556 25.004 2.25
    endloop
  endfacet
  facet normal 0.588365 0.808596 -0
    outer loop
      vertex 16.8607 25.5498 2.25
      vertex 16.2626 25.985 13.5
      vertex 16.8607 25.5498 13.5
    endloop
  endfacet
  facet normal 0.588365 0.808596 0
    outer loop
      vertex 16.2626 25.985 13.5
      vertex 16.8607 25.5498 2.25
      vertex 16.2626 25.985 2.25
    endloop
  endfacet
  facet normal 0.758319 0.651884 0
    outer loop
      vertex 16.2626 25.985 13.5
      vertex 16.0023 26.2878 2.25
      vertex 16.0023 26.2878 13.5
    endloop
  endfacet
  facet normal 0.758319 0.651884 0
    outer loop
      vertex 16.0023 26.2878 2.25
      vertex 16.2626 25.985 13.5
      vertex 16.2626 25.985 2.25
    endloop
  endfacet
  facet normal 0.563747 0.825948 -0
    outer loop
      vertex 16.0023 26.2878 2.25
      vertex 15.721 26.4798 13.5
      vertex 16.0023 26.2878 13.5
    endloop
  endfacet
  facet normal 0.563747 0.825948 0
    outer loop
      vertex 15.721 26.4798 13.5
      vertex 16.0023 26.2878 2.25
      vertex 15.721 26.4798 2.25
    endloop
  endfacet
  facet normal 0.555528 0.831498 -0
    outer loop
      vertex 15.721 26.4798 2.25
      vertex 15.3965 26.6966 13.5
      vertex 15.721 26.4798 13.5
    endloop
  endfacet
  facet normal 0.555528 0.831498 0
    outer loop
      vertex 15.3965 26.6966 13.5
      vertex 15.721 26.4798 2.25
      vertex 15.3965 26.6966 2.25
    endloop
  endfacet
  facet normal 0.316793 0.948495 -0
    outer loop
      vertex 15.3965 26.6966 2.25
      vertex 15.0944 26.7975 13.5
      vertex 15.3965 26.6966 13.5
    endloop
  endfacet
  facet normal 0.316793 0.948495 0
    outer loop
      vertex 15.0944 26.7975 13.5
      vertex 15.3965 26.6966 2.25
      vertex 15.0944 26.7975 2.25
    endloop
  endfacet
  facet normal 0.195032 0.980797 -0
    outer loop
      vertex 15.0944 26.7975 2.25
      vertex 14.7117 26.8736 13.5
      vertex 15.0944 26.7975 13.5
    endloop
  endfacet
  facet normal 0.195032 0.980797 0
    outer loop
      vertex 14.7117 26.8736 13.5
      vertex 15.0944 26.7975 2.25
      vertex 14.7117 26.8736 2.25
    endloop
  endfacet
  facet normal 0.0903689 0.995908 -0
    outer loop
      vertex 14.7117 26.8736 2.25
      vertex 14.3888 26.9029 13.5
      vertex 14.7117 26.8736 13.5
    endloop
  endfacet
  facet normal 0.0903689 0.995908 0
    outer loop
      vertex 14.3888 26.9029 13.5
      vertex 14.7117 26.8736 2.25
      vertex 14.3888 26.9029 2.25
    endloop
  endfacet
  facet normal -0.195032 0.980797 0
    outer loop
      vertex 14.3888 26.9029 2.25
      vertex 14.0061 26.8268 13.5
      vertex 14.3888 26.9029 13.5
    endloop
  endfacet
  facet normal -0.195032 0.980797 0
    outer loop
      vertex 14.0061 26.8268 13.5
      vertex 14.3888 26.9029 2.25
      vertex 14.0061 26.8268 2.25
    endloop
  endfacet
  facet normal -0.289633 0.957138 0
    outer loop
      vertex 14.0061 26.8268 2.25
      vertex 12.7153 26.4362 13.5
      vertex 14.0061 26.8268 13.5
    endloop
  endfacet
  facet normal -0.289633 0.957138 0
    outer loop
      vertex 12.7153 26.4362 13.5
      vertex 14.0061 26.8268 2.25
      vertex 12.7153 26.4362 2.25
    endloop
  endfacet
  facet normal -0.498649 0.866804 0
    outer loop
      vertex 12.7153 26.4362 2.25
      vertex 11.2214 25.5768 13.5
      vertex 12.7153 26.4362 13.5
    endloop
  endfacet
  facet normal -0.498649 0.866804 0
    outer loop
      vertex 11.2214 25.5768 13.5
      vertex 12.7153 26.4362 2.25
      vertex 11.2214 25.5768 2.25
    endloop
  endfacet
  facet normal -0.466532 0.884505 0
    outer loop
      vertex 11.2214 25.5768 2.25
      vertex 9.59205 24.7174 13.5
      vertex 11.2214 25.5768 13.5
    endloop
  endfacet
  facet normal -0.466532 0.884505 0
    outer loop
      vertex 9.59205 24.7174 13.5
      vertex 11.2214 25.5768 2.25
      vertex 9.59205 24.7174 2.25
    endloop
  endfacet
  facet normal -0.224287 0.974523 0
    outer loop
      vertex 9.59205 24.7174 2.25
      vertex 8.28117 24.4157 13.5
      vertex 9.59205 24.7174 13.5
    endloop
  endfacet
  facet normal -0.224287 0.974523 0
    outer loop
      vertex 8.28117 24.4157 13.5
      vertex 9.59205 24.7174 2.25
      vertex 8.28117 24.4157 2.25
    endloop
  endfacet
  facet normal 0.905841 0.423618 0
    outer loop
      vertex 8.28117 24.4157 13.5
      vertex 8.08658 24.8318 2.25
      vertex 8.08658 24.8318 13.5
    endloop
  endfacet
  facet normal 0.905841 0.423618 0
    outer loop
      vertex 8.08658 24.8318 2.25
      vertex 8.28117 24.4157 13.5
      vertex 8.28117 24.4157 2.25
    endloop
  endfacet
  facet normal 0.983642 0.180134 0
    outer loop
      vertex 8.08658 24.8318 13.5
      vertex 7.95306 25.5609 2.25
      vertex 7.95306 25.5609 13.5
    endloop
  endfacet
  facet normal 0.983642 0.180134 0
    outer loop
      vertex 7.95306 25.5609 2.25
      vertex 8.08658 24.8318 13.5
      vertex 8.08658 24.8318 2.25
    endloop
  endfacet
  facet normal 0.998923 0.0464046 0
    outer loop
      vertex 7.95306 25.5609 13.5
      vertex 7.88879 26.9444 2.25
      vertex 7.88879 26.9444 13.5
    endloop
  endfacet
  facet normal 0.998923 0.0464046 0
    outer loop
      vertex 7.88879 26.9444 2.25
      vertex 7.95306 25.5609 13.5
      vertex 7.95306 25.5609 2.25
    endloop
  endfacet
  facet normal 0.993455 -0.114221 0
    outer loop
      vertex 7.88879 26.9444 13.5
      vertex 8.55583 32.7461 2.25
      vertex 8.55583 32.7461 13.5
    endloop
  endfacet
  facet normal 0.993455 -0.114221 0
    outer loop
      vertex 8.55583 32.7461 2.25
      vertex 7.88879 26.9444 13.5
      vertex 7.88879 26.9444 2.25
    endloop
  endfacet
  facet normal 0.960001 -0.279995 0
    outer loop
      vertex 8.55583 32.7461 13.5
      vertex 10.4586 39.27 2.25
      vertex 10.4586 39.27 13.5
    endloop
  endfacet
  facet normal 0.960001 -0.279995 0
    outer loop
      vertex 10.4586 39.27 2.25
      vertex 8.55583 32.7461 13.5
      vertex 8.55583 32.7461 2.25
    endloop
  endfacet
  facet normal 0.872892 -0.487913 0
    outer loop
      vertex 10.4586 39.27 13.5
      vertex 13.3164 44.3827 2.25
      vertex 13.3164 44.3827 13.5
    endloop
  endfacet
  facet normal 0.872892 -0.487913 0
    outer loop
      vertex 13.3164 44.3827 2.25
      vertex 10.4586 39.27 13.5
      vertex 10.4586 39.27 2.25
    endloop
  endfacet
  facet normal 0.493396 -0.869805 0
    outer loop
      vertex 13.3164 44.3827 2.25
      vertex 16.7692 46.3413 13.5
      vertex 13.3164 44.3827 13.5
    endloop
  endfacet
  facet normal 0.493396 -0.869805 0
    outer loop
      vertex 16.7692 46.3413 13.5
      vertex 13.3164 44.3827 2.25
      vertex 16.7692 46.3413 2.25
    endloop
  endfacet
  facet normal -0.0921068 -0.995749 0
    outer loop
      vertex 16.7692 46.3413 2.25
      vertex 16.9692 46.3228 13.5
      vertex 16.7692 46.3413 13.5
    endloop
  endfacet
  facet normal -0.0921068 -0.995749 -0
    outer loop
      vertex 16.9692 46.3228 13.5
      vertex 16.7692 46.3413 2.25
      vertex 16.9692 46.3228 2.25
    endloop
  endfacet
  facet normal -0.250983 -0.967992 0
    outer loop
      vertex 16.9692 46.3228 2.25
      vertex 17.2978 46.2376 13.5
      vertex 16.9692 46.3228 13.5
    endloop
  endfacet
  facet normal -0.250983 -0.967992 -0
    outer loop
      vertex 17.2978 46.2376 13.5
      vertex 16.9692 46.3228 2.25
      vertex 17.2978 46.2376 2.25
    endloop
  endfacet
  facet normal -0.374378 -0.927276 0
    outer loop
      vertex 17.2978 46.2376 2.25
      vertex 17.8915 45.9979 13.5
      vertex 17.2978 46.2376 13.5
    endloop
  endfacet
  facet normal -0.374378 -0.927276 -0
    outer loop
      vertex 17.8915 45.9979 13.5
      vertex 17.2978 46.2376 2.25
      vertex 17.8915 45.9979 2.25
    endloop
  endfacet
  facet normal -0.46671 -0.88441 0
    outer loop
      vertex 17.8915 45.9979 2.25
      vertex 18.2506 45.8084 13.5
      vertex 17.8915 45.9979 13.5
    endloop
  endfacet
  facet normal -0.46671 -0.88441 -0
    outer loop
      vertex 18.2506 45.8084 13.5
      vertex 17.8915 45.9979 2.25
      vertex 18.2506 45.8084 2.25
    endloop
  endfacet
  facet normal -0.765549 -0.643378 0
    outer loop
      vertex 18.3317 45.7119 2.25
      vertex 18.2506 45.8084 13.5
      vertex 18.2506 45.8084 2.25
    endloop
  endfacet
  facet normal -0.765549 -0.643378 0
    outer loop
      vertex 18.2506 45.8084 13.5
      vertex 18.3317 45.7119 2.25
      vertex 18.3317 45.7119 13.5
    endloop
  endfacet
  facet normal -0.893057 -0.449944 0
    outer loop
      vertex 18.4371 45.5027 2.25
      vertex 18.3317 45.7119 13.5
      vertex 18.3317 45.7119 2.25
    endloop
  endfacet
  facet normal -0.893057 -0.449944 0
    outer loop
      vertex 18.3317 45.7119 13.5
      vertex 18.4371 45.5027 2.25
      vertex 18.4371 45.5027 13.5
    endloop
  endfacet
  facet normal -0.966879 -0.255236 0
    outer loop
      vertex 18.4777 45.3489 2.25
      vertex 18.4371 45.5027 13.5
      vertex 18.4371 45.5027 2.25
    endloop
  endfacet
  facet normal -0.966879 -0.255236 0
    outer loop
      vertex 18.4371 45.5027 13.5
      vertex 18.4777 45.3489 2.25
      vertex 18.4777 45.3489 13.5
    endloop
  endfacet
  facet normal -0.99683 -0.0795628 0
    outer loop
      vertex 18.4985 45.0883 2.25
      vertex 18.4777 45.3489 13.5
      vertex 18.4777 45.3489 2.25
    endloop
  endfacet
  facet normal -0.99683 -0.0795628 0
    outer loop
      vertex 18.4777 45.3489 13.5
      vertex 18.4985 45.0883 2.25
      vertex 18.4985 45.0883 13.5
    endloop
  endfacet
  facet normal -0.977992 0.208641 0
    outer loop
      vertex 18.2819 44.073 2.25
      vertex 18.4985 45.0883 13.5
      vertex 18.4985 45.0883 2.25
    endloop
  endfacet
  facet normal -0.977992 0.208641 0
    outer loop
      vertex 18.4985 45.0883 13.5
      vertex 18.2819 44.073 2.25
      vertex 18.2819 44.073 13.5
    endloop
  endfacet
  facet normal -0.887706 0.46041 0
    outer loop
      vertex 17.6326 42.8211 2.25
      vertex 18.2819 44.073 13.5
      vertex 18.2819 44.073 2.25
    endloop
  endfacet
  facet normal -0.887706 0.46041 0
    outer loop
      vertex 18.2819 44.073 13.5
      vertex 17.6326 42.8211 2.25
      vertex 17.6326 42.8211 13.5
    endloop
  endfacet
  facet normal -0.816015 0.578031 0
    outer loop
      vertex 17.0351 41.9776 2.25
      vertex 17.6326 42.8211 13.5
      vertex 17.6326 42.8211 2.25
    endloop
  endfacet
  facet normal -0.816015 0.578031 0
    outer loop
      vertex 17.6326 42.8211 13.5
      vertex 17.0351 41.9776 2.25
      vertex 17.0351 41.9776 13.5
    endloop
  endfacet
  facet normal -0.779005 0.627017 0
    outer loop
      vertex 16.4596 41.2626 2.25
      vertex 17.0351 41.9776 13.5
      vertex 17.0351 41.9776 2.25
    endloop
  endfacet
  facet normal -0.779005 0.627017 0
    outer loop
      vertex 17.0351 41.9776 13.5
      vertex 16.4596 41.2626 2.25
      vertex 16.4596 41.2626 13.5
    endloop
  endfacet
  facet normal -0.831537 0.555469 0
    outer loop
      vertex 16.2429 40.9382 2.25
      vertex 16.4596 41.2626 13.5
      vertex 16.4596 41.2626 2.25
    endloop
  endfacet
  facet normal -0.831537 0.555469 0
    outer loop
      vertex 16.4596 41.2626 13.5
      vertex 16.2429 40.9382 2.25
      vertex 16.2429 40.9382 13.5
    endloop
  endfacet
  facet normal -0.839245 0.543754 0
    outer loop
      vertex 15.9919 40.5508 2.25
      vertex 16.2429 40.9382 13.5
      vertex 16.2429 40.9382 2.25
    endloop
  endfacet
  facet normal -0.839245 0.543754 0
    outer loop
      vertex 16.2429 40.9382 13.5
      vertex 15.9919 40.5508 2.25
      vertex 15.9919 40.5508 13.5
    endloop
  endfacet
  facet normal -0.924801 0.380451 0
    outer loop
      vertex 15.8192 40.131 2.25
      vertex 15.9919 40.5508 13.5
      vertex 15.9919 40.5508 2.25
    endloop
  endfacet
  facet normal -0.924801 0.380451 0
    outer loop
      vertex 15.9919 40.5508 13.5
      vertex 15.8192 40.131 2.25
      vertex 15.8192 40.131 13.5
    endloop
  endfacet
  facet normal -0.974452 0.224597 0
    outer loop
      vertex 15.7194 39.698 2.25
      vertex 15.8192 40.131 13.5
      vertex 15.8192 40.131 2.25
    endloop
  endfacet
  facet normal -0.974452 0.224597 0
    outer loop
      vertex 15.8192 40.131 13.5
      vertex 15.7194 39.698 2.25
      vertex 15.7194 39.698 13.5
    endloop
  endfacet
  facet normal -0.980748 0.195278 0
    outer loop
      vertex 15.6432 39.3153 2.25
      vertex 15.7194 39.698 13.5
      vertex 15.7194 39.698 2.25
    endloop
  endfacet
  facet normal -0.980748 0.195278 0
    outer loop
      vertex 15.7194 39.698 13.5
      vertex 15.6432 39.3153 2.25
      vertex 15.6432 39.3153 13.5
    endloop
  endfacet
  facet normal -0.997178 0.075069 0
    outer loop
      vertex 15.6111 38.8889 2.25
      vertex 15.6432 39.3153 13.5
      vertex 15.6432 39.3153 2.25
    endloop
  endfacet
  facet normal -0.997178 0.075069 0
    outer loop
      vertex 15.6432 39.3153 13.5
      vertex 15.6111 38.8889 2.25
      vertex 15.6111 38.8889 13.5
    endloop
  endfacet
  facet normal -0.988978 -0.14806 0
    outer loop
      vertex 15.73 38.0947 2.25
      vertex 15.6111 38.8889 13.5
      vertex 15.6111 38.8889 2.25
    endloop
  endfacet
  facet normal -0.988978 -0.14806 0
    outer loop
      vertex 15.6111 38.8889 13.5
      vertex 15.73 38.0947 2.25
      vertex 15.73 38.0947 13.5
    endloop
  endfacet
  facet normal -0.980748 -0.195278 0
    outer loop
      vertex 15.8062 37.712 2.25
      vertex 15.73 38.0947 13.5
      vertex 15.73 38.0947 2.25
    endloop
  endfacet
  facet normal -0.980748 -0.195278 0
    outer loop
      vertex 15.73 38.0947 13.5
      vertex 15.8062 37.712 2.25
      vertex 15.8062 37.712 13.5
    endloop
  endfacet
  facet normal -0.894239 -0.447591 0
    outer loop
      vertex 16.1386 37.0479 2.25
      vertex 15.8062 37.712 13.5
      vertex 15.8062 37.712 2.25
    endloop
  endfacet
  facet normal -0.894239 -0.447591 0
    outer loop
      vertex 15.8062 37.712 13.5
      vertex 16.1386 37.0479 2.25
      vertex 16.1386 37.0479 13.5
    endloop
  endfacet
  facet normal -0.831419 -0.555646 0
    outer loop
      vertex 16.3554 36.7235 2.25
      vertex 16.1386 37.0479 13.5
      vertex 16.1386 37.0479 2.25
    endloop
  endfacet
  facet normal -0.831419 -0.555646 0
    outer loop
      vertex 16.1386 37.0479 13.5
      vertex 16.3554 36.7235 2.25
      vertex 16.3554 36.7235 13.5
    endloop
  endfacet
  facet normal -0.666739 -0.745291 0
    outer loop
      vertex 16.3554 36.7235 2.25
      vertex 16.8649 36.2677 13.5
      vertex 16.3554 36.7235 13.5
    endloop
  endfacet
  facet normal -0.666739 -0.745291 -0
    outer loop
      vertex 16.8649 36.2677 13.5
      vertex 16.3554 36.7235 2.25
      vertex 16.8649 36.2677 2.25
    endloop
  endfacet
  facet normal -0.555646 -0.831419 0
    outer loop
      vertex 16.8649 36.2677 2.25
      vertex 17.1893 36.0509 13.5
      vertex 16.8649 36.2677 13.5
    endloop
  endfacet
  facet normal -0.555646 -0.831419 -0
    outer loop
      vertex 17.1893 36.0509 13.5
      vertex 16.8649 36.2677 2.25
      vertex 17.1893 36.0509 2.25
    endloop
  endfacet
  facet normal -0.251907 -0.967751 0
    outer loop
      vertex 17.1893 36.0509 2.25
      vertex 17.8397 35.8816 13.5
      vertex 17.1893 36.0509 13.5
    endloop
  endfacet
  facet normal -0.251907 -0.967751 -0
    outer loop
      vertex 17.8397 35.8816 13.5
      vertex 17.1893 36.0509 2.25
      vertex 17.8397 35.8816 2.25
    endloop
  endfacet
  facet normal -0.195032 -0.980797 0
    outer loop
      vertex 17.8397 35.8816 2.25
      vertex 18.2224 35.8055 13.5
      vertex 17.8397 35.8816 13.5
    endloop
  endfacet
  facet normal -0.195032 -0.980797 -0
    outer loop
      vertex 18.2224 35.8055 13.5
      vertex 17.8397 35.8816 2.25
      vertex 18.2224 35.8055 2.25
    endloop
  endfacet
  facet normal 0.16594 -0.986136 0
    outer loop
      vertex 18.2224 35.8055 2.25
      vertex 18.6996 35.8858 13.5
      vertex 18.2224 35.8055 13.5
    endloop
  endfacet
  facet normal 0.16594 -0.986136 0
    outer loop
      vertex 18.6996 35.8858 13.5
      vertex 18.2224 35.8055 2.25
      vertex 18.6996 35.8858 2.25
    endloop
  endfacet
  facet normal 0.195278 -0.980748 0
    outer loop
      vertex 18.6996 35.8858 2.25
      vertex 19.0823 35.962 13.5
      vertex 18.6996 35.8858 13.5
    endloop
  endfacet
  facet normal 0.195278 -0.980748 0
    outer loop
      vertex 19.0823 35.962 13.5
      vertex 18.6996 35.8858 2.25
      vertex 19.0823 35.962 2.25
    endloop
  endfacet
  facet normal 0.440565 -0.897721 0
    outer loop
      vertex 19.0823 35.962 2.25
      vertex 19.5909 36.2116 13.5
      vertex 19.0823 35.962 13.5
    endloop
  endfacet
  facet normal 0.440565 -0.897721 0
    outer loop
      vertex 19.5909 36.2116 13.5
      vertex 19.0823 35.962 2.25
      vertex 19.5909 36.2116 2.25
    endloop
  endfacet
  facet normal 0.555528 -0.831498 0
    outer loop
      vertex 19.5909 36.2116 2.25
      vertex 19.9154 36.4284 13.5
      vertex 19.5909 36.2116 13.5
    endloop
  endfacet
  facet normal 0.555528 -0.831498 0
    outer loop
      vertex 19.9154 36.4284 13.5
      vertex 19.5909 36.2116 2.25
      vertex 19.9154 36.4284 2.25
    endloop
  endfacet
  facet normal 0.632145 -0.77485 0
    outer loop
      vertex 19.9154 36.4284 2.25
      vertex 20.4448 36.8603 13.5
      vertex 19.9154 36.4284 13.5
    endloop
  endfacet
  facet normal 0.632145 -0.77485 0
    outer loop
      vertex 20.4448 36.8603 13.5
      vertex 19.9154 36.4284 2.25
      vertex 20.4448 36.8603 2.25
    endloop
  endfacet
  facet normal 0.757779 -0.652512 0
    outer loop
      vertex 20.4448 36.8603 13.5
      vertex 20.9847 37.4873 2.25
      vertex 20.9847 37.4873 13.5
    endloop
  endfacet
  facet normal 0.757779 -0.652512 0
    outer loop
      vertex 20.9847 37.4873 2.25
      vertex 20.4448 36.8603 13.5
      vertex 20.4448 36.8603 2.25
    endloop
  endfacet
  facet normal 0.780849 -0.62472 0
    outer loop
      vertex 20.9847 37.4873 13.5
      vertex 22.5048 39.3873 2.25
      vertex 22.5048 39.3873 13.5
    endloop
  endfacet
  facet normal 0.780849 -0.62472 0
    outer loop
      vertex 22.5048 39.3873 2.25
      vertex 20.9847 37.4873 13.5
      vertex 20.9847 37.4873 2.25
    endloop
  endfacet
  facet normal 0.831498 -0.555528 0
    outer loop
      vertex 22.5048 39.3873 13.5
      vertex 22.7216 39.7118 2.25
      vertex 22.7216 39.7118 13.5
    endloop
  endfacet
  facet normal 0.831498 -0.555528 0
    outer loop
      vertex 22.7216 39.7118 2.25
      vertex 22.5048 39.3873 13.5
      vertex 22.5048 39.3873 2.25
    endloop
  endfacet
  facet normal 0.875797 -0.48268 0
    outer loop
      vertex 22.7216 39.7118 13.5
      vertex 23.7364 41.5531 2.25
      vertex 23.7364 41.5531 13.5
    endloop
  endfacet
  facet normal 0.875797 -0.48268 0
    outer loop
      vertex 23.7364 41.5531 2.25
      vertex 22.7216 39.7118 13.5
      vertex 22.7216 39.7118 2.25
    endloop
  endfacet
  facet normal 0.952665 -0.30402 0
    outer loop
      vertex 23.7364 41.5531 13.5
      vertex 24.3032 43.3292 2.25
      vertex 24.3032 43.3292 13.5
    endloop
  endfacet
  facet normal 0.952665 -0.30402 0
    outer loop
      vertex 24.3032 43.3292 2.25
      vertex 23.7364 41.5531 13.5
      vertex 23.7364 41.5531 2.25
    endloop
  endfacet
  facet normal 0.980797 -0.195032 0
    outer loop
      vertex 24.3032 43.3292 13.5
      vertex 24.3793 43.7119 2.25
      vertex 24.3793 43.7119 13.5
    endloop
  endfacet
  facet normal 0.980797 -0.195032 0
    outer loop
      vertex 24.3793 43.7119 2.25
      vertex 24.3032 43.3292 13.5
      vertex 24.3032 43.3292 2.25
    endloop
  endfacet
  facet normal 0.9947 -0.10282 0
    outer loop
      vertex 24.3793 43.7119 13.5
      vertex 24.5555 45.4165 2.25
      vertex 24.5555 45.4165 13.5
    endloop
  endfacet
  facet normal 0.9947 -0.10282 0
    outer loop
      vertex 24.5555 45.4165 2.25
      vertex 24.3793 43.7119 13.5
      vertex 24.3793 43.7119 2.25
    endloop
  endfacet
  facet normal 0.980797 0.195032 0
    outer loop
      vertex 24.5555 45.4165 13.5
      vertex 24.4794 45.7992 2.25
      vertex 24.4794 45.7992 13.5
    endloop
  endfacet
  facet normal 0.980797 0.195032 0
    outer loop
      vertex 24.4794 45.7992 2.25
      vertex 24.5555 45.4165 13.5
      vertex 24.5555 45.4165 2.25
    endloop
  endfacet
  facet normal 0.979919 0.199395 0
    outer loop
      vertex 24.4794 45.7992 13.5
      vertex 23.7885 49.1946 2.25
      vertex 23.7885 49.1946 13.5
    endloop
  endfacet
  facet normal 0.979919 0.199395 0
    outer loop
      vertex 23.7885 49.1946 2.25
      vertex 24.4794 45.7992 13.5
      vertex 24.4794 45.7992 2.25
    endloop
  endfacet
  facet normal 0.859854 0.510539 0
    outer loop
      vertex 23.7885 49.1946 13.5
      vertex 22.2017 51.8671 2.25
      vertex 22.2017 51.8671 13.5
    endloop
  endfacet
  facet normal 0.859854 0.510539 0
    outer loop
      vertex 22.2017 51.8671 2.25
      vertex 23.7885 49.1946 13.5
      vertex 23.7885 49.1946 2.25
    endloop
  endfacet
  facet normal 0.831498 0.555528 0
    outer loop
      vertex 22.2017 51.8671 13.5
      vertex 21.9849 52.1916 2.25
      vertex 21.9849 52.1916 13.5
    endloop
  endfacet
  facet normal 0.831498 0.555528 0
    outer loop
      vertex 21.9849 52.1916 2.25
      vertex 22.2017 51.8671 13.5
      vertex 22.2017 51.8671 2.25
    endloop
  endfacet
  facet normal 0.711224 0.702966 0
    outer loop
      vertex 21.9849 52.1916 13.5
      vertex 20.2314 53.9657 2.25
      vertex 20.2314 53.9657 13.5
    endloop
  endfacet
  facet normal 0.711224 0.702966 0
    outer loop
      vertex 20.2314 53.9657 2.25
      vertex 21.9849 52.1916 13.5
      vertex 21.9849 52.1916 2.25
    endloop
  endfacet
  facet normal 0.555646 0.831419 -0
    outer loop
      vertex 20.2314 53.9657 2.25
      vertex 19.907 54.1825 13.5
      vertex 20.2314 53.9657 13.5
    endloop
  endfacet
  facet normal 0.555646 0.831419 0
    outer loop
      vertex 19.907 54.1825 13.5
      vertex 20.2314 53.9657 2.25
      vertex 19.907 54.1825 2.25
    endloop
  endfacet
  facet normal 0.506565 0.862202 -0
    outer loop
      vertex 19.907 54.1825 2.25
      vertex 18.7159 54.8823 13.5
      vertex 19.907 54.1825 13.5
    endloop
  endfacet
  facet normal 0.506565 0.862202 0
    outer loop
      vertex 18.7159 54.8823 13.5
      vertex 19.907 54.1825 2.25
      vertex 18.7159 54.8823 2.25
    endloop
  endfacet
  facet normal 0.263942 0.964538 -0
    outer loop
      vertex 18.7159 54.8823 2.25
      vertex 17.7168 55.1557 13.5
      vertex 18.7159 54.8823 13.5
    endloop
  endfacet
  facet normal 0.263942 0.964538 0
    outer loop
      vertex 17.7168 55.1557 13.5
      vertex 18.7159 54.8823 2.25
      vertex 17.7168 55.1557 2.25
    endloop
  endfacet
  facet normal 0.195032 0.980797 -0
    outer loop
      vertex 17.7168 55.1557 2.25
      vertex 17.3341 55.2318 13.5
      vertex 17.7168 55.1557 13.5
    endloop
  endfacet
  facet normal 0.195032 0.980797 0
    outer loop
      vertex 17.3341 55.2318 13.5
      vertex 17.7168 55.1557 2.25
      vertex 17.3341 55.2318 2.25
    endloop
  endfacet
  facet normal 0.192925 0.981213 -0
    outer loop
      vertex 17.3341 55.2318 2.25
      vertex 16.3403 55.4272 13.5
      vertex 17.3341 55.2318 13.5
    endloop
  endfacet
  facet normal 0.192925 0.981213 0
    outer loop
      vertex 16.3403 55.4272 13.5
      vertex 17.3341 55.2318 2.25
      vertex 16.3403 55.4272 2.25
    endloop
  endfacet
  facet normal 0.118329 0.992974 -0
    outer loop
      vertex 16.3403 55.4272 2.25
      vertex 15.3568 55.5444 13.5
      vertex 16.3403 55.4272 13.5
    endloop
  endfacet
  facet normal 0.118329 0.992974 0
    outer loop
      vertex 15.3568 55.5444 13.5
      vertex 16.3403 55.4272 2.25
      vertex 15.3568 55.5444 2.25
    endloop
  endfacet
  facet normal 0.0402566 0.999189 -0
    outer loop
      vertex 15.3568 55.5444 2.25
      vertex 14.3888 55.5834 13.5
      vertex 15.3568 55.5444 13.5
    endloop
  endfacet
  facet normal 0.0402566 0.999189 0
    outer loop
      vertex 14.3888 55.5834 13.5
      vertex 15.3568 55.5444 2.25
      vertex 14.3888 55.5834 2.25
    endloop
  endfacet
  facet normal -0.195032 0.980797 0
    outer loop
      vertex 14.3888 55.5834 2.25
      vertex 14.0061 55.5073 13.5
      vertex 14.3888 55.5834 13.5
    endloop
  endfacet
  facet normal -0.195032 0.980797 0
    outer loop
      vertex 14.0061 55.5073 13.5
      vertex 14.3888 55.5834 2.25
      vertex 14.0061 55.5073 2.25
    endloop
  endfacet
  facet normal -0.283781 0.958889 0
    outer loop
      vertex 14.0061 55.5073 2.25
      vertex 7.51307 53.5857 13.5
      vertex 14.0061 55.5073 13.5
    endloop
  endfacet
  facet normal -0.283781 0.958889 0
    outer loop
      vertex 7.51307 53.5857 13.5
      vertex 14.0061 55.5073 2.25
      vertex 7.51307 53.5857 2.25
    endloop
  endfacet
  facet normal -0.555622 0.831435 0
    outer loop
      vertex 7.51307 53.5857 2.25
      vertex 7.18865 53.3689 13.5
      vertex 7.51307 53.5857 13.5
    endloop
  endfacet
  facet normal -0.555622 0.831435 0
    outer loop
      vertex 7.18865 53.3689 13.5
      vertex 7.51307 53.5857 2.25
      vertex 7.18865 53.3689 2.25
    endloop
  endfacet
  facet normal -0.702726 0.71146 0
    outer loop
      vertex 7.18865 53.3689 2.25
      vertex 2.11223 48.3548 13.5
      vertex 7.18865 53.3689 13.5
    endloop
  endfacet
  facet normal -0.702726 0.71146 0
    outer loop
      vertex 2.11223 48.3548 13.5
      vertex 7.18865 53.3689 2.25
      vertex 2.11223 48.3548 2.25
    endloop
  endfacet
  facet normal -0.831454 0.555593 0
    outer loop
      vertex 1.89546 48.0304 2.25
      vertex 2.11223 48.3548 13.5
      vertex 2.11223 48.3548 2.25
    endloop
  endfacet
  facet normal -0.831454 0.555593 0
    outer loop
      vertex 2.11223 48.3548 13.5
      vertex 1.89546 48.0304 2.25
      vertex 1.89546 48.0304 13.5
    endloop
  endfacet
  facet normal -0.903781 0.427994 0
    outer loop
      vertex -1.41008 41.0502 2.25
      vertex 1.89546 48.0304 13.5
      vertex 1.89546 48.0304 2.25
    endloop
  endfacet
  facet normal -0.903781 0.427994 0
    outer loop
      vertex 1.89546 48.0304 13.5
      vertex -1.41008 41.0502 2.25
      vertex -1.41008 41.0502 13.5
    endloop
  endfacet
  facet normal -0.980782 0.195106 0
    outer loop
      vertex -1.48621 40.6675 2.25
      vertex -1.41008 41.0502 13.5
      vertex -1.41008 41.0502 2.25
    endloop
  endfacet
  facet normal -0.980782 0.195106 0
    outer loop
      vertex -1.41008 41.0502 13.5
      vertex -1.48621 40.6675 2.25
      vertex -1.48621 40.6675 13.5
    endloop
  endfacet
  facet normal -0.988796 0.149271 0
    outer loop
      vertex -2.66675 32.8474 2.25
      vertex -1.48621 40.6675 13.5
      vertex -1.48621 40.6675 2.25
    endloop
  endfacet
  facet normal -0.988796 0.149271 0
    outer loop
      vertex -1.48621 40.6675 13.5
      vertex -2.66675 32.8474 2.25
      vertex -2.66675 32.8474 13.5
    endloop
  endfacet
  facet normal -0.996287 -0.0860953 0
    outer loop
      vertex -2.31342 28.7587 2.25
      vertex -2.66675 32.8474 13.5
      vertex -2.66675 32.8474 2.25
    endloop
  endfacet
  facet normal -0.996287 -0.0860953 0
    outer loop
      vertex -2.66675 32.8474 13.5
      vertex -2.31342 28.7587 2.25
      vertex -2.31342 28.7587 13.5
    endloop
  endfacet
  facet normal -0.980782 -0.195106 0
    outer loop
      vertex -2.23729 28.376 2.25
      vertex -2.31342 28.7587 13.5
      vertex -2.31342 28.7587 2.25
    endloop
  endfacet
  facet normal -0.980782 -0.195106 0
    outer loop
      vertex -2.31342 28.7587 13.5
      vertex -2.23729 28.376 2.25
      vertex -2.23729 28.376 13.5
    endloop
  endfacet
  facet normal -0.961234 -0.275735 0
    outer loop
      vertex -1.13915 24.5478 2.25
      vertex -2.23729 28.376 13.5
      vertex -2.23729 28.376 2.25
    endloop
  endfacet
  facet normal -0.961234 -0.275735 0
    outer loop
      vertex -2.23729 28.376 13.5
      vertex -1.13915 24.5478 2.25
      vertex -1.13915 24.5478 13.5
    endloop
  endfacet
  facet normal -0.873621 -0.486607 0
    outer loop
      vertex 0.760998 21.1364 2.25
      vertex -1.13915 24.5478 13.5
      vertex -1.13915 24.5478 2.25
    endloop
  endfacet
  facet normal -0.873621 -0.486607 0
    outer loop
      vertex -1.13915 24.5478 13.5
      vertex 0.760998 21.1364 2.25
      vertex 0.760998 21.1364 13.5
    endloop
  endfacet
  facet normal -0.831451 -0.555598 0
    outer loop
      vertex 0.977771 20.812 2.25
      vertex 0.760998 21.1364 13.5
      vertex 0.760998 21.1364 2.25
    endloop
  endfacet
  facet normal -0.831451 -0.555598 0
    outer loop
      vertex 0.760998 21.1364 13.5
      vertex 0.977771 20.812 2.25
      vertex 0.977771 20.812 13.5
    endloop
  endfacet
  facet normal -0.71702 -0.697053 0
    outer loop
      vertex 3.19107 18.5353 2.25
      vertex 0.977771 20.812 13.5
      vertex 0.977771 20.812 2.25
    endloop
  endfacet
  facet normal -0.71702 -0.697053 0
    outer loop
      vertex 0.977771 20.812 13.5
      vertex 3.19107 18.5353 2.25
      vertex 3.19107 18.5353 13.5
    endloop
  endfacet
  facet normal -0.848362 0.529416 0
    outer loop
      vertex 1.6855 16.1227 2.25
      vertex 3.19107 18.5353 13.5
      vertex 3.19107 18.5353 2.25
    endloop
  endfacet
  facet normal -0.848362 0.529416 0
    outer loop
      vertex 3.19107 18.5353 13.5
      vertex 1.6855 16.1227 2.25
      vertex 1.6855 16.1227 13.5
    endloop
  endfacet
  facet normal -0.915175 0.403057 0
    outer loop
      vertex 0.464977 13.3514 2.25
      vertex 1.6855 16.1227 13.5
      vertex 1.6855 16.1227 2.25
    endloop
  endfacet
  facet normal -0.915175 0.403057 0
    outer loop
      vertex 1.6855 16.1227 13.5
      vertex 0.464977 13.3514 2.25
      vertex 0.464977 13.3514 13.5
    endloop
  endfacet
  facet normal -0.967305 0.253616 0
    outer loop
      vertex -0.213855 10.7623 2.25
      vertex 0.464977 13.3514 13.5
      vertex 0.464977 13.3514 2.25
    endloop
  endfacet
  facet normal -0.967305 0.253616 0
    outer loop
      vertex 0.464977 13.3514 13.5
      vertex -0.213855 10.7623 2.25
      vertex -0.213855 10.7623 13.5
    endloop
  endfacet
  facet normal -0.980786 0.195088 0
    outer loop
      vertex -0.289978 10.3796 2.25
      vertex -0.213855 10.7623 13.5
      vertex -0.213855 10.7623 2.25
    endloop
  endfacet
  facet normal -0.980786 0.195088 0
    outer loop
      vertex -0.213855 10.7623 13.5
      vertex -0.289978 10.3796 2.25
      vertex -0.289978 10.3796 13.5
    endloop
  endfacet
  facet normal -0.996173 0.087407 0
    outer loop
      vertex -0.5 7.98599 2.25
      vertex -0.289978 10.3796 13.5
      vertex -0.289978 10.3796 2.25
    endloop
  endfacet
  facet normal -0.996173 0.087407 0
    outer loop
      vertex -0.289978 10.3796 13.5
      vertex -0.5 7.98599 2.25
      vertex -0.5 7.98599 13.5
    endloop
  endfacet
  facet normal -0.985419 -0.170144 0
    outer loop
      vertex 0.273376 3.50685 2.25
      vertex -0.5 7.98599 13.5
      vertex -0.5 7.98599 2.25
    endloop
  endfacet
  facet normal -0.985419 -0.170144 0
    outer loop
      vertex -0.5 7.98599 13.5
      vertex 0.273376 3.50685 2.25
      vertex 0.273376 3.50685 13.5
    endloop
  endfacet
  facet normal -0.980784 -0.195098 0
    outer loop
      vertex 0.349499 3.12417 2.25
      vertex 0.273376 3.50685 13.5
      vertex 0.273376 3.50685 2.25
    endloop
  endfacet
  facet normal -0.980784 -0.195098 0
    outer loop
      vertex 0.273376 3.50685 13.5
      vertex 0.349499 3.12417 2.25
      vertex 0.349499 3.12417 13.5
    endloop
  endfacet
  facet normal -0.889867 -0.456219 0
    outer loop
      vertex 2.13856 -0.365438 2.25
      vertex 0.349499 3.12417 13.5
      vertex 0.349499 3.12417 2.25
    endloop
  endfacet
  facet normal -0.889867 -0.456219 0
    outer loop
      vertex 0.349499 3.12417 13.5
      vertex 2.13856 -0.365438 2.25
      vertex 2.13856 -0.365438 13.5
    endloop
  endfacet
  facet normal -0.831473 -0.555566 0
    outer loop
      vertex 2.35533 -0.689861 2.25
      vertex 2.13856 -0.365438 13.5
      vertex 2.13856 -0.365438 2.25
    endloop
  endfacet
  facet normal -0.831473 -0.555566 0
    outer loop
      vertex 2.13856 -0.365438 13.5
      vertex 2.35533 -0.689861 2.25
      vertex 2.35533 -0.689861 13.5
    endloop
  endfacet
  facet normal -0.769836 -0.638241 0
    outer loop
      vertex 4.36315 -3.11166 2.25
      vertex 2.35533 -0.689861 13.5
      vertex 2.35533 -0.689861 2.25
    endloop
  endfacet
  facet normal -0.769836 -0.638241 0
    outer loop
      vertex 2.35533 -0.689861 13.5
      vertex 4.36315 -3.11166 2.25
      vertex 4.36315 -3.11166 13.5
    endloop
  endfacet
  facet normal -0.665835 -0.746099 0
    outer loop
      vertex 4.36315 -3.11166 2.25
      vertex 5.7929 -4.3876 13.5
      vertex 4.36315 -3.11166 13.5
    endloop
  endfacet
  facet normal -0.665835 -0.746099 -0
    outer loop
      vertex 5.7929 -4.3876 13.5
      vertex 4.36315 -3.11166 2.25
      vertex 5.7929 -4.3876 2.25
    endloop
  endfacet
  facet normal -0.563361 -0.826211 0
    outer loop
      vertex 5.7929 -4.3876 2.25
      vertex 7.82506 -5.77325 13.5
      vertex 5.7929 -4.3876 13.5
    endloop
  endfacet
  facet normal -0.563361 -0.826211 -0
    outer loop
      vertex 7.82506 -5.77325 13.5
      vertex 5.7929 -4.3876 2.25
      vertex 7.82506 -5.77325 2.25
    endloop
  endfacet
  facet normal -0.555569 -0.83147 0
    outer loop
      vertex 7.82506 -5.77325 2.25
      vertex 8.14948 -5.99002 13.5
      vertex 7.82506 -5.77325 13.5
    endloop
  endfacet
  facet normal -0.555569 -0.83147 -0
    outer loop
      vertex 8.14948 -5.99002 13.5
      vertex 7.82506 -5.77325 2.25
      vertex 8.14948 -5.99002 2.25
    endloop
  endfacet
  facet normal -0.425991 -0.904727 0
    outer loop
      vertex 8.14948 -5.99002 2.25
      vertex 10.166 -6.9395 13.5
      vertex 8.14948 -5.99002 13.5
    endloop
  endfacet
  facet normal -0.425991 -0.904727 -0
    outer loop
      vertex 10.166 -6.9395 13.5
      vertex 8.14948 -5.99002 2.25
      vertex 10.166 -6.9395 2.25
    endloop
  endfacet
  facet normal -0.262477 -0.964938 0
    outer loop
      vertex 10.166 -6.9395 2.25
      vertex 12.172 -7.48516 13.5
      vertex 10.166 -6.9395 13.5
    endloop
  endfacet
  facet normal -0.262477 -0.964938 -0
    outer loop
      vertex 12.172 -7.48516 13.5
      vertex 10.166 -6.9395 2.25
      vertex 12.172 -7.48516 2.25
    endloop
  endfacet
  facet normal -0.195081 -0.980787 0
    outer loop
      vertex 12.172 -7.48516 2.25
      vertex 12.5547 -7.56128 13.5
      vertex 12.172 -7.48516 13.5
    endloop
  endfacet
  facet normal -0.195081 -0.980787 -0
    outer loop
      vertex 12.5547 -7.56128 13.5
      vertex 12.172 -7.48516 2.25
      vertex 12.5547 -7.56128 2.25
    endloop
  endfacet
  facet normal -0.0869891 -0.996209 0
    outer loop
      vertex 12.5547 -7.56128 2.25
      vertex 14.5555 -7.73599 13.5
      vertex 12.5547 -7.56128 13.5
    endloop
  endfacet
  facet normal -0.0869891 -0.996209 -0
    outer loop
      vertex 14.5555 -7.73599 13.5
      vertex 12.5547 -7.56128 2.25
      vertex 14.5555 -7.73599 2.25
    endloop
  endfacet
  facet normal 0.195081 -0.980787 0
    outer loop
      vertex 14.5555 -7.73599 2.25
      vertex 14.9382 -7.65987 13.5
      vertex 14.5555 -7.73599 13.5
    endloop
  endfacet
  facet normal 0.195081 -0.980787 0
    outer loop
      vertex 14.9382 -7.65987 13.5
      vertex 14.5555 -7.73599 2.25
      vertex 14.9382 -7.65987 2.25
    endloop
  endfacet
  facet normal 0.33398 -0.94258 0
    outer loop
      vertex 14.9382 -7.65987 2.25
      vertex 22.7994 -4.87445 13.5
      vertex 14.9382 -7.65987 13.5
    endloop
  endfacet
  facet normal 0.33398 -0.94258 0
    outer loop
      vertex 22.7994 -4.87445 13.5
      vertex 14.9382 -7.65987 2.25
      vertex 22.7994 -4.87445 2.25
    endloop
  endfacet
  facet normal 0.555593 -0.831454 0
    outer loop
      vertex 22.7994 -4.87445 2.25
      vertex 23.1238 -4.65768 13.5
      vertex 22.7994 -4.87445 13.5
    endloop
  endfacet
  facet normal 0.555593 -0.831454 0
    outer loop
      vertex 23.1238 -4.65768 13.5
      vertex 22.7994 -4.87445 2.25
      vertex 23.1238 -4.65768 2.25
    endloop
  endfacet
  facet normal 0.736864 -0.676041 0
    outer loop
      vertex 23.1238 -4.65768 13.5
      vertex 29.7349 2.54821 2.25
      vertex 29.7349 2.54821 13.5
    endloop
  endfacet
  facet normal 0.736864 -0.676041 0
    outer loop
      vertex 29.7349 2.54821 2.25
      vertex 23.1238 -4.65768 13.5
      vertex 23.1238 -4.65768 2.25
    endloop
  endfacet
  facet normal 0.831435 -0.555622 0
    outer loop
      vertex 29.7349 2.54821 13.5
      vertex 29.9517 2.87263 2.25
      vertex 29.9517 2.87263 13.5
    endloop
  endfacet
  facet normal 0.831435 -0.555622 0
    outer loop
      vertex 29.9517 2.87263 2.25
      vertex 29.7349 2.54821 13.5
      vertex 29.7349 2.54821 2.25
    endloop
  endfacet
  facet normal 0.905062 -0.42528 0
    outer loop
      vertex 29.9517 2.87263 13.5
      vertex 30.9264 4.94694 2.25
      vertex 30.9264 4.94694 13.5
    endloop
  endfacet
  facet normal 0.905062 -0.42528 0
    outer loop
      vertex 30.9264 4.94694 2.25
      vertex 29.9517 2.87263 13.5
      vertex 29.9517 2.87263 2.25
    endloop
  endfacet
  facet normal -0.988083 -0.153922 0
    outer loop
      vertex 31.0101 4.40964 2.25
      vertex 30.9264 4.94694 13.5
      vertex 30.9264 4.94694 2.25
    endloop
  endfacet
  facet normal -0.988083 -0.153922 0
    outer loop
      vertex 30.9264 4.94694 13.5
      vertex 31.0101 4.40964 2.25
      vertex 31.0101 4.40964 13.5
    endloop
  endfacet
  facet normal -0.980746 -0.195288 0
    outer loop
      vertex 31.0863 4.02696 2.25
      vertex 31.0101 4.40964 13.5
      vertex 31.0101 4.40964 2.25
    endloop
  endfacet
  facet normal -0.980746 -0.195288 0
    outer loop
      vertex 31.0101 4.40964 13.5
      vertex 31.0863 4.02696 2.25
      vertex 31.0863 4.02696 13.5
    endloop
  endfacet
  facet normal -0.949168 -0.31477 0
    outer loop
      vertex 32.7077 -0.862265 2.25
      vertex 31.0863 4.02696 13.5
      vertex 31.0863 4.02696 2.25
    endloop
  endfacet
  facet normal -0.949168 -0.31477 0
    outer loop
      vertex 31.0863 4.02696 13.5
      vertex 32.7077 -0.862265 2.25
      vertex 32.7077 -0.862265 13.5
    endloop
  endfacet
  facet normal -0.840206 -0.542267 0
    outer loop
      vertex 35.2666 -4.82711 2.25
      vertex 32.7077 -0.862265 13.5
      vertex 32.7077 -0.862265 2.25
    endloop
  endfacet
  facet normal -0.840206 -0.542267 0
    outer loop
      vertex 32.7077 -0.862265 13.5
      vertex 35.2666 -4.82711 2.25
      vertex 35.2666 -4.82711 13.5
    endloop
  endfacet
  facet normal -0.831553 -0.555445 0
    outer loop
      vertex 35.4833 -5.15153 2.25
      vertex 35.2666 -4.82711 13.5
      vertex 35.2666 -4.82711 2.25
    endloop
  endfacet
  facet normal -0.831553 -0.555445 0
    outer loop
      vertex 35.2666 -4.82711 13.5
      vertex 35.4833 -5.15153 2.25
      vertex 35.4833 -5.15153 13.5
    endloop
  endfacet
  facet normal -0.612207 -0.790697 0
    outer loop
      vertex 35.4833 -5.15153 2.25
      vertex 36.0902 -5.62143 13.5
      vertex 35.4833 -5.15153 13.5
    endloop
  endfacet
  facet normal -0.612207 -0.790697 -0
    outer loop
      vertex 36.0902 -5.62143 13.5
      vertex 35.4833 -5.15153 2.25
      vertex 36.0902 -5.62143 2.25
    endloop
  endfacet
  facet normal -0.555593 -0.831454 0
    outer loop
      vertex 36.0902 -5.62143 2.25
      vertex 36.4146 -5.8382 13.5
      vertex 36.0902 -5.62143 13.5
    endloop
  endfacet
  facet normal -0.555593 -0.831454 -0
    outer loop
      vertex 36.4146 -5.8382 13.5
      vertex 36.0902 -5.62143 2.25
      vertex 36.4146 -5.8382 2.25
    endloop
  endfacet
  facet normal -0.405715 -0.914 0
    outer loop
      vertex 36.4146 -5.8382 2.25
      vertex 37.3704 -6.26247 13.5
      vertex 36.4146 -5.8382 13.5
    endloop
  endfacet
  facet normal -0.405715 -0.914 -0
    outer loop
      vertex 37.3704 -6.26247 13.5
      vertex 36.4146 -5.8382 2.25
      vertex 37.3704 -6.26247 2.25
    endloop
  endfacet
  facet normal -0.237175 -0.971467 0
    outer loop
      vertex 37.3704 -6.26247 2.25
      vertex 38.6282 -6.56955 13.5
      vertex 37.3704 -6.26247 13.5
    endloop
  endfacet
  facet normal -0.237175 -0.971467 -0
    outer loop
      vertex 38.6282 -6.56955 13.5
      vertex 37.3704 -6.26247 2.25
      vertex 38.6282 -6.56955 2.25
    endloop
  endfacet
  facet normal -0.195106 -0.980782 0
    outer loop
      vertex 38.6282 -6.56955 2.25
      vertex 39.0109 -6.64568 13.5
      vertex 38.6282 -6.56955 13.5
    endloop
  endfacet
  facet normal -0.195106 -0.980782 -0
    outer loop
      vertex 39.0109 -6.64568 13.5
      vertex 38.6282 -6.56955 2.25
      vertex 39.0109 -6.64568 2.25
    endloop
  endfacet
  facet normal -0.0779132 -0.99696 0
    outer loop
      vertex 39.0109 -6.64568 2.25
      vertex 40.524 -6.76393 13.5
      vertex 39.0109 -6.64568 13.5
    endloop
  endfacet
  facet normal -0.0779132 -0.99696 -0
    outer loop
      vertex 40.524 -6.76393 13.5
      vertex 39.0109 -6.64568 2.25
      vertex 40.524 -6.76393 2.25
    endloop
  endfacet
  facet normal 0.195081 -0.980787 0
    outer loop
      vertex 40.524 -6.76393 2.25
      vertex 40.9067 -6.68781 13.5
      vertex 40.524 -6.76393 13.5
    endloop
  endfacet
  facet normal 0.195081 -0.980787 0
    outer loop
      vertex 40.9067 -6.68781 13.5
      vertex 40.524 -6.76393 2.25
      vertex 40.9067 -6.68781 2.25
    endloop
  endfacet
  facet normal 0.240957 -0.970536 0
    outer loop
      vertex 40.9067 -6.68781 2.25
      vertex 45.5829 -5.52684 13.5
      vertex 40.9067 -6.68781 13.5
    endloop
  endfacet
  facet normal 0.240957 -0.970536 0
    outer loop
      vertex 45.5829 -5.52684 13.5
      vertex 40.9067 -6.68781 2.25
      vertex 45.5829 -5.52684 2.25
    endloop
  endfacet
  facet normal 0.555475 -0.831533 0
    outer loop
      vertex 45.5829 -5.52684 2.25
      vertex 45.9074 -5.31007 13.5
      vertex 45.5829 -5.52684 13.5
    endloop
  endfacet
  facet normal 0.555475 -0.831533 0
    outer loop
      vertex 45.9074 -5.31007 13.5
      vertex 45.5829 -5.52684 2.25
      vertex 45.9074 -5.31007 2.25
    endloop
  endfacet
  facet normal 0.658158 -0.75288 0
    outer loop
      vertex 45.9074 -5.31007 2.25
      vertex 50.9741 -0.880825 13.5
      vertex 45.9074 -5.31007 13.5
    endloop
  endfacet
  facet normal 0.658158 -0.75288 0
    outer loop
      vertex 50.9741 -0.880825 13.5
      vertex 45.9074 -5.31007 2.25
      vertex 50.9741 -0.880825 2.25
    endloop
  endfacet
  facet normal 0.831437 -0.555619 0
    outer loop
      vertex 50.9741 -0.880825 13.5
      vertex 51.1909 -0.556402 2.25
      vertex 51.1909 -0.556402 13.5
    endloop
  endfacet
  facet normal 0.831437 -0.555619 0
    outer loop
      vertex 51.1909 -0.556402 2.25
      vertex 50.9741 -0.880825 13.5
      vertex 50.9741 -0.880825 2.25
    endloop
  endfacet
  facet normal 0.896144 -0.443764 0
    outer loop
      vertex 51.1909 -0.556402 13.5
      vertex 52.6754 2.44142 2.25
      vertex 52.6754 2.44142 13.5
    endloop
  endfacet
  facet normal 0.896144 -0.443764 0
    outer loop
      vertex 52.6754 2.44142 2.25
      vertex 51.1909 -0.556402 13.5
      vertex 51.1909 -0.556402 2.25
    endloop
  endfacet
  facet normal -0.870493 -0.492181 0
    outer loop
      vertex 53.8225 0.412606 2.25
      vertex 52.6754 2.44142 13.5
      vertex 52.6754 2.44142 2.25
    endloop
  endfacet
  facet normal -0.870493 -0.492181 0
    outer loop
      vertex 52.6754 2.44142 13.5
      vertex 53.8225 0.412606 2.25
      vertex 53.8225 0.412606 13.5
    endloop
  endfacet
  facet normal -0.831437 -0.555619 0
    outer loop
      vertex 54.0393 0.0881834 2.25
      vertex 53.8225 0.412606 13.5
      vertex 53.8225 0.412606 2.25
    endloop
  endfacet
  facet normal -0.831437 -0.555619 0
    outer loop
      vertex 53.8225 0.412606 13.5
      vertex 54.0393 0.0881834 2.25
      vertex 54.0393 0.0881834 13.5
    endloop
  endfacet
  facet normal -0.678297 -0.734788 0
    outer loop
      vertex 54.0393 0.0881834 2.25
      vertex 56.7814 -2.4431 13.5
      vertex 54.0393 0.0881834 13.5
    endloop
  endfacet
  facet normal -0.678297 -0.734788 -0
    outer loop
      vertex 56.7814 -2.4431 13.5
      vertex 54.0393 0.0881834 2.25
      vertex 56.7814 -2.4431 2.25
    endloop
  endfacet
  facet normal -0.555593 -0.831454 0
    outer loop
      vertex 56.7814 -2.4431 2.25
      vertex 57.1058 -2.65987 13.5
      vertex 56.7814 -2.4431 13.5
    endloop
  endfacet
  facet normal -0.555593 -0.831454 -0
    outer loop
      vertex 57.1058 -2.65987 13.5
      vertex 56.7814 -2.4431 2.25
      vertex 57.1058 -2.65987 2.25
    endloop
  endfacet
  facet normal -0.451654 -0.892193 0
    outer loop
      vertex 57.1058 -2.65987 2.25
      vertex 57.5088 -2.86388 13.5
      vertex 57.1058 -2.65987 13.5
    endloop
  endfacet
  facet normal -0.451654 -0.892193 -0
    outer loop
      vertex 57.5088 -2.86388 13.5
      vertex 57.1058 -2.65987 2.25
      vertex 57.5088 -2.86388 2.25
    endloop
  endfacet
  facet normal -0.319549 -0.94757 0
    outer loop
      vertex 57.5088 -2.86388 2.25
      vertex 58.0366 -3.04187 13.5
      vertex 57.5088 -2.86388 13.5
    endloop
  endfacet
  facet normal -0.319549 -0.94757 -0
    outer loop
      vertex 58.0366 -3.04187 13.5
      vertex 57.5088 -2.86388 2.25
      vertex 58.0366 -3.04187 2.25
    endloop
  endfacet
  facet normal -0.195131 -0.980777 0
    outer loop
      vertex 58.0366 -3.04187 2.25
      vertex 58.6686 -3.16761 13.5
      vertex 58.0366 -3.04187 13.5
    endloop
  endfacet
  facet normal -0.195131 -0.980777 -0
    outer loop
      vertex 58.6686 -3.16761 13.5
      vertex 58.0366 -3.04187 2.25
      vertex 58.6686 -3.16761 2.25
    endloop
  endfacet
  facet normal -0.195081 -0.980787 0
    outer loop
      vertex 58.6686 -3.16761 2.25
      vertex 59.0513 -3.24373 13.5
      vertex 58.6686 -3.16761 13.5
    endloop
  endfacet
  facet normal -0.195081 -0.980787 -0
    outer loop
      vertex 59.0513 -3.24373 13.5
      vertex 58.6686 -3.16761 2.25
      vertex 59.0513 -3.24373 2.25
    endloop
  endfacet
  facet normal -0.0666301 -0.997778 0
    outer loop
      vertex 59.0513 -3.24373 2.25
      vertex 59.7665 -3.29149 13.5
      vertex 59.0513 -3.24373 13.5
    endloop
  endfacet
  facet normal -0.0666301 -0.997778 -0
    outer loop
      vertex 59.7665 -3.29149 13.5
      vertex 59.0513 -3.24373 2.25
      vertex 59.7665 -3.29149 2.25
    endloop
  endfacet
  facet normal 0.195081 -0.980787 0
    outer loop
      vertex 59.7665 -3.29149 2.25
      vertex 60.1492 -3.21537 13.5
      vertex 59.7665 -3.29149 13.5
    endloop
  endfacet
  facet normal 0.195081 -0.980787 0
    outer loop
      vertex 60.1492 -3.21537 13.5
      vertex 59.7665 -3.29149 2.25
      vertex 60.1492 -3.21537 2.25
    endloop
  endfacet
  facet normal 0.214946 -0.976626 0
    outer loop
      vertex 60.1492 -3.21537 2.25
      vertex 62.7082 -2.65216 13.5
      vertex 60.1492 -3.21537 13.5
    endloop
  endfacet
  facet normal 0.214946 -0.976626 0
    outer loop
      vertex 62.7082 -2.65216 13.5
      vertex 60.1492 -3.21537 2.25
      vertex 62.7082 -2.65216 2.25
    endloop
  endfacet
  facet normal 0.555593 -0.831454 0
    outer loop
      vertex 62.7082 -2.65216 2.25
      vertex 63.0326 -2.43539 13.5
      vertex 62.7082 -2.65216 13.5
    endloop
  endfacet
  facet normal 0.555593 -0.831454 0
    outer loop
      vertex 63.0326 -2.43539 13.5
      vertex 62.7082 -2.65216 2.25
      vertex 63.0326 -2.43539 2.25
    endloop
  endfacet
  facet normal 0.577376 -0.816478 0
    outer loop
      vertex 63.0326 -2.43539 2.25
      vertex 66.0291 -0.316402 13.5
      vertex 63.0326 -2.43539 13.5
    endloop
  endfacet
  facet normal 0.577376 -0.816478 0
    outer loop
      vertex 66.0291 -0.316402 13.5
      vertex 63.0326 -2.43539 2.25
      vertex 66.0291 -0.316402 2.25
    endloop
  endfacet
  facet normal 0.806807 -0.590815 0
    outer loop
      vertex 66.0291 -0.316402 13.5
      vertex 69.1923 4.00321 2.25
      vertex 69.1923 4.00321 13.5
    endloop
  endfacet
  facet normal 0.806807 -0.590815 0
    outer loop
      vertex 69.1923 4.00321 2.25
      vertex 66.0291 -0.316402 13.5
      vertex 66.0291 -0.316402 2.25
    endloop
  endfacet
  facet normal 0.831553 -0.555445 0
    outer loop
      vertex 69.1923 4.00321 13.5
      vertex 69.409 4.32763 2.25
      vertex 69.409 4.32763 13.5
    endloop
  endfacet
  facet normal 0.831553 -0.555445 0
    outer loop
      vertex 69.409 4.32763 2.25
      vertex 69.1923 4.00321 13.5
      vertex 69.1923 4.00321 2.25
    endloop
  endfacet
  facet normal 0.91968 -0.392669 0
    outer loop
      vertex 69.409 4.32763 13.5
      vertex 70.6273 7.18104 2.25
      vertex 70.6273 7.18104 13.5
    endloop
  endfacet
  facet normal 0.91968 -0.392669 0
    outer loop
      vertex 70.6273 7.18104 2.25
      vertex 69.409 4.32763 13.5
      vertex 69.409 4.32763 2.25
    endloop
  endfacet
  facet normal -0.999494 -0.0318144 0
    outer loop
      vertex 70.6578 6.22284 2.25
      vertex 70.6273 7.18104 13.5
      vertex 70.6273 7.18104 2.25
    endloop
  endfacet
  facet normal -0.999494 -0.0318144 0
    outer loop
      vertex 70.6273 7.18104 13.5
      vertex 70.6578 6.22284 2.25
      vertex 70.6578 6.22284 13.5
    endloop
  endfacet
  facet normal -0.992232 -0.124401 0
    outer loop
      vertex 71.204 1.8663 2.25
      vertex 70.6578 6.22284 13.5
      vertex 70.6578 6.22284 2.25
    endloop
  endfacet
  facet normal -0.992232 -0.124401 0
    outer loop
      vertex 70.6578 6.22284 13.5
      vertex 71.204 1.8663 2.25
      vertex 71.204 1.8663 13.5
    endloop
  endfacet
  facet normal -0.980795 -0.195042 0
    outer loop
      vertex 71.2801 1.48362 2.25
      vertex 71.204 1.8663 13.5
      vertex 71.204 1.8663 2.25
    endloop
  endfacet
  facet normal -0.980795 -0.195042 0
    outer loop
      vertex 71.204 1.8663 13.5
      vertex 71.2801 1.48362 2.25
      vertex 71.2801 1.48362 13.5
    endloop
  endfacet
  facet normal -0.959333 -0.282277 0
    outer loop
      vertex 72.5658 -2.88589 2.25
      vertex 71.2801 1.48362 13.5
      vertex 71.2801 1.48362 2.25
    endloop
  endfacet
  facet normal -0.959333 -0.282277 0
    outer loop
      vertex 71.2801 1.48362 13.5
      vertex 72.5658 -2.88589 2.25
      vertex 72.5658 -2.88589 13.5
    endloop
  endfacet
  facet normal -0.839787 -0.542916 0
    outer loop
      vertex 74.8982 -6.49367 2.25
      vertex 72.5658 -2.88589 13.5
      vertex 72.5658 -2.88589 2.25
    endloop
  endfacet
  facet normal -0.839787 -0.542916 0
    outer loop
      vertex 72.5658 -2.88589 13.5
      vertex 74.8982 -6.49367 2.25
      vertex 74.8982 -6.49367 13.5
    endloop
  endfacet
  facet normal -0.831443 -0.555611 0
    outer loop
      vertex 75.115 -6.8181 2.25
      vertex 74.8982 -6.49367 13.5
      vertex 74.8982 -6.49367 2.25
    endloop
  endfacet
  facet normal -0.831443 -0.555611 0
    outer loop
      vertex 74.8982 -6.49367 13.5
      vertex 75.115 -6.8181 2.25
      vertex 75.115 -6.8181 13.5
    endloop
  endfacet
  facet normal -0.555593 -0.831454 0
    outer loop
      vertex 75.115 -6.8181 2.25
      vertex 75.4394 -7.03487 13.5
      vertex 75.115 -6.8181 13.5
    endloop
  endfacet
  facet normal -0.555593 -0.831454 -0
    outer loop
      vertex 75.4394 -7.03487 13.5
      vertex 75.115 -6.8181 2.25
      vertex 75.4394 -7.03487 2.25
    endloop
  endfacet
  facet normal -0.551068 -0.83446 0
    outer loop
      vertex 75.4394 -7.03487 2.25
      vertex 75.8865 -7.33013 13.5
      vertex 75.4394 -7.03487 13.5
    endloop
  endfacet
  facet normal -0.551068 -0.83446 -0
    outer loop
      vertex 75.8865 -7.33013 13.5
      vertex 75.4394 -7.03487 2.25
      vertex 75.8865 -7.33013 2.25
    endloop
  endfacet
  facet normal -0.382251 -0.924058 0
    outer loop
      vertex 75.8865 -7.33013 2.25
      vertex 76.4741 -7.5732 13.5
      vertex 75.8865 -7.33013 13.5
    endloop
  endfacet
  facet normal -0.382251 -0.924058 -0
    outer loop
      vertex 76.4741 -7.5732 13.5
      vertex 75.8865 -7.33013 2.25
      vertex 76.4741 -7.5732 2.25
    endloop
  endfacet
  facet normal -0.222299 -0.974978 0
    outer loop
      vertex 76.4741 -7.5732 2.25
      vertex 77.1972 -7.73807 13.5
      vertex 76.4741 -7.5732 13.5
    endloop
  endfacet
  facet normal -0.222299 -0.974978 -0
    outer loop
      vertex 77.1972 -7.73807 13.5
      vertex 76.4741 -7.5732 2.25
      vertex 77.1972 -7.73807 2.25
    endloop
  endfacet
  facet normal -0.195081 -0.980787 0
    outer loop
      vertex 77.1972 -7.73807 2.25
      vertex 77.5799 -7.81419 13.5
      vertex 77.1972 -7.73807 13.5
    endloop
  endfacet
  facet normal -0.195081 -0.980787 -0
    outer loop
      vertex 77.5799 -7.81419 13.5
      vertex 77.1972 -7.73807 2.25
      vertex 77.5799 -7.81419 2.25
    endloop
  endfacet
  facet normal -0.0710759 -0.997471 0
    outer loop
      vertex 77.5799 -7.81419 2.25
      vertex 78.4333 -7.875 13.5
      vertex 77.5799 -7.81419 13.5
    endloop
  endfacet
  facet normal -0.0710759 -0.997471 -0
    outer loop
      vertex 78.4333 -7.875 13.5
      vertex 77.5799 -7.81419 2.25
      vertex 78.4333 -7.875 2.25
    endloop
  endfacet
  facet normal 0.195081 -0.980787 0
    outer loop
      vertex 78.4333 -7.875 2.25
      vertex 78.816 -7.79888 13.5
      vertex 78.4333 -7.875 13.5
    endloop
  endfacet
  facet normal 0.195081 -0.980787 0
    outer loop
      vertex 78.816 -7.79888 13.5
      vertex 78.4333 -7.875 2.25
      vertex 78.816 -7.79888 2.25
    endloop
  endfacet
  facet normal 0.0359652 -0.999353 0
    outer loop
      vertex 38.6767 44.1401 2.25
      vertex 38.8851 44.1476 13.5
      vertex 38.6767 44.1401 13.5
    endloop
  endfacet
  facet normal 0.0359652 -0.999353 0
    outer loop
      vertex 38.8851 44.1476 13.5
      vertex 38.6767 44.1401 2.25
      vertex 38.8851 44.1476 2.25
    endloop
  endfacet
  facet normal 0.0988888 -0.995098 0
    outer loop
      vertex 38.8851 44.1476 2.25
      vertex 39.0934 44.1683 13.5
      vertex 38.8851 44.1476 13.5
    endloop
  endfacet
  facet normal 0.0988888 -0.995098 0
    outer loop
      vertex 39.0934 44.1683 13.5
      vertex 38.8851 44.1476 2.25
      vertex 39.0934 44.1683 2.25
    endloop
  endfacet
  facet normal 0.189127 -0.981953 0
    outer loop
      vertex 39.0934 44.1683 2.25
      vertex 39.3016 44.2084 13.5
      vertex 39.0934 44.1683 13.5
    endloop
  endfacet
  facet normal 0.189127 -0.981953 0
    outer loop
      vertex 39.3016 44.2084 13.5
      vertex 39.0934 44.1683 2.25
      vertex 39.3016 44.2084 2.25
    endloop
  endfacet
  facet normal 0.195278 -0.980748 0
    outer loop
      vertex 39.3016 44.2084 2.25
      vertex 39.6843 44.2846 13.5
      vertex 39.3016 44.2084 13.5
    endloop
  endfacet
  facet normal 0.195278 -0.980748 0
    outer loop
      vertex 39.6843 44.2846 13.5
      vertex 39.3016 44.2084 2.25
      vertex 39.6843 44.2846 2.25
    endloop
  endfacet
  facet normal 0.351055 -0.936355 0
    outer loop
      vertex 39.6843 44.2846 2.25
      vertex 40.8763 44.7315 13.5
      vertex 39.6843 44.2846 13.5
    endloop
  endfacet
  facet normal 0.351055 -0.936355 0
    outer loop
      vertex 40.8763 44.7315 13.5
      vertex 39.6843 44.2846 2.25
      vertex 40.8763 44.7315 2.25
    endloop
  endfacet
  facet normal 0.555646 -0.831419 0
    outer loop
      vertex 40.8763 44.7315 2.25
      vertex 41.2007 44.9483 13.5
      vertex 40.8763 44.7315 13.5
    endloop
  endfacet
  facet normal 0.555646 -0.831419 0
    outer loop
      vertex 41.2007 44.9483 13.5
      vertex 40.8763 44.7315 2.25
      vertex 41.2007 44.9483 2.25
    endloop
  endfacet
  facet normal 0.646043 -0.763301 0
    outer loop
      vertex 41.2007 44.9483 2.25
      vertex 42.252 45.8381 13.5
      vertex 41.2007 44.9483 13.5
    endloop
  endfacet
  facet normal 0.646043 -0.763301 0
    outer loop
      vertex 42.252 45.8381 13.5
      vertex 41.2007 44.9483 2.25
      vertex 42.252 45.8381 2.25
    endloop
  endfacet
  facet normal 0.831537 -0.555469 0
    outer loop
      vertex 42.252 45.8381 13.5
      vertex 42.4687 46.1625 2.25
      vertex 42.4687 46.1625 13.5
    endloop
  endfacet
  facet normal 0.831537 -0.555469 0
    outer loop
      vertex 42.4687 46.1625 2.25
      vertex 42.252 45.8381 13.5
      vertex 42.252 45.8381 2.25
    endloop
  endfacet
  facet normal 0.863103 -0.505027 0
    outer loop
      vertex 42.4687 46.1625 13.5
      vertex 43.2179 47.4429 2.25
      vertex 43.2179 47.4429 13.5
    endloop
  endfacet
  facet normal 0.863103 -0.505027 0
    outer loop
      vertex 43.2179 47.4429 2.25
      vertex 42.4687 46.1625 13.5
      vertex 42.4687 46.1625 2.25
    endloop
  endfacet
  facet normal 0.980738 -0.195327 0
    outer loop
      vertex 43.2179 47.4429 13.5
      vertex 43.2941 47.8255 2.25
      vertex 43.2941 47.8255 13.5
    endloop
  endfacet
  facet normal 0.980738 -0.195327 0
    outer loop
      vertex 43.2941 47.8255 2.25
      vertex 43.2179 47.4429 13.5
      vertex 43.2179 47.4429 2.25
    endloop
  endfacet
  facet normal 0.984793 -0.173733 0
    outer loop
      vertex 43.2941 47.8255 13.5
      vertex 43.5797 49.4444 2.25
      vertex 43.5797 49.4444 13.5
    endloop
  endfacet
  facet normal 0.984793 -0.173733 0
    outer loop
      vertex 43.5797 49.4444 2.25
      vertex 43.2941 47.8255 13.5
      vertex 43.2941 47.8255 2.25
    endloop
  endfacet
  facet normal 0.998456 0.0555407 0
    outer loop
      vertex 43.5797 49.4444 13.5
      vertex 43.571 49.6008 2.25
      vertex 43.571 49.6008 13.5
    endloop
  endfacet
  facet normal 0.998456 0.0555407 0
    outer loop
      vertex 43.571 49.6008 2.25
      vertex 43.5797 49.4444 13.5
      vertex 43.5797 49.4444 2.25
    endloop
  endfacet
  facet normal 0.992607 0.121375 0
    outer loop
      vertex 43.571 49.6008 13.5
      vertex 43.5328 49.9132 2.25
      vertex 43.5328 49.9132 13.5
    endloop
  endfacet
  facet normal 0.992607 0.121375 0
    outer loop
      vertex 43.5328 49.9132 2.25
      vertex 43.571 49.6008 13.5
      vertex 43.571 49.6008 2.25
    endloop
  endfacet
  facet normal 0.998417 0.0562488 0
    outer loop
      vertex 43.5328 49.9132 13.5
      vertex 43.524 50.0694 2.25
      vertex 43.524 50.0694 13.5
    endloop
  endfacet
  facet normal 0.998417 0.0562488 0
    outer loop
      vertex 43.524 50.0694 2.25
      vertex 43.5328 49.9132 13.5
      vertex 43.5328 49.9132 2.25
    endloop
  endfacet
  facet normal 0.980797 0.195032 0
    outer loop
      vertex 43.524 50.0694 13.5
      vertex 43.4479 50.4521 2.25
      vertex 43.4479 50.4521 13.5
    endloop
  endfacet
  facet normal 0.980797 0.195032 0
    outer loop
      vertex 43.4479 50.4521 2.25
      vertex 43.524 50.0694 13.5
      vertex 43.524 50.0694 2.25
    endloop
  endfacet
  facet normal 0.971701 0.236213 0
    outer loop
      vertex 43.4479 50.4521 13.5
      vertex 42.9834 52.3629 2.25
      vertex 42.9834 52.3629 13.5
    endloop
  endfacet
  facet normal 0.971701 0.236213 0
    outer loop
      vertex 42.9834 52.3629 2.25
      vertex 43.4479 50.4521 13.5
      vertex 43.4479 50.4521 2.25
    endloop
  endfacet
  facet normal 0.840161 0.542337 0
    outer loop
      vertex 42.9834 52.3629 13.5
      vertex 42.1492 53.6552 2.25
      vertex 42.1492 53.6552 13.5
    endloop
  endfacet
  facet normal 0.840161 0.542337 0
    outer loop
      vertex 42.1492 53.6552 2.25
      vertex 42.9834 52.3629 13.5
      vertex 42.9834 52.3629 2.25
    endloop
  endfacet
  facet normal 0.831419 0.555646 0
    outer loop
      vertex 42.1492 53.6552 13.5
      vertex 41.9324 53.9796 2.25
      vertex 41.9324 53.9796 13.5
    endloop
  endfacet
  facet normal 0.831419 0.555646 0
    outer loop
      vertex 41.9324 53.9796 2.25
      vertex 42.1492 53.6552 13.5
      vertex 42.1492 53.6552 2.25
    endloop
  endfacet
  facet normal 0.555646 0.831419 -0
    outer loop
      vertex 41.9324 53.9796 2.25
      vertex 41.608 54.1964 13.5
      vertex 41.9324 53.9796 13.5
    endloop
  endfacet
  facet normal 0.555646 0.831419 0
    outer loop
      vertex 41.608 54.1964 13.5
      vertex 41.9324 53.9796 2.25
      vertex 41.608 54.1964 2.25
    endloop
  endfacet
  facet normal 0.548823 0.835938 -0
    outer loop
      vertex 41.608 54.1964 2.25
      vertex 40.4926 54.9287 13.5
      vertex 41.608 54.1964 13.5
    endloop
  endfacet
  facet normal 0.548823 0.835938 0
    outer loop
      vertex 40.4926 54.9287 13.5
      vertex 41.608 54.1964 2.25
      vertex 40.4926 54.9287 2.25
    endloop
  endfacet
  facet normal 0.195032 0.980797 -0
    outer loop
      vertex 40.4926 54.9287 2.25
      vertex 40.1099 55.0048 13.5
      vertex 40.4926 54.9287 13.5
    endloop
  endfacet
  facet normal 0.195032 0.980797 0
    outer loop
      vertex 40.1099 55.0048 13.5
      vertex 40.4926 54.9287 2.25
      vertex 40.1099 55.0048 2.25
    endloop
  endfacet
  facet normal 0.174021 0.984742 -0
    outer loop
      vertex 40.1099 55.0048 2.25
      vertex 38.8016 55.236 13.5
      vertex 40.1099 55.0048 13.5
    endloop
  endfacet
  facet normal 0.174021 0.984742 0
    outer loop
      vertex 38.8016 55.236 13.5
      vertex 40.1099 55.0048 2.25
      vertex 38.8016 55.236 2.25
    endloop
  endfacet
  facet normal -0.00576359 0.999983 0
    outer loop
      vertex 38.8016 55.236 2.25
      vertex 38.5934 55.2348 13.5
      vertex 38.8016 55.236 13.5
    endloop
  endfacet
  facet normal -0.00576359 0.999983 0
    outer loop
      vertex 38.5934 55.2348 13.5
      vertex 38.8016 55.236 2.25
      vertex 38.5934 55.2348 2.25
    endloop
  endfacet
  facet normal -0.0359824 0.999352 0
    outer loop
      vertex 38.5934 55.2348 2.25
      vertex 38.3851 55.2273 13.5
      vertex 38.5934 55.2348 13.5
    endloop
  endfacet
  facet normal -0.0359824 0.999352 0
    outer loop
      vertex 38.3851 55.2273 13.5
      vertex 38.5934 55.2348 2.25
      vertex 38.3851 55.2273 2.25
    endloop
  endfacet
  facet normal -0.0988418 0.995103 0
    outer loop
      vertex 38.3851 55.2273 2.25
      vertex 38.1767 55.2066 13.5
      vertex 38.3851 55.2273 13.5
    endloop
  endfacet
  facet normal -0.0988418 0.995103 0
    outer loop
      vertex 38.1767 55.2066 13.5
      vertex 38.3851 55.2273 2.25
      vertex 38.1767 55.2066 2.25
    endloop
  endfacet
  facet normal -0.18904 0.981969 0
    outer loop
      vertex 38.1767 55.2066 2.25
      vertex 37.9684 55.1665 13.5
      vertex 38.1767 55.2066 13.5
    endloop
  endfacet
  facet normal -0.18904 0.981969 0
    outer loop
      vertex 37.9684 55.1665 13.5
      vertex 38.1767 55.2066 2.25
      vertex 37.9684 55.1665 2.25
    endloop
  endfacet
  facet normal -0.195081 0.980787 0
    outer loop
      vertex 37.9684 55.1665 2.25
      vertex 37.5858 55.0904 13.5
      vertex 37.9684 55.1665 13.5
    endloop
  endfacet
  facet normal -0.195081 0.980787 0
    outer loop
      vertex 37.5858 55.0904 13.5
      vertex 37.9684 55.1665 2.25
      vertex 37.5858 55.0904 2.25
    endloop
  endfacet
  facet normal -0.416918 0.908944 0
    outer loop
      vertex 37.5858 55.0904 2.25
      vertex 36.4434 54.5664 13.5
      vertex 37.5858 55.0904 13.5
    endloop
  endfacet
  facet normal -0.416918 0.908944 0
    outer loop
      vertex 36.4434 54.5664 13.5
      vertex 37.5858 55.0904 2.25
      vertex 36.4434 54.5664 2.25
    endloop
  endfacet
  facet normal -0.555528 0.831498 0
    outer loop
      vertex 36.4434 54.5664 2.25
      vertex 36.1189 54.3496 13.5
      vertex 36.4434 54.5664 13.5
    endloop
  endfacet
  facet normal -0.555528 0.831498 0
    outer loop
      vertex 36.1189 54.3496 13.5
      vertex 36.4434 54.5664 2.25
      vertex 36.1189 54.3496 2.25
    endloop
  endfacet
  facet normal -0.730008 0.683439 0
    outer loop
      vertex 35.1224 53.2852 2.25
      vertex 36.1189 54.3496 13.5
      vertex 36.1189 54.3496 2.25
    endloop
  endfacet
  facet normal -0.730008 0.683439 0
    outer loop
      vertex 36.1189 54.3496 13.5
      vertex 35.1224 53.2852 2.25
      vertex 35.1224 53.2852 13.5
    endloop
  endfacet
  facet normal -0.831537 0.555469 0
    outer loop
      vertex 34.9057 52.9608 2.25
      vertex 35.1224 53.2852 13.5
      vertex 35.1224 53.2852 2.25
    endloop
  endfacet
  facet normal -0.831537 0.555469 0
    outer loop
      vertex 35.1224 53.2852 13.5
      vertex 34.9057 52.9608 2.25
      vertex 34.9057 52.9608 13.5
    endloop
  endfacet
  facet normal -0.901472 0.432837 0
    outer loop
      vertex 34.2008 51.4927 2.25
      vertex 34.9057 52.9608 13.5
      vertex 34.9057 52.9608 2.25
    endloop
  endfacet
  facet normal -0.901472 0.432837 0
    outer loop
      vertex 34.9057 52.9608 13.5
      vertex 34.2008 51.4927 2.25
      vertex 34.2008 51.4927 13.5
    endloop
  endfacet
  facet normal -0.980748 0.195278 0
    outer loop
      vertex 34.1246 51.11 2.25
      vertex 34.2008 51.4927 13.5
      vertex 34.2008 51.4927 2.25
    endloop
  endfacet
  facet normal -0.980748 0.195278 0
    outer loop
      vertex 34.2008 51.4927 13.5
      vertex 34.1246 51.11 2.25
      vertex 34.1246 51.11 13.5
    endloop
  endfacet
  facet normal -0.988331 0.152323 0
    outer loop
      vertex 33.8572 49.375 2.25
      vertex 34.1246 51.11 13.5
      vertex 34.1246 51.11 2.25
    endloop
  endfacet
  facet normal -0.988331 0.152323 0
    outer loop
      vertex 34.1246 51.11 13.5
      vertex 33.8572 49.375 2.25
      vertex 33.8572 49.375 13.5
    endloop
  endfacet
  facet normal -0.999982 -0.00598075 0
    outer loop
      vertex 33.8582 49.2078 2.25
      vertex 33.8572 49.375 13.5
      vertex 33.8572 49.375 2.25
    endloop
  endfacet
  facet normal -0.999982 -0.00598075 0
    outer loop
      vertex 33.8572 49.375 13.5
      vertex 33.8582 49.2078 2.25
      vertex 33.8582 49.2078 13.5
    endloop
  endfacet
  facet normal -0.999446 -0.0332964 0
    outer loop
      vertex 33.8642 49.0277 2.25
      vertex 33.8582 49.2078 13.5
      vertex 33.8582 49.2078 2.25
    endloop
  endfacet
  facet normal -0.999446 -0.0332964 0
    outer loop
      vertex 33.8582 49.2078 13.5
      vertex 33.8642 49.0277 2.25
      vertex 33.8642 49.0277 13.5
    endloop
  endfacet
  facet normal -0.995825 -0.0912839 0
    outer loop
      vertex 33.8807 48.8477 2.25
      vertex 33.8642 49.0277 13.5
      vertex 33.8642 49.0277 2.25
    endloop
  endfacet
  facet normal -0.995825 -0.0912839 0
    outer loop
      vertex 33.8642 49.0277 13.5
      vertex 33.8807 48.8477 2.25
      vertex 33.8807 48.8477 13.5
    endloop
  endfacet
  facet normal -0.982065 -0.188542 0
    outer loop
      vertex 33.9128 48.6805 2.25
      vertex 33.8807 48.8477 13.5
      vertex 33.8807 48.8477 2.25
    endloop
  endfacet
  facet normal -0.982065 -0.188542 0
    outer loop
      vertex 33.8807 48.8477 13.5
      vertex 33.9128 48.6805 2.25
      vertex 33.9128 48.6805 13.5
    endloop
  endfacet
  facet normal -0.980748 -0.195278 0
    outer loop
      vertex 33.989 48.2978 2.25
      vertex 33.9128 48.6805 13.5
      vertex 33.9128 48.6805 2.25
    endloop
  endfacet
  facet normal -0.980748 -0.195278 0
    outer loop
      vertex 33.9128 48.6805 13.5
      vertex 33.989 48.2978 2.25
      vertex 33.989 48.2978 13.5
    endloop
  endfacet
  facet normal -0.964758 -0.263138 0
    outer loop
      vertex 34.4116 46.7484 2.25
      vertex 33.989 48.2978 13.5
      vertex 33.989 48.2978 2.25
    endloop
  endfacet
  facet normal -0.964758 -0.263138 0
    outer loop
      vertex 33.989 48.2978 13.5
      vertex 34.4116 46.7484 2.25
      vertex 34.4116 46.7484 13.5
    endloop
  endfacet
  facet normal -0.831498 -0.555528 0
    outer loop
      vertex 34.6284 46.4239 2.25
      vertex 34.4116 46.7484 13.5
      vertex 34.4116 46.7484 2.25
    endloop
  endfacet
  facet normal -0.831498 -0.555528 0
    outer loop
      vertex 34.4116 46.7484 13.5
      vertex 34.6284 46.4239 2.25
      vertex 34.6284 46.4239 13.5
    endloop
  endfacet
  facet normal -0.813038 -0.582211 0
    outer loop
      vertex 35.4209 45.3172 2.25
      vertex 34.6284 46.4239 13.5
      vertex 34.6284 46.4239 2.25
    endloop
  endfacet
  facet normal -0.813038 -0.582211 0
    outer loop
      vertex 34.6284 46.4239 13.5
      vertex 35.4209 45.3172 2.25
      vertex 35.4209 45.3172 13.5
    endloop
  endfacet
  facet normal -0.555646 -0.831419 0
    outer loop
      vertex 35.4209 45.3172 2.25
      vertex 35.7453 45.1004 13.5
      vertex 35.4209 45.3172 13.5
    endloop
  endfacet
  facet normal -0.555646 -0.831419 -0
    outer loop
      vertex 35.7453 45.1004 13.5
      vertex 35.4209 45.3172 2.25
      vertex 35.7453 45.1004 2.25
    endloop
  endfacet
  facet normal -0.525842 -0.850582 0
    outer loop
      vertex 35.7453 45.1004 2.25
      vertex 36.8192 44.4365 13.5
      vertex 35.7453 45.1004 13.5
    endloop
  endfacet
  facet normal -0.525842 -0.850582 -0
    outer loop
      vertex 36.8192 44.4365 13.5
      vertex 35.7453 45.1004 2.25
      vertex 36.8192 44.4365 2.25
    endloop
  endfacet
  facet normal -0.195327 -0.980738 0
    outer loop
      vertex 36.8192 44.4365 2.25
      vertex 37.2018 44.3603 13.5
      vertex 36.8192 44.4365 13.5
    endloop
  endfacet
  facet normal -0.195327 -0.980738 -0
    outer loop
      vertex 37.2018 44.3603 13.5
      vertex 36.8192 44.4365 2.25
      vertex 37.2018 44.3603 2.25
    endloop
  endfacet
  facet normal -0.172188 -0.985064 0
    outer loop
      vertex 37.2018 44.3603 2.25
      vertex 38.4684 44.1389 13.5
      vertex 37.2018 44.3603 13.5
    endloop
  endfacet
  facet normal -0.172188 -0.985064 -0
    outer loop
      vertex 38.4684 44.1389 13.5
      vertex 37.2018 44.3603 2.25
      vertex 38.4684 44.1389 2.25
    endloop
  endfacet
  facet normal 0.00576083 -0.999983 0
    outer loop
      vertex 38.4684 44.1389 2.25
      vertex 38.6767 44.1401 13.5
      vertex 38.4684 44.1389 13.5
    endloop
  endfacet
  facet normal 0.00576083 -0.999983 0
    outer loop
      vertex 38.6767 44.1401 13.5
      vertex 38.4684 44.1389 2.25
      vertex 38.6767 44.1401 2.25
    endloop
  endfacet
endsolid OpenSCAD_Model
